source,content,price,product_type,vendor
3-in-1-total-care-facial-eye-neck,"Product Name: 3 in 1 Total Care Set
Description: A complete skincare solution designed to target the face, eyes, and neck. Each device is optimized for its specific area, working together to support a smoother-looking appearance and overall skin vitality. Key Highlights Targeted multi-area care for face, eyes, and neck Complete skin care system for a balanced, refreshed Multi-technology combination designed for comprehensive Technology Thermal Care Microcurrent (EMS) LED Light Therapy Micro-Vibration lon Care Product Details 3 Devices Set | Facial + Eye + Neck Care | Multi-Mode System | Compact Storage
[Available Options & Prices]
- [Title: Default Title] => Total Price: $349.0 | Availability: Stock info unavailable",349.0,Massage Chair,KAVVIA
3d-drift,"Product Name: 3D Drift
Description: 3D Massage Mechanism Brushless Motor Automatic Body Scan Zero Gravity Technology 4” Space-Saving Design SL-Track System 12 Auto Massage Programs 5 Manual Massage Programs Wide Armrest 32-Cell Full Body Air Massage Silent Foot Rollers Spring-Loaded Extendable Footrest Adjustable Lumbar Heating const externalURL = ""https://ota-shawn.github.io/Products/Titan/3D%20Drift.html"" $(""#externalURL"").load(externalURL, () => { $(""#externalURL"").contents().unwrap() })
[Available Options & Prices]
- [Color: Taupe / Delivery: Curbside Delivery - Free / Warranty: 1 Year (Parts/Labor) 2&3 Year (Parts Only) - Free] => Total Price: $3999.0 | Availability: Stock info unavailable
- [Color: Taupe / Delivery: Curbside Delivery - Free / Warranty: 1 Year Extended (Parts/Labor) - $249.95] => Total Price: $4248.95 | Availability: Stock info unavailable
- [Color: Taupe / Delivery: Curbside Delivery - Free / Warranty: 2 Year Extended (Parts/Labor) - $349.95] => Total Price: $4348.95 | Availability: Stock info unavailable
- [Color: Taupe / Delivery: White Glove Delivery - $275 / Warranty: 1 Year (Parts/Labor) 2&3 Year (Parts Only) - Free] => Total Price: $4274.0 | Availability: Stock info unavailable
- [Color: Taupe / Delivery: White Glove Delivery - $275 / Warranty: 1 Year Extended (Parts/Labor) - $249.95] => Total Price: $4523.95 | Availability: Stock info unavailable
- [Color: Taupe / Delivery: White Glove Delivery - $275 / Warranty: 2 Year Extended (Parts/Labor) - $349.95] => Total Price: $4623.95 | Availability: Stock info unavailable
- [Color: Dark Brown / Delivery: Curbside Delivery - Free / Warranty: 1 Year (Parts/Labor) 2&3 Year (Parts Only) - Free] => Total Price: $3999.0 | Availability: Stock info unavailable
- [Color: Dark Brown / Delivery: Curbside Delivery - Free / Warranty: 1 Year Extended (Parts/Labor) - $249.95] => Total Price: $4248.95 | Availability: Stock info unavailable
- [Color: Dark Brown / Delivery: Curbside Delivery - Free / Warranty: 2 Year Extended (Parts/Labor) - $349.95] => Total Price: $4348.95 | Availability: Stock info unavailable
- [Color: Dark Brown / Delivery: White Glove Delivery - $275 / Warranty: 1 Year (Parts/Labor) 2&3 Year (Parts Only) - Free] => Total Price: $4274.0 | Availability: Stock info unavailable
- [Color: Dark Brown / Delivery: White Glove Delivery - $275 / Warranty: 1 Year Extended (Parts/Labor) - $249.95] => Total Price: $4523.95 | Availability: Stock info unavailable
- [Color: Dark Brown / Delivery: White Glove Delivery - $275 / Warranty: 2 Year Extended (Parts/Labor) - $349.95] => Total Price: $4623.95 | Availability: Stock info unavailable
- [Color: Black / Delivery: Curbside Delivery - Free / Warranty: 1 Year (Parts/Labor) 2&3 Year (Parts Only) - Free] => Total Price: $3999.0 | Availability: Stock info unavailable
- [Color: Black / Delivery: Curbside Delivery - Free / Warranty: 1 Year Extended (Parts/Labor) - $249.95] => Total Price: $4248.95 | Availability: Stock info unavailable
- [Color: Black / Delivery: Curbside Delivery - Free / Warranty: 2 Year Extended (Parts/Labor) - $349.95] => Total Price: $4348.95 | Availability: Stock info unavailable
- [Color: Black / Delivery: White Glove Delivery - $275 / Warranty: 1 Year (Parts/Labor) 2&3 Year (Parts Only) - Free] => Total Price: $4274.0 | Availability: Stock info unavailable
- [Color: Black / Delivery: White Glove Delivery - $275 / Warranty: 1 Year Extended (Parts/Labor) - $249.95] => Total Price: $4523.95 | Availability: Stock info unavailable
- [Color: Black / Delivery: White Glove Delivery - $275 / Warranty: 2 Year Extended (Parts/Labor) - $349.95] => Total Price: $4623.95 | Availability: Stock info unavailable",3999.0,Massage Chair,Titan
4d-advent,"Product Name: Titan 4D Advent
Description: 4D Massage Mechanism Spinning Calf Roller Massage Automatic Body Scan 3-Stage Zero Gravity Reclining SL-Track 24 Auto Massage Programs 6 Manual Massage Programs 34-Cell Full Body Air Massage 3 Specialized Foot Rollers Automatic Extendable Footrest Lumbar and Feet Heating Therapy const externalURL = ""https://ota-shawn.github.io/Products/Titan/Advent.html"" $(""#externalURL"").load(externalURL, () => { $(""#externalURL"").contents().unwrap() })
[Available Options & Prices]
- [Color: Black / Delivery: Curbside Delivery - Free / Warranty: 1 Year(Parts/Labor) 2&3 Year(Parts Only) - Free] => Total Price: $7999.0 | Availability: Stock info unavailable
- [Color: Black / Delivery: Curbside Delivery - Free / Warranty: 1 Year Extended(Parts/Labor) - $249.95] => Total Price: $8248.95 | Availability: Stock info unavailable
- [Color: Black / Delivery: Curbside Delivery - Free / Warranty: 2 Year Extended(Parts/Labor) - $349.95] => Total Price: $8348.95 | Availability: Stock info unavailable
- [Color: Black / Delivery: White Glove Delivery (Installation) - $275 / Warranty: 1 Year(Parts/Labor) 2&3 Year(Parts Only) - Free] => Total Price: $8274.0 | Availability: Stock info unavailable
- [Color: Black / Delivery: White Glove Delivery (Installation) - $275 / Warranty: 1 Year Extended(Parts/Labor) - $249.95] => Total Price: $8523.95 | Availability: Stock info unavailable
- [Color: Black / Delivery: White Glove Delivery (Installation) - $275 / Warranty: 2 Year Extended(Parts/Labor) - $349.95] => Total Price: $8623.95 | Availability: Stock info unavailable
- [Color: Brown / Delivery: Curbside Delivery - Free / Warranty: 1 Year(Parts/Labor) 2&3 Year(Parts Only) - Free] => Total Price: $7999.0 | Availability: Stock info unavailable
- [Color: Brown / Delivery: Curbside Delivery - Free / Warranty: 1 Year Extended(Parts/Labor) - $249.95] => Total Price: $8248.95 | Availability: Stock info unavailable
- [Color: Brown / Delivery: Curbside Delivery - Free / Warranty: 2 Year Extended(Parts/Labor) - $349.95] => Total Price: $8348.95 | Availability: Stock info unavailable
- [Color: Brown / Delivery: White Glove Delivery (Installation) - $275 / Warranty: 1 Year(Parts/Labor) 2&3 Year(Parts Only) - Free] => Total Price: $8274.0 | Availability: Stock info unavailable
- [Color: Brown / Delivery: White Glove Delivery (Installation) - $275 / Warranty: 1 Year Extended(Parts/Labor) - $249.95] => Total Price: $8523.95 | Availability: Stock info unavailable
- [Color: Brown / Delivery: White Glove Delivery (Installation) - $275 / Warranty: 2 Year Extended(Parts/Labor) - $349.95] => Total Price: $8623.95 | Availability: Stock info unavailable
- [Color: Taupe / Delivery: Curbside Delivery - Free / Warranty: 1 Year(Parts/Labor) 2&3 Year(Parts Only) - Free] => Total Price: $7999.0 | Availability: Stock info unavailable
- [Color: Taupe / Delivery: Curbside Delivery - Free / Warranty: 1 Year Extended(Parts/Labor) - $249.95] => Total Price: $8248.95 | Availability: Stock info unavailable
- [Color: Taupe / Delivery: Curbside Delivery - Free / Warranty: 2 Year Extended(Parts/Labor) - $349.95] => Total Price: $8348.95 | Availability: Stock info unavailable
- [Color: Taupe / Delivery: White Glove Delivery (Installation) - $275 / Warranty: 1 Year(Parts/Labor) 2&3 Year(Parts Only) - Free] => Total Price: $8274.0 | Availability: Stock info unavailable
- [Color: Taupe / Delivery: White Glove Delivery (Installation) - $275 / Warranty: 1 Year Extended(Parts/Labor) - $249.95] => Total Price: $8523.95 | Availability: Stock info unavailable
- [Color: Taupe / Delivery: White Glove Delivery (Installation) - $275 / Warranty: 2 Year Extended(Parts/Labor) - $349.95] => Total Price: $8623.95 | Availability: Stock info unavailable",7999.0,Massage Chair,Titan
4d-panorama,"Product Name: 4D Panorama
Description: 4D Massage Mechanism 53” SL Track Dual Guide Rail Signature - Deep Calf Kneading Triple Foot Reflexology Automatic Body Scan Space Saving Technology Lumbar &amp; Feet Heat Therapy 24 Auto Massage Programs 24-Cell Full Body Air Massage Automatic Extendable Footrest 3 Stage Zero Gravity Wireless Charging HD Bluetooth Speakers Shortcut Panels const externalURL = ""https://ota-shawn.github.io/Products/Osaki/Panorama.html""; $(""#externalURL"").load(externalURL, () => { $(""#externalURL"").contents().unwrap(); });
[Available Options & Prices]
- [Color: Brown / Delivery: Curbside - Free / Warranty: 1 Year (Parts/Labor) 2&3 Year (Parts Only) - Free] => Total Price: $8999.0 | Availability: Stock info unavailable
- [Color: Brown / Delivery: Curbside - Free / Warranty: 1 Year Extended (Parts/Labor) - $249.95] => Total Price: $9248.95 | Availability: Stock info unavailable
- [Color: Brown / Delivery: Curbside - Free / Warranty: 2 Year Extended (Parts/Labor) - $349.95] => Total Price: $9348.95 | Availability: Stock info unavailable
- [Color: Brown / Delivery: White Glove - $275 / Warranty: 1 Year (Parts/Labor) 2&3 Year (Parts Only) - Free] => Total Price: $9274.0 | Availability: Stock info unavailable
- [Color: Brown / Delivery: White Glove - $275 / Warranty: 1 Year Extended (Parts/Labor) - $249.95] => Total Price: $9523.95 | Availability: Stock info unavailable
- [Color: Brown / Delivery: White Glove - $275 / Warranty: 2 Year Extended (Parts/Labor) - $349.95] => Total Price: $9623.95 | Availability: Stock info unavailable
- [Color: Black / Delivery: Curbside - Free / Warranty: 1 Year (Parts/Labor) 2&3 Year (Parts Only) - Free] => Total Price: $8999.0 | Availability: Stock info unavailable
- [Color: Black / Delivery: Curbside - Free / Warranty: 1 Year Extended (Parts/Labor) - $249.95] => Total Price: $9248.95 | Availability: Stock info unavailable
- [Color: Black / Delivery: Curbside - Free / Warranty: 2 Year Extended (Parts/Labor) - $349.95] => Total Price: $9348.95 | Availability: Stock info unavailable
- [Color: Black / Delivery: White Glove - $275 / Warranty: 1 Year (Parts/Labor) 2&3 Year (Parts Only) - Free] => Total Price: $9274.0 | Availability: Stock info unavailable
- [Color: Black / Delivery: White Glove - $275 / Warranty: 1 Year Extended (Parts/Labor) - $249.95] => Total Price: $9523.95 | Availability: Stock info unavailable
- [Color: Black / Delivery: White Glove - $275 / Warranty: 2 Year Extended (Parts/Labor) - $349.95] => Total Price: $9623.95 | Availability: Stock info unavailable",8999.0,Massage Chair,Osaki
4d-zion,"Product Name: 4D Zion
Description: Automatic Body Scan System 4D Mechanism Voice Command SL Track System Space Saving Technology Adjustable Shoulder Massager Arm Paddles / Rollers Heating Therapy 32-Cell Full Body Air Massage Automatic Extendable Footrest 2 Calf Rollers Specialized Foot Care Wireless Charging Bluetooth Speakers const externalURL = ""https://ota-shawn.github.io/Products/Osaki/4D%20Zion.html"" $(""#externalURL"").load(externalURL, () => { $(""#externalURL"").contents().unwrap() })
[Available Options & Prices]
- [Color: Black / Delivery: Curbside Delivery - Free / Warranty: 1 Year(Parts/Labor) 2&3 Year(Parts Only) - Free] => Total Price: $10499.0 | Availability: Stock info unavailable
- [Color: Black / Delivery: Curbside Delivery - Free / Warranty: 1 Year Extended(Parts/Labor) - $249.95] => Total Price: $10748.95 | Availability: Stock info unavailable
- [Color: Black / Delivery: Curbside Delivery - Free / Warranty: 2 Year Extended(Parts/Labor) - $349.95] => Total Price: $10848.95 | Availability: Stock info unavailable
- [Color: Black / Delivery: White Glove Delivery (Installation)- $275 / Warranty: 1 Year(Parts/Labor) 2&3 Year(Parts Only) - Free] => Total Price: $10774.0 | Availability: Stock info unavailable
- [Color: Black / Delivery: White Glove Delivery (Installation)- $275 / Warranty: 1 Year Extended(Parts/Labor) - $249.95] => Total Price: $11023.95 | Availability: Stock info unavailable
- [Color: Black / Delivery: White Glove Delivery (Installation)- $275 / Warranty: 2 Year Extended(Parts/Labor) - $349.95] => Total Price: $11123.95 | Availability: Stock info unavailable
- [Color: Brown / Delivery: Curbside Delivery - Free / Warranty: 1 Year(Parts/Labor) 2&3 Year(Parts Only) - Free] => Total Price: $10499.0 | Availability: Stock info unavailable
- [Color: Brown / Delivery: Curbside Delivery - Free / Warranty: 1 Year Extended(Parts/Labor) - $249.95] => Total Price: $10748.95 | Availability: Stock info unavailable
- [Color: Brown / Delivery: Curbside Delivery - Free / Warranty: 2 Year Extended(Parts/Labor) - $349.95] => Total Price: $10848.95 | Availability: Stock info unavailable
- [Color: Brown / Delivery: White Glove Delivery (Installation)- $275 / Warranty: 1 Year(Parts/Labor) 2&3 Year(Parts Only) - Free] => Total Price: $10774.0 | Availability: Stock info unavailable
- [Color: Brown / Delivery: White Glove Delivery (Installation)- $275 / Warranty: 1 Year Extended(Parts/Labor) - $249.95] => Total Price: $11023.95 | Availability: Stock info unavailable
- [Color: Brown / Delivery: White Glove Delivery (Installation)- $275 / Warranty: 2 Year Extended(Parts/Labor) - $349.95] => Total Price: $11123.95 | Availability: Stock info unavailable
- [Color: Taupe / Delivery: Curbside Delivery - Free / Warranty: 1 Year(Parts/Labor) 2&3 Year(Parts Only) - Free] => Total Price: $10499.0 | Availability: Stock info unavailable
- [Color: Taupe / Delivery: Curbside Delivery - Free / Warranty: 1 Year Extended(Parts/Labor) - $249.95] => Total Price: $10748.95 | Availability: Stock info unavailable
- [Color: Taupe / Delivery: Curbside Delivery - Free / Warranty: 2 Year Extended(Parts/Labor) - $349.95] => Total Price: $10848.95 | Availability: Stock info unavailable
- [Color: Taupe / Delivery: White Glove Delivery (Installation)- $275 / Warranty: 1 Year(Parts/Labor) 2&3 Year(Parts Only) - Free] => Total Price: $10774.0 | Availability: Stock info unavailable
- [Color: Taupe / Delivery: White Glove Delivery (Installation)- $275 / Warranty: 1 Year Extended(Parts/Labor) - $249.95] => Total Price: $11023.95 | Availability: Stock info unavailable
- [Color: Taupe / Delivery: White Glove Delivery (Installation)- $275 / Warranty: 2 Year Extended(Parts/Labor) - $349.95] => Total Price: $11123.95 | Availability: Stock info unavailable",10499.0,Massage Chair,Osaki
ador-3d-allure,"Product Name: Ador 3D Allure
Description: Intelligent Voice Control Computer Body Scan System 3D Massage Mechanism SL-Track Full Body Compression Massage 3 Steps Zero Gravity Space Saving Technology 21 Auto Programs &amp; 6 Massage Styles Triple Action Foot Massager &amp; Calf Roller Lumbar Heat Therapy Calf Kneading Extendable Footrest Surround Sound Bluetooth Speakers const externalURL = ""https://ota-shawn.github.io/Products/Ador/Ador%20AD-Allure.html""; $(""#externalURL"").load(externalURL, () => { $(""#externalURL"").contents().unwrap(); });
[Available Options & Prices]
- [Color: Black & Charcoal / Delivery: Curbside Delivery - Free / Warranty: 1 Year(Parts/Labor) 2&3 Year(Parts Only) - Free] => Total Price: $4999.0 | Availability: Stock info unavailable
- [Color: Black & Charcoal / Delivery: Curbside Delivery - Free / Warranty: 1 Year Extended(Parts/Labor) - $249.95] => Total Price: $5248.95 | Availability: Stock info unavailable
- [Color: Black & Charcoal / Delivery: Curbside Delivery - Free / Warranty: 2 Year Extended(Parts/Labor) - $349.95] => Total Price: $5348.95 | Availability: Stock info unavailable
- [Color: Black & Charcoal / Delivery: White Glove Delivery (Installation)- $275 / Warranty: 1 Year(Parts/Labor) 2&3 Year(Parts Only) - Free] => Total Price: $5274.0 | Availability: Stock info unavailable
- [Color: Black & Charcoal / Delivery: White Glove Delivery (Installation)- $275 / Warranty: 1 Year Extended(Parts/Labor) - $249.95] => Total Price: $5523.95 | Availability: Stock info unavailable
- [Color: Black & Charcoal / Delivery: White Glove Delivery (Installation)- $275 / Warranty: 2 Year Extended(Parts/Labor) - $349.95] => Total Price: $5623.95 | Availability: Stock info unavailable
- [Color: Black & Brown / Delivery: Curbside Delivery - Free / Warranty: 1 Year(Parts/Labor) 2&3 Year(Parts Only) - Free] => Total Price: $4999.0 | Availability: Stock info unavailable
- [Color: Black & Brown / Delivery: Curbside Delivery - Free / Warranty: 1 Year Extended(Parts/Labor) - $249.95] => Total Price: $5248.95 | Availability: Stock info unavailable
- [Color: Black & Brown / Delivery: Curbside Delivery - Free / Warranty: 2 Year Extended(Parts/Labor) - $349.95] => Total Price: $5348.95 | Availability: Stock info unavailable
- [Color: Black & Brown / Delivery: White Glove Delivery (Installation)- $275 / Warranty: 1 Year(Parts/Labor) 2&3 Year(Parts Only) - Free] => Total Price: $5274.0 | Availability: Stock info unavailable
- [Color: Black & Brown / Delivery: White Glove Delivery (Installation)- $275 / Warranty: 1 Year Extended(Parts/Labor) - $249.95] => Total Price: $5523.95 | Availability: Stock info unavailable
- [Color: Black & Brown / Delivery: White Glove Delivery (Installation)- $275 / Warranty: 2 Year Extended(Parts/Labor) - $349.95] => Total Price: $5623.95 | Availability: Stock info unavailable
- [Color: Taupe / Delivery: Curbside Delivery - Free / Warranty: 1 Year(Parts/Labor) 2&3 Year(Parts Only) - Free] => Total Price: $4999.0 | Availability: Stock info unavailable
- [Color: Taupe / Delivery: Curbside Delivery - Free / Warranty: 1 Year Extended(Parts/Labor) - $249.95] => Total Price: $5248.95 | Availability: Stock info unavailable
- [Color: Taupe / Delivery: Curbside Delivery - Free / Warranty: 2 Year Extended(Parts/Labor) - $349.95] => Total Price: $5348.95 | Availability: Stock info unavailable
- [Color: Taupe / Delivery: White Glove Delivery (Installation)- $275 / Warranty: 1 Year(Parts/Labor) 2&3 Year(Parts Only) - Free] => Total Price: $5274.0 | Availability: Stock info unavailable
- [Color: Taupe / Delivery: White Glove Delivery (Installation)- $275 / Warranty: 1 Year Extended(Parts/Labor) - $249.95] => Total Price: $5523.95 | Availability: Stock info unavailable
- [Color: Taupe / Delivery: White Glove Delivery (Installation)- $275 / Warranty: 2 Year Extended(Parts/Labor) - $349.95] => Total Price: $5623.95 | Availability: Stock info unavailable",4999.0,Massage Chair,Ador
ai-3d-envy,"Product Name: AI 3D Envy
Description: 3D Massage Mechanism AI Body Condition Detector Automatic Body Scan 2-Stage Zero Gravity SL-Track System 12 Auto Programs 6 Manual Programs 38-Cell Full Body Air Massage 2 Specialized Foot Rollers Automatic Extendable Footrest Lumbar &amp; Calf Heat Therapy const externalURL = ""https://ota-shawn.github.io/Products/Osaki/AI%203D%20Envy.html"" $(""#externalURL"").load(externalURL, () => { $(""#externalURL"").contents().unwrap() })
[Available Options & Prices]
- [Color: Beige / Delivery: Curbside Delivery - Free / Warranty: 1 Year(Parts/Labor) 2&3 Year(Parts Only) - Free] => Total Price: $5999.0 | Availability: Stock info unavailable
- [Color: Beige / Delivery: Curbside Delivery - Free / Warranty: 1 Year Extended(Parts/Labor) - $249.95] => Total Price: $6248.95 | Availability: Stock info unavailable
- [Color: Beige / Delivery: Curbside Delivery - Free / Warranty: 2 Year Extended(Parts/Labor) - $349.95] => Total Price: $6348.95 | Availability: Stock info unavailable
- [Color: Beige / Delivery: White Glove Delivery (Installation)- $275 / Warranty: 1 Year(Parts/Labor) 2&3 Year(Parts Only) - Free] => Total Price: $6274.0 | Availability: Stock info unavailable
- [Color: Beige / Delivery: White Glove Delivery (Installation)- $275 / Warranty: 1 Year Extended(Parts/Labor) - $249.95] => Total Price: $6523.95 | Availability: Stock info unavailable
- [Color: Beige / Delivery: White Glove Delivery (Installation)- $275 / Warranty: 2 Year Extended(Parts/Labor) - $349.95] => Total Price: $6623.95 | Availability: Stock info unavailable
- [Color: Brown / Delivery: Curbside Delivery - Free / Warranty: 1 Year(Parts/Labor) 2&3 Year(Parts Only) - Free] => Total Price: $5999.0 | Availability: Stock info unavailable
- [Color: Brown / Delivery: Curbside Delivery - Free / Warranty: 1 Year Extended(Parts/Labor) - $249.95] => Total Price: $6248.95 | Availability: Stock info unavailable
- [Color: Brown / Delivery: Curbside Delivery - Free / Warranty: 2 Year Extended(Parts/Labor) - $349.95] => Total Price: $6348.95 | Availability: Stock info unavailable
- [Color: Brown / Delivery: White Glove Delivery (Installation)- $275 / Warranty: 1 Year(Parts/Labor) 2&3 Year(Parts Only) - Free] => Total Price: $6274.0 | Availability: Stock info unavailable
- [Color: Brown / Delivery: White Glove Delivery (Installation)- $275 / Warranty: 1 Year Extended(Parts/Labor) - $249.95] => Total Price: $6523.95 | Availability: Stock info unavailable
- [Color: Brown / Delivery: White Glove Delivery (Installation)- $275 / Warranty: 2 Year Extended(Parts/Labor) - $349.95] => Total Price: $6623.95 | Availability: Stock info unavailable
- [Color: Black / Delivery: Curbside Delivery - Free / Warranty: 1 Year(Parts/Labor) 2&3 Year(Parts Only) - Free] => Total Price: $5999.0 | Availability: Stock info unavailable
- [Color: Black / Delivery: Curbside Delivery - Free / Warranty: 1 Year Extended(Parts/Labor) - $249.95] => Total Price: $6248.95 | Availability: Stock info unavailable
- [Color: Black / Delivery: Curbside Delivery - Free / Warranty: 2 Year Extended(Parts/Labor) - $349.95] => Total Price: $6348.95 | Availability: Stock info unavailable
- [Color: Black / Delivery: White Glove Delivery (Installation)- $275 / Warranty: 1 Year(Parts/Labor) 2&3 Year(Parts Only) - Free] => Total Price: $6274.0 | Availability: Stock info unavailable
- [Color: Black / Delivery: White Glove Delivery (Installation)- $275 / Warranty: 1 Year Extended(Parts/Labor) - $249.95] => Total Price: $6523.95 | Availability: Stock info unavailable
- [Color: Black / Delivery: White Glove Delivery (Installation)- $275 / Warranty: 2 Year Extended(Parts/Labor) - $349.95] => Total Price: $6623.95 | Availability: Stock info unavailable",5999.0,Massage Chair,Osaki
ai-monarch-le-massage-chair,"Product Name: Osaki Ai Monarch LE Massage Chair
Description: MUSCLE TENSION DETECTION 3D + SONIC MASSAGE MECHANISM BODY SCAN SL-TRACK 40 CELL FULL BODY AIR MASSAGE AUTOMATIC EXTENDABLE FOOTREST LUMBAR &amp; CALVES HEATING THERAPY TOUCH PAD CONTROLLER 12 AUTO PROGRAMS 6 MANUAL MODES HAND REFLEXOLOGY MASSAGE const externalURL = ""https://ota-shawn.github.io/Products/Osaki/Osaki%20Monarch%20LE.html"" $(""#externalURL"").load(externalURL, () => { $(""#externalURL"").contents().unwrap() })
[Available Options & Prices]
- [Color: Black / Delivery: Curbside Delivery - Free / Warranty: 1 Year(Parts/Labor) 2&3 Year(Parts Only) - Free] => Total Price: $2199.0 | Availability: Stock info unavailable
- [Color: Black / Delivery: Curbside Delivery - Free / Warranty: 1 Year Extended(Parts/Labor) - $249.95] => Total Price: $2448.95 | Availability: Stock info unavailable
- [Color: Black / Delivery: Curbside Delivery - Free / Warranty: 2 Year Extended(Parts/Labor) - $349.95] => Total Price: $2548.95 | Availability: Stock info unavailable
- [Color: Black / Delivery: White Glove Delivery (Installation)- $275 / Warranty: 1 Year(Parts/Labor) 2&3 Year(Parts Only) - Free] => Total Price: $2474.0 | Availability: Stock info unavailable
- [Color: Black / Delivery: White Glove Delivery (Installation)- $275 / Warranty: 1 Year Extended(Parts/Labor) - $249.95] => Total Price: $2723.95 | Availability: Stock info unavailable
- [Color: Black / Delivery: White Glove Delivery (Installation)- $275 / Warranty: 2 Year Extended(Parts/Labor) - $349.95] => Total Price: $2823.95 | Availability: Stock info unavailable
- [Color: Brown / Delivery: Curbside Delivery - Free / Warranty: 1 Year(Parts/Labor) 2&3 Year(Parts Only) - Free] => Total Price: $2199.0 | Availability: Stock info unavailable
- [Color: Brown / Delivery: Curbside Delivery - Free / Warranty: 1 Year Extended(Parts/Labor) - $249.95] => Total Price: $2448.95 | Availability: Stock info unavailable
- [Color: Brown / Delivery: Curbside Delivery - Free / Warranty: 2 Year Extended(Parts/Labor) - $349.95] => Total Price: $2548.95 | Availability: Stock info unavailable
- [Color: Brown / Delivery: White Glove Delivery (Installation)- $275 / Warranty: 1 Year(Parts/Labor) 2&3 Year(Parts Only) - Free] => Total Price: $2474.0 | Availability: Stock info unavailable
- [Color: Brown / Delivery: White Glove Delivery (Installation)- $275 / Warranty: 1 Year Extended(Parts/Labor) - $249.95] => Total Price: $2723.95 | Availability: Stock info unavailable
- [Color: Brown / Delivery: White Glove Delivery (Installation)- $275 / Warranty: 2 Year Extended(Parts/Labor) - $349.95] => Total Price: $2823.95 | Availability: Stock info unavailable
- [Color: Taupe / Delivery: Curbside Delivery - Free / Warranty: 1 Year(Parts/Labor) 2&3 Year(Parts Only) - Free] => Total Price: $2199.0 | Availability: Stock info unavailable
- [Color: Taupe / Delivery: Curbside Delivery - Free / Warranty: 1 Year Extended(Parts/Labor) - $249.95] => Total Price: $2448.95 | Availability: Stock info unavailable
- [Color: Taupe / Delivery: Curbside Delivery - Free / Warranty: 2 Year Extended(Parts/Labor) - $349.95] => Total Price: $2548.95 | Availability: Stock info unavailable
- [Color: Taupe / Delivery: White Glove Delivery (Installation)- $275 / Warranty: 1 Year(Parts/Labor) 2&3 Year(Parts Only) - Free] => Total Price: $2474.0 | Availability: Stock info unavailable
- [Color: Taupe / Delivery: White Glove Delivery (Installation)- $275 / Warranty: 1 Year Extended(Parts/Labor) - $249.95] => Total Price: $2723.95 | Availability: Stock info unavailable
- [Color: Taupe / Delivery: White Glove Delivery (Installation)- $275 / Warranty: 2 Year Extended(Parts/Labor) - $349.95] => Total Price: $2823.95 | Availability: Stock info unavailable",2199.0,Massage Chair,Osaki
all-in-one-cleaning-kit-cover-back-pad,"Product Name: All in one (Cleaning kit + Cover + Back Pad)
Description: All in One package including cleaning kit, chair cover and back pad for massage chair
[Available Options & Prices]
- [Title: Default Title] => Total Price: $119.0 | Availability: Stock info unavailable",119.0,Accessory,osakiusa
am-03-heating-scarf,"Product Name: AM-03 Heating Scarf
Description: Heating Scarf
[Available Options & Prices]
- [Title: Default Title] => Total Price: $54.99 | Availability: Stock info unavailable",54.99,Health Product,AmaMedic
am-1085ab-travel-pillow,"Product Name: AM-1085AB Travel Pillow
Description: SOOTHING HEAT 3 MASSAGE MODES INTENSITY CONTROL 15 MINUTE TIMER BOOSTS BLOOD CIRCULATION ENHANCE HAND MOBILITY --> const externalURL = ""https://ota-shawn.github.io/Products/Others/AM-1085AB%20Travel%20Pillow.html"" $(""#externalURL"").load(externalURL, () => { $(""#externalURL"").contents().unwrap() })
[Available Options & Prices]
- [Title: Default Title] => Total Price: $69.99 | Availability: Stock info unavailable",69.99,Portable Massager,AmaMedic
am-206-4-head-massage-gun,"Product Name: AM-206 4 head Massage Gun
Description: const externalURL = ""https://ota-shawn.github.io/Products/Others/AM-206%204%20head%20Massage%20Gun.html"" $(""#externalURL"").load(externalURL, () => { $(""#externalURL"").contents().unwrap() })
[Available Options & Prices]
- [Title: Default Title] => Total Price: $79.99 | Availability: Stock info unavailable",79.99,Portable Massager,AmaMedic
am-23-shiatsu-massage-pillow,"Product Name: AM-23 Shiatsu Massage Pillow
Description: SOOTHING HEAT 3 MASSAGE MODES INTENSITY CONTROL 15 MINUTE TIMER BOOSTS BLOOD CIRCULATION ENHANCE HAND MOBILITY --> const externalURL = ""https://ota-shawn.github.io/Products/Others/AM-23%20Shiatsu%20Massage%20Pillow.html"" $(""#externalURL"").load(externalURL, () => { $(""#externalURL"").contents().unwrap() })
[Available Options & Prices]
- [Title: Default Title] => Total Price: $89.99 | Availability: Stock info unavailable",89.99,Portable Massager,AmaMedic
am-50181-sonic-vibration-foot-massager,"Product Name: AM 50181 Sonic Vibration Foot Massager
Description: 4 MASSAGE HEADS Heat Therapy 3 MASSAGE MODES 3 SHAKING PLATES ERGONOMIC DESIGN const externalURL = ""https://ota-shawn.github.io/Products/Others/AM50181%20Sonic%20Vibration.html"" $(""#externalURL"").load(externalURL, () => { $(""#externalURL"").contents().unwrap() })
[Available Options & Prices]
- [Title: Default Title] => Total Price: $149.99 | Availability: Stock info unavailable",149.99,Portable Massager,AmaMedic
am-528d-foot-soaking-spa,"Product Name: AM-528D Foot Soaking Spa
Description: const externalURL = ""https://ota-shawn.github.io/Products/Others/AM-528D%20Foot%20Soaking%20Spa.html"" $(""#externalURL"").load(externalURL, () => { $(""#externalURL"").contents().unwrap() })
[Available Options & Prices]
- [Title: Default Title] => Total Price: $89.99 | Availability: Stock info unavailable",89.99,Portable Massager,AmaMedic
am-815-knee-massagers,"Product Name: AM-815 Knee Massagers
Description: const externalURL = ""https://ota-shawn.github.io/Products/Others/AM-815%20Knee%20Massagers.html"" $(""#externalURL"").load(externalURL, () => { $(""#externalURL"").contents().unwrap() })
[Available Options & Prices]
- [Title: Default Title] => Total Price: $99.99 | Availability: Stock info unavailable",99.99,Portable Massager,AmaMedic
am-sbq01-forearm-strength-trainer,"Product Name: AM-SBQ01 Forearm Strength trainer
Description: const externalURL = ""https://ota-shawn.github.io/Products/Others/AM-SBQ01%20Forearm%20Strength%20trainer.html"" $(""#externalURL"").load(externalURL, () => { $(""#externalURL"").contents().unwrap() })
[Available Options & Prices]
- [Title: Default Title] => Total Price: $89.99 | Availability: Stock info unavailable",89.99,Portable Massager,AmaMedic
am10027-back-massage-pad,"Product Name: AM10027 Back Massage Pad
Description: SOOTHING HEAT 3 MASSAGE MODES INTENSITY CONTROL 15 MINUTE TIMER BOOSTS BLOOD CIRCULATION ENHANCE HAND MOBILITY --> const externalURL = ""https://ota-shawn.github.io/Products/Others/AM10027%20Back%20Massage%20Pad.html"" <!-- <link href=""https://ota-shawn.github.io/productGlobalCss/style.css"" rel=""stylesheet"" /> --> $(""#externalURL"").load(externalURL, () => { $(""#externalURL"").contents().unwrap() })
[Available Options & Prices]
- [Title: Default Title] => Total Price: $99.99 | Availability: Stock info unavailable",99.99,Portable Massager,AmaMedic
am8017-hand-massager,"Product Name: AM8017 Hand Massager
Description: SOOTHING HEAT 3 MASSAGE MODES INTENSITY CONTROL 15 MINUTE TIMER BOOSTS BLOOD CIRCULATION ENHANCE HAND MOBILITY const externalURL = ""https://ota-shawn.github.io/Products/Others/AM8017%20Hand%20Massager.html"" $(""#externalURL"").load(externalURL, () => { $(""#externalURL"").contents().unwrap() })
[Available Options & Prices]
- [Title: Default Title] => Total Price: $99.99 | Availability: Stock info unavailable",99.99,Portable Massager,AmaMedic
amamedic-3d-astoria,"Product Name: AmaMedic 3D Astoria
Description: Intelligent Voice command Zero Gravity Reclining SL-Track 3D Massage Mechanism 18 Auto Massage Programs 7 Manual Massage Programs 36-Cell Full Body Air Massage Automatic Body Scan Space Saving Technology Calf &amp; Foot Heating const externalURL = ""https://ota-shawn.github.io/Products/Amamedic/Astoria.html"" $(""#externalURL"").load(externalURL, () => { $(""#externalURL"").contents().unwrap() })
[Available Options & Prices]
- [Color: Black / Delivery: Curbside Delivery - Free / Warranty: 1 Year(Parts/Labor) 2&3 Year(Parts Only) - Free] => Total Price: $2199.0 | Availability: Stock info unavailable
- [Color: Black / Delivery: Curbside Delivery - Free / Warranty: 1 Year Extended(Parts/Labor) - $249.95] => Total Price: $2448.95 | Availability: Stock info unavailable
- [Color: Black / Delivery: Curbside Delivery - Free / Warranty: 2 Year Extended(Parts/Labor) - $349.95] => Total Price: $2548.95 | Availability: Stock info unavailable
- [Color: Black / Delivery: White Glove Delivery (Installation)- $275 / Warranty: 1 Year(Parts/Labor) 2&3 Year(Parts Only) - Free] => Total Price: $2474.0 | Availability: Stock info unavailable
- [Color: Black / Delivery: White Glove Delivery (Installation)- $275 / Warranty: 1 Year Extended(Parts/Labor) - $249.95] => Total Price: $2723.95 | Availability: Stock info unavailable
- [Color: Black / Delivery: White Glove Delivery (Installation)- $275 / Warranty: 2 Year Extended(Parts/Labor) - $349.95] => Total Price: $2823.95 | Availability: Stock info unavailable
- [Color: Brown / Delivery: Curbside Delivery - Free / Warranty: 1 Year(Parts/Labor) 2&3 Year(Parts Only) - Free] => Total Price: $2199.0 | Availability: Stock info unavailable
- [Color: Brown / Delivery: Curbside Delivery - Free / Warranty: 1 Year Extended(Parts/Labor) - $249.95] => Total Price: $2448.95 | Availability: Stock info unavailable
- [Color: Brown / Delivery: Curbside Delivery - Free / Warranty: 2 Year Extended(Parts/Labor) - $349.95] => Total Price: $2548.95 | Availability: Stock info unavailable
- [Color: Brown / Delivery: White Glove Delivery (Installation)- $275 / Warranty: 1 Year(Parts/Labor) 2&3 Year(Parts Only) - Free] => Total Price: $2474.0 | Availability: Stock info unavailable
- [Color: Brown / Delivery: White Glove Delivery (Installation)- $275 / Warranty: 1 Year Extended(Parts/Labor) - $249.95] => Total Price: $2723.95 | Availability: Stock info unavailable
- [Color: Brown / Delivery: White Glove Delivery (Installation)- $275 / Warranty: 2 Year Extended(Parts/Labor) - $349.95] => Total Price: $2823.95 | Availability: Stock info unavailable
- [Color: Taupe / Delivery: Curbside Delivery - Free / Warranty: 1 Year(Parts/Labor) 2&3 Year(Parts Only) - Free] => Total Price: $2199.0 | Availability: Stock info unavailable
- [Color: Taupe / Delivery: Curbside Delivery - Free / Warranty: 1 Year Extended(Parts/Labor) - $249.95] => Total Price: $2448.95 | Availability: Stock info unavailable
- [Color: Taupe / Delivery: Curbside Delivery - Free / Warranty: 2 Year Extended(Parts/Labor) - $349.95] => Total Price: $2548.95 | Availability: Stock info unavailable
- [Color: Taupe / Delivery: White Glove Delivery (Installation)- $275 / Warranty: 1 Year(Parts/Labor) 2&3 Year(Parts Only) - Free] => Total Price: $2474.0 | Availability: Stock info unavailable
- [Color: Taupe / Delivery: White Glove Delivery (Installation)- $275 / Warranty: 1 Year Extended(Parts/Labor) - $249.95] => Total Price: $2723.95 | Availability: Stock info unavailable
- [Color: Taupe / Delivery: White Glove Delivery (Installation)- $275 / Warranty: 2 Year Extended(Parts/Labor) - $349.95] => Total Price: $2823.95 | Availability: Stock info unavailable",2199.0,Massage Chair,AmaMedic
amamedic-ai-revive-4d,"Product Name: AmaMedic Ai Revive 4D
Description: Health Fingerprint sensor AI Health Detection Intelligent Voice Control SL-style Track 20 Cell Full Body Air Massage 4D Massage Mechanism Touchscreen Controller 11 Manual Massage Modes 20 Auto Massage Modes Zero Gravity and Space Saving Deep Calf Kneading Specialized Foot Rollers Heat Shawl Lumbar Therapy Automatic Extendable Footrest Custom LED Setup Wireless Charging and USB Port Bluetooth Sound Speakers Accessible Shortcut Panel const externalURL = ""https://ota-shawn.github.io/Products/Amamedic/Revive.html"" $(""#externalURL"").load(externalURL, () => { $(""#externalURL"").contents().unwrap() })
[Available Options & Prices]
- [Color: Brown / Delivery: Curbside - Free / Warranty: 5 Year(3 Years Full Service & Additional 2 Years Parts)] => Total Price: $3999.0 | Availability: Stock info unavailable
- [Color: Brown / Delivery: White Glove (Installation) - $275 / Warranty: 5 Year(3 Years Full Service & Additional 2 Years Parts)] => Total Price: $4274.0 | Availability: Stock info unavailable
- [Color: Beige / Delivery: Curbside - Free / Warranty: 5 Year(3 Years Full Service & Additional 2 Years Parts)] => Total Price: $3999.0 | Availability: Stock info unavailable
- [Color: Beige / Delivery: White Glove (Installation) - $275 / Warranty: 5 Year(3 Years Full Service & Additional 2 Years Parts)] => Total Price: $4274.0 | Availability: Stock info unavailable
- [Color: Black / Delivery: Curbside - Free / Warranty: 5 Year(3 Years Full Service & Additional 2 Years Parts)] => Total Price: $3999.0 | Availability: Stock info unavailable
- [Color: Black / Delivery: White Glove (Installation) - $275 / Warranty: 5 Year(3 Years Full Service & Additional 2 Years Parts)] => Total Price: $4274.0 | Availability: Stock info unavailable",3999.0,Massage Chair,AmaMedic
amamedic-am-34-shiatsu-foot-massager,"Product Name: AmaMedic AM-34 Shiatsu Foot Massager
Description: Heat Therapy Intuitive Control Ergonomic Shape Usage on Lower Back &amp; Calves const externalURL = ""https://ota-shawn.github.io/Products/Amamedic/AM-34%20Shiatsu%20Foot%20Massager.html""; $(""#externalURL"").load(externalURL, () => { $(""#externalURL"").contents().unwrap(); });
[Available Options & Prices]
- [Title: Default Title] => Total Price: $60.0 | Availability: Stock info unavailable",60.0,Portable Massager,AmaMedic
amamedic-am-4602-kneading-eye-massager,"Product Name: AmaMedic AM-4602 Kneading Eye Massager
Description: Four Massage Modes Heat Therapy 10 Minute Timer Bluetooth Connectivity const externalURL = ""https://ota-shawn.github.io/Products/Amamedic/AM-4602%20Kneading%20Eye%20Massager.html""; $(""#externalURL"").load(externalURL, () => { $(""#externalURL"").contents().unwrap(); });
[Available Options & Prices]
- [Title: Default Title] => Total Price: $129.0 | Availability: Stock info unavailable",129.0,Portable Massager,AmaMedic
amamedic-am-4610-eye-massager,"Product Name: AmaMedic AM-4610 Eye Massager
Description: Four Massage Modes Intelligent Air Pressure and Vibration 10/15/20 Minute Timer Heat Therapy Built-in Bluetooth USB Type-C Charger 180 Degree Portable Design Adjustable Headband const externalURL = ""https://ota-shawn.github.io/Products/Amamedic/AM-4610%20Eye%20Massager.html""; $(""#externalURL"").load(externalURL, () => { $(""#externalURL"").contents().unwrap(); });
[Available Options & Prices]
- [Title: Default Title] => Total Price: $99.99 | Availability: Stock info unavailable",99.99,Portable Massager,AmaMedic
amamedic-am-4613-eye-massager,"Product Name: AmaMedic AM-4613 Eye Massager
Description: Four Massage Modes Intelligent Air Pressure and Vibration 10/15/20 Minute Timer Heat Therapy Built-in Bluetooth USB Type-C Charger 180 Degree Portable Design Adjustable Headband const externalURL = ""https://ota-shawn.github.io/Products/Amamedic/AM-4613%20Eye%20Massager.html""; $(""#externalURL"").load(externalURL, () => { $(""#externalURL"").contents().unwrap(); });
[Available Options & Prices]
- [Title: Default Title] => Total Price: $129.0 | Availability: Stock info unavailable",129.0,Portable Massager,AmaMedic
amamedic-am-61-shiatsu-massage-cushion,"Product Name: AmaMedic AM-61 Shiatsu Massage Cushion
Description: Deep Tissue Shiatsu Use Anywhere Heat Therapy Four Massage Heads 15 Minute Timer Easy Use const externalURL = ""https://ota-shawn.github.io/Products/Amamedic/AM-61%20Shiatsu%20Massage%20Cushion.html""; $(""#externalURL"").load(externalURL, () => { $(""#externalURL"").contents().unwrap(); });
[Available Options & Prices]
- [Title: Default Title] => Total Price: $99.0 | Availability: Stock info unavailable",99.0,Portable Massager,AmaMedic
amamedic-am-8503-gua-sha-scraping-massager,"Product Name: AmaMedic AM-8503 Gua Sha Scraping Massager
Description: const externalURL = ""https://ota-shawn.github.io/Products/Amamedic/AM-8503%20Gua%20Sha%20Scraping%20Massager.html""; AmaMedic AM-8503 Gua Sha Scraping massager
[Available Options & Prices]
- [Title: Default Title] => Total Price: $49.99 | Availability: Stock info unavailable",49.99,Portable Massager,AmaMedic
amamedic-am-919-foot-massager,"Product Name: AmaMedic AM-919 Foot Massager
Description: Three Massage Modes Intelligent Compression Massage 5/10/20/30 Minute Timer Heat Therapy Intuitive Control Three Distinct Massage Rollers Removable Fabric Sleek Design const externalURL = ""https://ota-shawn.github.io/Products/Amamedic/AM-919%20Foot%20Massager.html""; $(""#externalURL"").load(externalURL, () => { $(""#externalURL"").contents().unwrap(); });
[Available Options & Prices]
- [Title: Default Title] => Total Price: $159.0 | Availability: Stock info unavailable",159.0,Portable Massager,AmaMedic
amamedic-am2108-neck-massage-pillow,"Product Name: AmaMedic AM2108 Neck Massage Pillow
Description: Use Anywhere Easily Adjustable Micro USB Charging Relaxing Heat Therapy Intelligent Massage Automatic Timer const externalURL = ""https://ota-shawn.github.io/Products/Amamedic/AM2108%20Neck%20Massage%20Pillow.html""; $(""#externalURL"").load(externalURL, () => { $(""#externalURL"").contents().unwrap(); });
[Available Options & Prices]
- [Title: Default Title] => Total Price: $79.0 | Availability: Stock info unavailable",79.0,Portable Massager,AmaMedic
amamedic-gs-b1-seat-cushion,"Product Name: AmaMedic GS-B1 Seat Cushion
Description: Innovative Gel-layer Breathable Mesh Cover Non-slip Bottom Ideal for Use const externalURL = ""https://ota-shawn.github.io/Products/Amamedic/GS-B1%20Seat%20Cushion.html""; $(""#externalURL"").load(externalURL, () => { $(""#externalURL"").contents().unwrap(); });
[Available Options & Prices]
- [Color: GS-B1 Black] => Total Price: $79.99 | Availability: Stock info unavailable",79.99,Accessory,AmaMedic
amamedic-haven-4d,"Product Name: AmaMedic Haven 4D
Description: AI Health Technology Intelligent Voice Control 4D Massage Mechanism Body Scan Technology Zero Gravity Reclining Technology SL-Track System Space-Saving Technology 34-Cell Air Compression Massage Lumbar Heating Therapy 20 Auto Programs 5 Manual Modes Specialized Foot Rollers Spring-Loaded Extendable Footrest const externalURL = ""https://ota-shawn.github.io/Products/Amamedic/Haven.html""; $(""#externalURL"").load(externalURL, () => { $(""#externalURL"").contents().unwrap() })
[Available Options & Prices]
- [Color: Brown / Delivery: Curbside Delivery - Free / Warranty: 1 Year(Parts/Labor) 2&3 Year(Parts Only) - Free] => Total Price: $2699.0 | Availability: Stock info unavailable
- [Color: Brown / Delivery: Curbside Delivery - Free / Warranty: 1 Year Extended(Parts/Labor) - $249.95] => Total Price: $2948.95 | Availability: Stock info unavailable
- [Color: Brown / Delivery: Curbside Delivery - Free / Warranty: 2 Year Extended(Parts/Labor) - $349.95] => Total Price: $3048.95 | Availability: Stock info unavailable
- [Color: Brown / Delivery: White Glove Delivery (Installation)- $275 / Warranty: 1 Year(Parts/Labor) 2&3 Year(Parts Only) - Free] => Total Price: $2974.0 | Availability: Stock info unavailable
- [Color: Brown / Delivery: White Glove Delivery (Installation)- $275 / Warranty: 1 Year Extended(Parts/Labor) - $249.95] => Total Price: $3223.95 | Availability: Stock info unavailable
- [Color: Brown / Delivery: White Glove Delivery (Installation)- $275 / Warranty: 2 Year Extended(Parts/Labor) - $349.95] => Total Price: $3323.95 | Availability: Stock info unavailable
- [Color: Taupe / Delivery: Curbside Delivery - Free / Warranty: 1 Year(Parts/Labor) 2&3 Year(Parts Only) - Free] => Total Price: $2699.0 | Availability: Stock info unavailable
- [Color: Taupe / Delivery: Curbside Delivery - Free / Warranty: 1 Year Extended(Parts/Labor) - $249.95] => Total Price: $2948.95 | Availability: Stock info unavailable
- [Color: Taupe / Delivery: Curbside Delivery - Free / Warranty: 2 Year Extended(Parts/Labor) - $349.95] => Total Price: $3048.95 | Availability: Stock info unavailable
- [Color: Taupe / Delivery: White Glove Delivery (Installation)- $275 / Warranty: 1 Year(Parts/Labor) 2&3 Year(Parts Only) - Free] => Total Price: $2974.0 | Availability: Stock info unavailable
- [Color: Taupe / Delivery: White Glove Delivery (Installation)- $275 / Warranty: 1 Year Extended(Parts/Labor) - $249.95] => Total Price: $3223.95 | Availability: Stock info unavailable
- [Color: Taupe / Delivery: White Glove Delivery (Installation)- $275 / Warranty: 2 Year Extended(Parts/Labor) - $349.95] => Total Price: $3323.95 | Availability: Stock info unavailable
- [Color: Black / Delivery: Curbside Delivery - Free / Warranty: 1 Year(Parts/Labor) 2&3 Year(Parts Only) - Free] => Total Price: $2699.0 | Availability: Stock info unavailable
- [Color: Black / Delivery: Curbside Delivery - Free / Warranty: 1 Year Extended(Parts/Labor) - $249.95] => Total Price: $2948.95 | Availability: Stock info unavailable
- [Color: Black / Delivery: Curbside Delivery - Free / Warranty: 2 Year Extended(Parts/Labor) - $349.95] => Total Price: $3048.95 | Availability: Stock info unavailable
- [Color: Black / Delivery: White Glove Delivery (Installation)- $275 / Warranty: 1 Year(Parts/Labor) 2&3 Year(Parts Only) - Free] => Total Price: $2974.0 | Availability: Stock info unavailable
- [Color: Black / Delivery: White Glove Delivery (Installation)- $275 / Warranty: 1 Year Extended(Parts/Labor) - $249.95] => Total Price: $3223.95 | Availability: Stock info unavailable
- [Color: Black / Delivery: White Glove Delivery (Installation)- $275 / Warranty: 2 Year Extended(Parts/Labor) - $349.95] => Total Price: $3323.95 | Availability: Stock info unavailable",2699.0,Massage Chair,AmaMedic
amamedic-hilux-4d,"Product Name: AmaMedic Hilux 4D
Description: 4D Massage Mechanism 8 Auto Programs Heated Back Roller SL-Track Full Body Compression Massage Adjustable Shoulder Width Convenient Shortcut Panel Touchscreen Control 2 Stage Zero Gravity Deep Calf &amp; Foot Kneading Automatic Extendable Footrest Surround Sound Bluetooth Speakers USB Charger &amp; Wireless Charger const externalURL = ""https://ota-shawn.github.io/Products/Amamedic/Hilux.html""; $(""#externalURL"").load(externalURL, () => { $(""#externalURL"").contents().unwrap(); });
[Available Options & Prices]
- [Color: Black / Delivery: Curbside Delivery - Free / Warranty: 5 Year (3 Years Full Service & Additional 2 Years Parts)] => Total Price: $3299.0 | Availability: Stock info unavailable
- [Color: Black / Delivery: White Glove Delivery (Installation) - $275 / Warranty: 5 Year (3 Years Full Service & Additional 2 Years Parts)] => Total Price: $3574.0 | Availability: Stock info unavailable
- [Color: Brown / Delivery: Curbside Delivery - Free / Warranty: 5 Year (3 Years Full Service & Additional 2 Years Parts)] => Total Price: $3299.0 | Availability: Stock info unavailable
- [Color: Brown / Delivery: White Glove Delivery (Installation) - $275 / Warranty: 5 Year (3 Years Full Service & Additional 2 Years Parts)] => Total Price: $3574.0 | Availability: Stock info unavailable
- [Color: Taupe / Delivery: Curbside Delivery - Free / Warranty: 5 Year (3 Years Full Service & Additional 2 Years Parts)] => Total Price: $3299.0 | Availability: Stock info unavailable
- [Color: Taupe / Delivery: White Glove Delivery (Installation) - $275 / Warranty: 5 Year (3 Years Full Service & Additional 2 Years Parts)] => Total Price: $3574.0 | Availability: Stock info unavailable",3299.0,Massage Chair,AmaMedic
amamedic-neck-tens-massager,"Product Name: AmaMedic Neck Tens Massager
Description: Heating Function 5 Massage Modes 15 Levels of Intensity Low Frequency modes Small, light and Comfort Easy to Charge Easy to Carry const externalURL = ""https://ota-shawn.github.io/Products/Others/AmaMedic%20Neck%20Tens.html"" <!-- <link href=""https://ota-shawn.github.io/productGlobalCss/style.css"" rel=""stylesheet"" /> --> $(""#externalURL"").load(externalURL, () => { $(""#externalURL"").contents().unwrap() })
[Available Options & Prices]
- [Title: Default Title] => Total Price: $99.0 | Availability: Stock info unavailable",99.0,Portable Massager,AmaMedic
amamedic-otamic-massage-wave-gun-v,"Product Name: AmaMedic Otamic Massage Wave Gun V
Description: 4 Massage Heads Peaks at 3200 RPM 5 Levels of Power Intensity 3 Unique Massage Modes Non-Slip Hand Grip Design Easy Setting System Lightweight and Portable All-in-One Package const externalURL = ""https://ota-shawn.github.io/Products/Amamedic/Massage%20Wave%20Gun%20V.html""; $(""#externalURL"").load(externalURL, () => { $(""#externalURL"").contents().unwrap(); });
[Available Options & Prices]
- [Warranty: 2 Years (Replacement) Free] => Total Price: $199.0 | Availability: Stock info unavailable",199.0,Portable Massager,AmaMedic
amamedic-q7,"Product Name: AmaMedic Q7
Description: 8 Fixed Massage Rollers 2 Stage Zero Gravity 6 Auto Programs Convenient Shortcut Panel Surround Sound Bluetooth Speakers Full Body Compression Massage Lumbar Heat Therapy Foot Roller Massage Extendable Footrest const externalURL = ""https://ota-shawn.github.io/Products/Amamedic/Q7.html""; $(""#externalURL"").load(externalURL, () => { $(""#externalURL"").contents().unwrap(); });
[Available Options & Prices]
- [Color: Black / Delivery: Curbside Delivery - Free / Warranty: 1 Year(Parts/Labor) 2&3 Year(Parts Only) - Free] => Total Price: $999.0 | Availability: Stock info unavailable
- [Color: Black / Delivery: Curbside Delivery - Free / Warranty: 1 Year Extended(Parts/Labor) - $249.95] => Total Price: $1248.95 | Availability: Stock info unavailable
- [Color: Black / Delivery: Curbside Delivery - Free / Warranty: 2 Year Extended(Parts/Labor) - $349.95] => Total Price: $1348.95 | Availability: Stock info unavailable
- [Color: Black / Delivery: White Glove Delivery - $275 / Warranty: 1 Year(Parts/Labor) 2&3 Year(Parts Only) - Free] => Total Price: $1274.0 | Availability: Stock info unavailable
- [Color: Black / Delivery: White Glove Delivery - $275 / Warranty: 1 Year Extended(Parts/Labor) - $249.95] => Total Price: $1523.95 | Availability: Stock info unavailable
- [Color: Black / Delivery: White Glove Delivery - $275 / Warranty: 2 Year Extended(Parts/Labor) - $349.95] => Total Price: $1623.95 | Availability: Stock info unavailable
- [Color: Brown / Delivery: Curbside Delivery - Free / Warranty: 1 Year(Parts/Labor) 2&3 Year(Parts Only) - Free] => Total Price: $999.0 | Availability: Stock info unavailable
- [Color: Brown / Delivery: Curbside Delivery - Free / Warranty: 1 Year Extended(Parts/Labor) - $249.95] => Total Price: $1248.95 | Availability: Stock info unavailable
- [Color: Brown / Delivery: Curbside Delivery - Free / Warranty: 2 Year Extended(Parts/Labor) - $349.95] => Total Price: $1348.95 | Availability: Stock info unavailable
- [Color: Brown / Delivery: White Glove Delivery - $275 / Warranty: 1 Year(Parts/Labor) 2&3 Year(Parts Only) - Free] => Total Price: $1274.0 | Availability: Stock info unavailable
- [Color: Brown / Delivery: White Glove Delivery - $275 / Warranty: 1 Year Extended(Parts/Labor) - $249.95] => Total Price: $1523.95 | Availability: Stock info unavailable
- [Color: Brown / Delivery: White Glove Delivery - $275 / Warranty: 2 Year Extended(Parts/Labor) - $349.95] => Total Price: $1623.95 | Availability: Stock info unavailable
- [Color: Taupe / Delivery: Curbside Delivery - Free / Warranty: 1 Year(Parts/Labor) 2&3 Year(Parts Only) - Free] => Total Price: $999.0 | Availability: Stock info unavailable
- [Color: Taupe / Delivery: Curbside Delivery - Free / Warranty: 1 Year Extended(Parts/Labor) - $249.95] => Total Price: $1248.95 | Availability: Stock info unavailable
- [Color: Taupe / Delivery: Curbside Delivery - Free / Warranty: 2 Year Extended(Parts/Labor) - $349.95] => Total Price: $1348.95 | Availability: Stock info unavailable
- [Color: Taupe / Delivery: White Glove Delivery - $275 / Warranty: 1 Year(Parts/Labor) 2&3 Year(Parts Only) - Free] => Total Price: $1274.0 | Availability: Stock info unavailable
- [Color: Taupe / Delivery: White Glove Delivery - $275 / Warranty: 1 Year Extended(Parts/Labor) - $249.95] => Total Price: $1523.95 | Availability: Stock info unavailable
- [Color: Taupe / Delivery: White Glove Delivery - $275 / Warranty: 2 Year Extended(Parts/Labor) - $349.95] => Total Price: $1623.95 | Availability: Stock info unavailable",999.0,Massage Chair,AmaMedic
amamedic-shiatsu-massaging-back-seat,"Product Name: AmaMedic Shiatsu Massaging Back Seat (11018)
Description: Real Shiatsu Kneading Massage Four Massage Heads Heat Therapy Seat Vibration const externalURL = ""https://ota-shawn.github.io/Products/Amamedic/Shiatsu%20Massaging%20Back%20Seat.html""; $(""#externalURL"").load(externalURL, () => { $(""#externalURL"").contents().unwrap(); });
[Available Options & Prices]
- [Title: Default Title] => Total Price: $129.99 | Availability: Stock info unavailable",129.99,Portable Massager,AmaMedic
atom-mini-massage-gun,"Product Name: Osaki ATOM Mini Massage Gun
Description: const externalURL = ""https://ota-shawn.github.io/Products/Others/ATOM%20mini%20massager%20gun.html"" $(""#externalURL"").load(externalURL, () => { $(""#externalURL"").contents().unwrap() })
[Available Options & Prices]
- [Title: Default Title] => Total Price: $99.0 | Availability: Stock info unavailable",99.0,Portable Massager,Osaki
back-pad,"Product Name: Back Pad
Description: const externalURL = ""https://ota-shawn.github.io/Products/Others/Back%20Pad.html"" $(""#externalURL"").load(externalURL, () => { $(""#externalURL"").contents().unwrap() })
[Available Options & Prices]
- [Color: Black] => Total Price: $59.99 | Availability: Stock info unavailable
- [Color: Mocha Gray] => Total Price: $59.99 | Availability: Stock info unavailable
- [Color: Taupe] => Total Price: $59.99 | Availability: Stock info unavailable",59.99,Accessory,Titan Chair
back-to-school-relaxation-set,"Product Name: Back-to-School Relaxation Set (AM10027 Back Pad + Titan Ergo 9606P)
Description: AM10027 Back Massage Pad + Titan Ergo 9606P (Synthetic Leather) const youtube_link_ = """" const imgs_ = [ { img_order: 0, img_name: ""Titan ERGO 9606P"", img_src: ""https://cdn.shopify.com/s/files/1/0086/1297/0558/files/modelShot.jpg?v=1580858524"", }, { img_order: 1, img_name: ""Tilting Lock, Height Adjustable, 360 Degree Rotation"", img_src: ""https://cdn.shopify.com/s/files/1/0086/1297/0558/files/Ergo_recline.jpg?v=1580858560"", }, { img_order: 2, img_name: ""Ergo Mesh Office Chair"", img_src: ""https://cdn.shopify.com/s/files/1/0086/1297/0558/files/Ergo_function_mesh.jpg?v=1580858630"", }, { img_order: 3, img_name: ""Ergo Mesh Office Chair"", img_src: ""https://cdn.shopify.com/s/files/1/0086/1297/0558/files/Ergo_function_mesh.jpg?v=1580858630"", }, { img_order: 4, img_name: ""Ergo 9606P Dimensions"", img_src: ""https://cdn.shopify.com/s/files/1/0086/1297/0558/files/Ergo_dimention.jpg?v=1580858661"", }, ] ERGO's ergonomic design is based on the human body dynamic digital model. The ridge backrest and the human spine are exactly the same. The close fitting helps release the spinal pressure. Fully Adjustable Titan ERGO office chair has numerous adjustable features to fit your unique needs ensuring you find a comfortable seating position. You can adjust the tilt angle of back, the height of lumbar support, the armrest, the neckrest, and the seat. They give you firm support contouring user’s body. Built-in Hanger To accommodate the need of daily life, the chair comes with a durable built-in a hanger on the back. Cushion Support Lumbar cushioning supports your lower back and enhances the natural curve of your spine, and the thick cushion on seat contour your body to give the most relaxing feeling. Breathable Mesh Fabric Breathable mesh back and seat of this chair aims best seat experience- not hot even in hot summer and the ergonomic mesh back support can freely adjust and move to any postures. Specification Product Name Titan Ergo 9606F User Manual Download Power Supply 110-120V~ Rate Frequency 50/60 Hz Dimensions (W x L x H) Upright 32” x 66“ x 48.5” Reclined 32” x 73” x 40” --> 26.5"" x 26.5"" x 49.6"" Width Shoulder 20.5"" Seat 18.5"" <!-- <div class=""tw-gap-2 tw-border-b tw-py-6 md:tw-flex-row tw-flex tw-flex-col"" > Weight Net 165 lbs Gross 198 lbs --> const getImages_ = () => { document.querySelectorAll("".sections_ img"").forEach((img, i) => { img.src = imgs_[i].img_src img.alt = imgs_[i].img_name }) } const createVideoDOM_ = () => { const getYoutubeSrc_ = (src) => { const regex = /[a-z0-9_-]{11}/gi const id = src.match(regex)[0] const dst = ""https://www.youtube.com/embed/"" + id + ""?mute=1&autoplay=1"" return dst } const iframe = document.createElement(""iframe"") iframe.classList = ""tw-aspect-video tw-w-full tw-mb-10"" try { iframe.src = getYoutubeSrc_(youtube_link) document.getElementById(""youtube-link"").appendChild(iframe) } catch (err) { console.log(err) } } const initializeProductDescription_ = () => { try { getImages_() } catch (error) { console.log(error) } try { createVideoDOM_() } catch (error) { console.log(error) } } initializeProductDescription_() // const externalURL = // ""https://ota-shawn.github.io/Products/Titan/Titan%20Ergo%209606P%20(Synthetic%20Leather).html"" const externalURL2 = ""https://ota-shawn.github.io/Products/Others/AM10027%20Back%20Massage%20Pad.html"" --> // $(""#externalURL"").load(externalURL, () => { // $(""#externalURL"").contents().unwrap() // }) $(""#externalURL2"").load(externalURL2, () => { $(""#externalURL2"").contents().unwrap() })
[Available Options & Prices]
- [Title: Default Title] => Total Price: $199.0 | Availability: Stock info unavailable",199.0,Massage Chair,Titan Chair
caddo-swivel-chair-leathaire,"Product Name: Caddo Swivel Chair [Leathaire]
Description: Caddo Swivel Chair [Leathaire]
[Available Options & Prices]
- [Color: Warm Gray / Fablic: Leathaire / Warranty: 1 year (parts only)] => Total Price: $799.0 | Availability: Stock info unavailable
- [Color: Gray / Fablic: Leathaire / Warranty: 1 year (parts only)] => Total Price: $799.0 | Availability: Stock info unavailable
- [Color: Green / Fablic: Leathaire / Warranty: 1 year (parts only)] => Total Price: $799.0 | Availability: Stock info unavailable
- [Color: Turquoise / Fablic: Leathaire / Warranty: 1 year (parts only)] => Total Price: $799.0 | Availability: Stock info unavailable",799.0,Patio Chair,Dura Patio
caddo-swivel-chair-linen,"Product Name: Caddo Swivel Chair [Linen]
Description: Caddo Swivel Chair [Linen]
[Available Options & Prices]
- [Color: Beige / Fablic: Linen / Warranty: 1 year (parts only)] => Total Price: $799.0 | Availability: Stock info unavailable
- [Color: Blue / Fablic: Linen / Warranty: 1 year (parts only)] => Total Price: $799.0 | Availability: Stock info unavailable",799.0,Patio Chair,Dura Patio
caddo-swivel-chair-pu-leather,"Product Name: Caddo Swivel Chair [PU Leather]
Description: Caddo Swivel Chair [PU Leather]
[Available Options & Prices]
- [Color: Taupe / Fablic: PU Leather / Warranty: 1 year (parts only)] => Total Price: $799.0 | Availability: Stock info unavailable
- [Color: Gray / Fablic: PU Leather / Warranty: 1 year (parts only)] => Total Price: $799.0 | Availability: Stock info unavailable
- [Color: Dark Gray / Fablic: PU Leather / Warranty: 1 year (parts only)] => Total Price: $799.0 | Availability: Stock info unavailable
- [Color: Dark Brown / Fablic: PU Leather / Warranty: 1 year (parts only)] => Total Price: $799.0 | Availability: Stock info unavailable
- [Color: Black / Fablic: PU Leather / Warranty: 1 year (parts only)] => Total Price: $799.0 | Availability: Stock info unavailable",799.0,Patio Chair,Dura Patio
d7908,"Product Name: Titan D7908 Mid-Back Office Chair
Description: High Density Foam with Fabric Cover PP Back Support Frame Fixed PP Armrest Mesh Back Material 2.0 mm Thickness Black Coating Metal Frame Soft Lumbar Support const externalURL = ""https://ota-shawn.github.io/Products/Others/D7908.html"" $(""#externalURL"").load(externalURL, () => { $(""#externalURL"").contents().unwrap() })
[Available Options & Prices]
- [Title: Default Title] => Total Price: $99.0 | Availability: Stock info unavailable",99.0,Ergonomic Seating,Titan
dpc-skinshot-led-face-mask,"Product Name: DPC Skinshot LED Face Mask
Description: Auto &amp; Wave Massage Mode Near-infrared Ray 720 LED lights Ergonomic Design Air Circulation Double Hair Band Wireless Sensor const externalURL = ""https://ota-shawn.github.io/Products/Others/DPC%20Skinshot%20LED%20Face%20Mask.html""; $(""#externalURL"").load(externalURL, () => { $(""#externalURL"").contents().unwrap(); });
[Available Options & Prices]
- [Title: Default Title] => Total Price: $599.0 | Availability: Stock info unavailable",599.0,Health Product,Titan
eastchester-solid-teak-3-pc-loveseat-group-with-39-x-24-in-coffee-table,"Product Name: Side Table
Description: <!-- .section-content{margin-left:auto;margin-right:auto;max-width:980px;} .section-wrapper{justify-content:space-between} .feature-row:after { content: """"; display: table; clear: both; } .head-text-midium{ font-size: 25px; font-weight: 600; padding: 10px; } .head-text-large{ font-size: 30px; font-weight: 600; } .body-text-1{ font-size: 16px; margin: 50px 30px 0 0; } .body-text-2{ font-size: 12px; } .body-text-1{ font-size: 16px; } .body-text-3{ font-size: 16px; } .feature-row-4 { display:flex; flex-wrap:wrap; } .feature-row-4 > * { width:100%; padding:1rem; } .feature-row-5{ display:flex; flex-wrap:wrap; } .feature-row-5 > * { width:100%; padding:1rem; } .feature-row-6{ display:flex; flex-wrap:wrap; } .feature-row-6 > * { width:100%; } .feature-row-7{ display:flex; flex-wrap:wrap; padding-top:30px; padding-right: 30px; } .feature-row-7 > *:nth-child(1) { width:20%; } .feature-row-7 > *:nth-child(2) { width:80%; } .feature-row-8{ display:flex; flex-wrap:wrap; } .feature-row-8 > * { width:25%; padding:1rem; } .feature-row-8 img{ width:130px; height: auto; margin-left: auto; margin-right: auto; } .feature-row-9{ display:flex; flex-wrap:wrap; } .feature-row-9 > * { width:25%; padding:1rem; } .feature-row-9 img{ width:200px; height: auto; margin-left: auto; margin-right: auto; } .img-midium{ width: 70%; height: auto; margin-left: auto; margin-right: auto; } .img-midium-2{ width: 50%; height: auto; margin-left: auto; margin-right: auto; } .img-small{ width:60px; height: auto; } .img-shadow{ -webkit-box-shadow: -15px 15px 0px #699d6f; border-radius:0px; } .color-brown{color:#855b49;} .color-blue{color: #3a577b;} .color-red{color:#d5432a;} .color-grey{color: #888889;} .color-pink{color:#dd618f;} .color-marho{color: #815e38;} .color-green{color: #64936e;} .pad-top-50{padding-top:50px;} .pad-top-30{padding-top:30px;} .pad-top-10{padding-top:10px;} .pad-bot-50{padding-bottom: 50px;} .pad-bot-30{padding-bottom: 30px;} .pad-bot-10{padding-bottom: 10px;} .pad-bot-15{padding-bottom: 15px;} .pad-left-10{padding-left: 10px;} .pad-left-15{padding-left: 15px;} .pad-left-30{padding-left: 30px;} .pad-right-30{padding-right: 30px;} .pad-1r{padding: 1rem;} .pad-10{padding: 10px;} .pad-20{padding: 20px;} .pad-30{padding: 30px;} .mar-top-50{margin-top: 50px;} .mar-bot-50{margin-bottom: 50px;} .mar-top-30{margin-top: 30px;} .mar-bot-30{margin-bottom: 30px;} .mar-right-30{margin-right: 30px;} .mar-left-30{margin-left: 30px;} .mar-auto{margin: auto;} .bag-color-grey{background-color: #dbdbdb;} .sub-text{ font-size:17px; font-weight: 600; } .head-demen{ font-size: 30px; font-weight: 600; text-align: center; } .head-text-pad{ padding:10px 30px; } .body-text-pad{ padding:10px 30px; } /*----------------------------------------------- .media-scroller{ --spacer:10px; display: grid; gap: var(--spacer); grid-auto-flow: column; grid-auto-columns: 19%; padding: 0 var(--spacer) var(--spacer); overscroll-behavior-inline:contain; } .media-element{ display: grid; grid-template-rows: min-content; gap:var(--spacer); padding: var(--spacer); } .media-element img{ width:130px; height: auto; margin-left: auto; margin-right: auto; } */ .bor-left{border-left: 2px solid #d1d1d1;} .cap-title{ text-align: center; font-size: 14px; font-weight: 600; } .color-title{ text-align: center; font-size: 16px; font-weight: 400; } /*-----------------------------------------------*/ @media (min-width:768px) { .feature-row-4 > *:nth-child(1) { width:50%; } .feature-row-4 > *:nth-child(2) { width:50%; order:-1; } .feature-row-5 > * { width:50%; } .feature-row-6 > *:nth-child(1) { width:40%; } .feature-row-6 > *:nth-child(2) { width:60%; } .feature-row-7{ padding-top:0px; } .feature-row-7 > *:nth-child(1) { width:15%; } .feature-row-7 > *:nth-child(2) { width:85%; } } @media screen and (max-width: 800px) { .body-text-1{ margin: 30px 0 0 0; } .body-text-2{ margin-right: 0px; } .head-text-long{ margin-top:-10px; } .head-text-midium{ font-size: 20px; } .img-small{ width:80px; height: auto; } .feature-row-8{ display:flex; flex-wrap:wrap; } .feature-row-8 > * { width:25%; padding:5px; /*margin-left: auto; margin-right: auto;*/ } .feature-row-8 img{ width:50px; height: auto; margin-left: auto; margin-right: auto; } .feature-row-9{ display:flex; flex-wrap:wrap; } .feature-row-9 > * { width:50%; padding:5px; /*margin-left: auto; margin-right: auto;*/ } .feature-row-9 img{ width:150px; height: auto; margin-left: auto; margin-right: auto; } .cap-title{ text-align: center; font-size: 9px; font-weight: 600; } .head-text-pad{ padding:30px 0 10px 0; } .body-text-pad{ padding:10px 0; } } --> Color-Stay Tech Weather Resistant Low Maintenance 20-Year Warranty Made Out of Recycled Materials Our Adirondack Side Table is made out of High Density Polyethylene (HDPE) , which are recycled plastic that are made mainly from post-consumer products. The HDPE material is also recycleable at the end of its life, making the chair eco-friendly. Weather Resistant Created to withstand various weather conditions such as rain, wind, sun, and extreme temperatures without getting deteriorating in quality. The screws in the chair are made out of 304 Stainless Steel, which ensure weather-resistant and waterproof. Color-Stay Tech UV inhibitors, stabilizers, and light stable pigments protect our lumber from harmful environmental degradation. 20-Year Warranty Guarantees any repairments or replacements of any defects or malfunctions that may arixe in the chair during the 20-year period from the date of purchase. ** Guarantees any repairments or replacements of any defects or malfunctions that may arixe in the chair during the 20-year period from the date of purchase. Low Maintenance Requires minimal upkeep and care to keep it in good ondition without requiring frequent repairs. Designed to be easy to clean. White Mahogany Dark Brown Grey Dimensions
[Available Options & Prices]
- [Color: White] => Total Price: $99.0 | Availability: Stock info unavailable
- [Color: Mahogany] => Total Price: $99.0 | Availability: Stock info unavailable
- [Color: Grey] => Total Price: $99.0 | Availability: Stock info unavailable
- [Color: Darkbrown] => Total Price: $99.0 | Availability: Stock info unavailable",99.0,Massage Chair,Durapatio
eye-foot-wellness-bundle,"Product Name: Eye & Foot Wellness Bundle (AM-4602 eye massager + AM 50181 Foot Massager)
Description: Amamedic AM-4602 eye massager + AM 50181 Sonic Vibration Foot Massager const externalURL = ""https://ota-shawn.github.io/Products/Amamedic/AmaMedic%20AM-4602%20Kneading%20Eye%20Massager.html"" const externalURL2 = ""https://ota-shawn.github.io/Products/Others/AM50181%20Sonic%20Vibration.html"" $(""#externalURL"").load(externalURL, () => { $(""#externalURL"").contents().unwrap() }) $(""#externalURL2"").load(externalURL2, () => { $(""#externalURL2"").contents().unwrap() })
[Available Options & Prices]
- [Title: Default Title] => Total Price: $179.0 | Availability: Stock info unavailable",179.0,Massage Chair,Titan Chair
eye-temple-massager,"Product Name: Eye & Temple Massager (OS-03050)
Description: const externalURL = ""https://ota-shawn.github.io/Products/Others/Eye%20Temple%20Massager.html"" $(""#externalURL"").load(externalURL, () => { $(""#externalURL"").contents().unwrap() })
[Available Options & Prices]
- [Title: Default Title] => Total Price: $89.99 | Availability: Stock info unavailable",89.99,Portable Massager,Osaki
foldable,"Product Name: Foldable
Description: <!-- .section-content{margin-left:auto;margin-right:auto;max-width:980px;} .section-wrapper{justify-content:space-between} .feature-row:after { content: """"; display: table; clear: both; } .head-text-midium{ font-size: 28px; font-weight: 700; } .head-text-large{ font-size: 38px; font-weight: 600; } .body-text-1{ font-size: 16px; margin: 50px 30px 0 0; } .body-text-2{ font-size: 12px; } .body-text-1{ font-size: 16px; } .body-text-3{ font-size: 16px; } .feature-row-4 { display:flex; flex-wrap:wrap; } .feature-row-4 > * { width:100%; padding:1rem; } .feature-row-5{ display:flex; flex-wrap:wrap; } .feature-row-5 > * { width:100%; padding:1rem; } .feature-row-6{ display:flex; flex-wrap:wrap; } .feature-row-6 > * { width:100%; } .feature-row-7{ display:flex; flex-wrap:wrap; padding-top:30px; padding-right: 30px; } .feature-row-7 > *:nth-child(1) { width:20%; } .feature-row-7 > *:nth-child(2) { width:80%; } .feature-row-8{ display:flex; flex-wrap:wrap; } .feature-row-8 > * { width:25%; padding:1rem; } .feature-row-8 img{ width:130px; height: auto; margin-left: auto; margin-right: auto; } .feature-row-9{ display:flex; flex-wrap:wrap; } .feature-row-9 > * { width:25%; padding:1rem; } .feature-row-9 img{ width:200px; height: 200px; margin-left: auto; margin-right: auto; } .img-midium{ width: 70%; height: auto; margin-left: auto; margin-right: auto; } .img-midium-2{ width: 50%; height: auto; margin-left: auto; margin-right: auto; } .img-midium-3{ width: 70%; height: auto; margin-top:250px; } .img-midium-4{ width: 80%; height: auto; margin-left:50px; } .img-midium-5{ width: 350px; height: auto; } .img-small{ width:60px; height: auto; } .img-small-2{ width:40%; height: auto; } .img-shadow{ -webkit-box-shadow: -15px 15px 0px #699d6f; border-radius:0px; } .color-brown{color:#855b49;} .color-blue{color: #3a577b;} .color-red{color:#d5432a;} .color-grey{color: #888889;} .color-pink{color:#dd618f;} .color-marho{color: #815e38;} .color-green{color: #41ab5c;} .pad-top-50{padding-top:50px;} .pad-top-30{padding-top:30px;} .pad-top-10{padding-top:10px;} .pad-bot-50{padding-bottom: 50px;} .pad-bot-30{padding-bottom: 30px;} .pad-bot-10{padding-bottom: 10px;} .pad-bot-15{padding-bottom: 15px;} .pad-left-10{padding-left: 10px;} .pad-left-15{padding-left: 15px;} .pad-left-30{padding-left: 30px;} .pad-right-30{padding-right: 30px;} .pad-1r{padding: 1rem;} .pad-10{padding: 10px;} .pad-20{padding: 20px;} .pad-30{padding: 30px;} .mar-top-50{margin-top: 50px;} .mar-bot-50{margin-bottom: 50px;} .mar-top-30{margin-top: 30px;} .mar-bot-30{margin-bottom: 30px;} .mar-right-30{margin-right: 30px;} .mar-left-30{margin-left: 30px;} .mar-auto{margin: auto;} .bag-color-grey{background-color: #dbdbdb;} .bag-color-lightgrey{background-color: #ebebeb;} .sub-text{ font-size:17px; font-weight: 600; } .head-demen{ font-size: 30px; font-weight: 600; text-align: center; } .head-text-pad{ padding:10px 30px; } .body-text-pad{ padding:10px 30px; } .bor-left{border-left: 2px solid #d1d1d1;} .cap-title{ text-align: center; font-size: 14px; font-weight: 600; } .size-20{ font-size: 20px; } table{ padding:0.5em; } th,td{ padding:1.5em; border-top:1px solid #DCDCDC;} th{ font-size:24px; font-weight:600; border-right:1px solid #DCDCDC; } .first-row{ border-top:none; } td{ font-size:18px; font-weight:300; } /*-----------------------------------------------*/ @media (min-width:768px) { .feature-row-4 > *:nth-child(1) { width:50%; } .feature-row-4 > *:nth-child(2) { width:50%; order:-1; } .feature-row-5 > * { width:50%; } .feature-row-6 > *:nth-child(1) { width:40%; } .feature-row-6 > *:nth-child(2) { width:60%; } .feature-row-7{ padding-top:0px; } .feature-row-7 > *:nth-child(1) { width:15%; } .feature-row-7 > *:nth-child(2) { width:85%; } } @media screen and (max-width: 800px) { .body-text-1{ margin: 30px 0 0 0; } .body-text-2{ margin-right: 0px; } .head-text-long{ margin-top:-10px; } .head-text-midium{ font-size: 20px; } .head-text-large{ font-size: 25px; font-weight: 600; } .img-small{ width:80px; height: auto; } .img-small-2{ width:40%; height: auto; margin: auto; } .feature-row-8{ display:flex; flex-wrap:wrap; } .feature-row-8 > * { width:25%; padding:5px; /*margin-left: auto; margin-right: auto;*/ } .feature-row-9{ display:flex; flex-wrap:wrap; } .feature-row-9 > * { width:50%; padding:5px; } .feature-row-8 img{ width:50px; height: auto; margin-left: auto; margin-right: auto; } .feature-row-9 img{ width:150px; height: 150px; margin-left: auto; margin-right: auto; } .cap-title{ text-align: center; font-size: 9px; font-weight: 600; } .head-text-pad{ padding:30px 0 10px 0; } .body-text-pad{ padding:10px 0; } .img-midium-3{ width: 70%; height: auto; margin-top:150px; } .img-midium-4{ width: 100%; height: auto; margin-left: 0; } table{ padding:0.5em; } th,td{ padding:0.5em; border-top:1px solid #DCDCDC;} th{ font-size:15px; font-weight:600; border-right:1px solid #DCDCDC; } .first-row{ border-top:none; } td{ font-size:13px; font-weight:300; } } --> Color-Stay Tech Weather Resistant Low Maintenance 20-Year Warranty Made Out of Recycled Materials Our Adirondack Foldable chair is made out of High Density Polyethylene (HDPE) , which are recycled plastic that are made mainly from post-consumer products. The HDPE material is also recycleable at the end of its life, making the chair eco-friendly. Weather Resistant Created to withstand various weather conditions such as rain, wind, sun, and extreme temperatures without getting deteriorating in quality. The screws in the chair are made out of 304 Stainless Steel, which ensure weather-resistant and waterproof. Color-Stay Tech UV inhibitors, stabilizers, and light stable pigments protect our lumber from harmful environmental degradation. 20-Year Warranty Guarantees any repairments or replacements of any defects or malfunctions that may arixe in the chair during the 20-year period from the date of purchase. ** Guarantees any repairments or replacements of any defects or malfunctions that may arixe in the chair during the 20-year period from the date of purchase. Low Maintenance Requires minimal upkeep and care to keep it in good ondition without requiring frequent repairs. Designed to be easy to clean. Folding Easily Folded &amp; Opened 2 pins removed, easy folding/unfolding, convenient storage and space-saving. Perfect for outdoor activities. Convenient storage and movement Locking Pin This product features two pins on each side of the chair for stable usage. Fixing the pins ensures safe and secure seating without any shaking when unfolded. Stable Locking Our chair features a unique locking mechanism, setting it apart from other brands. Once secured, it stays in place, ensuring safe usage. Experience ultimate comfort and trust combined. Contoured Back The Adirondack Foldable chair is designed to follow the natural curve of the human back, providing a supportive and comforting seating experience. Wide Armrests The Foldable chair features armrests that are wider than average, providing extra space for users to comfortably rest their arms or place items like books and drinks. Mahogany White Dark Brown Grey N.W./G.W. Package(ea) 17.9/19.05 Package(each) 39.50/42.00 User Weight Capacity 350Lbs Carton Size Package(ea) 55*18*95.5 Package(each) 21.7*7.1*37.6
[Available Options & Prices]
- [Color: White] => Total Price: $199.0 | Availability: Stock info unavailable
- [Color: DarkBrown] => Total Price: $199.0 | Availability: Stock info unavailable
- [Color: Grey] => Total Price: $199.0 | Availability: Stock info unavailable
- [Color: Mahogany] => Total Price: $199.0 | Availability: Stock info unavailable",199.0,Chairs,Durapatio
foldable-2set,"Product Name: Foldable 2set
Description: <!-- .section-content{margin-left:auto;margin-right:auto;max-width:980px;} .section-wrapper{justify-content:space-between} .feature-row:after { content: """"; display: table; clear: both; } .head-text-midium{ font-size: 28px; font-weight: 700; } .head-text-large{ font-size: 38px; font-weight: 600; } .body-text-1{ font-size: 16px; margin: 50px 30px 0 0; } .body-text-2{ font-size: 12px; } .body-text-1{ font-size: 16px; } .body-text-3{ font-size: 16px; } .feature-row-4 { display:flex; flex-wrap:wrap; } .feature-row-4 > * { width:100%; padding:1rem; } .feature-row-5{ display:flex; flex-wrap:wrap; } .feature-row-5 > * { width:100%; padding:1rem; } .feature-row-6{ display:flex; flex-wrap:wrap; } .feature-row-6 > * { width:100%; } .feature-row-7{ display:flex; flex-wrap:wrap; padding-top:30px; padding-right: 30px; } .feature-row-7 > *:nth-child(1) { width:20%; } .feature-row-7 > *:nth-child(2) { width:80%; } .feature-row-8{ display:flex; flex-wrap:wrap; } .feature-row-8 > * { width:25%; padding:1rem; } .feature-row-8 img{ width:130px; height: auto; margin-left: auto; margin-right: auto; } .feature-row-9{ display:flex; flex-wrap:wrap; } .feature-row-9 > * { width:25%; padding:1rem; } .feature-row-9 img{ width:200px; height: 200px; margin-left: auto; margin-right: auto; } .img-midium{ width: 70%; height: auto; margin-left: auto; margin-right: auto; } .img-midium-2{ width: 50%; height: auto; margin-left: auto; margin-right: auto; } .img-midium-3{ width: 70%; height: auto; margin-top:250px; } .img-midium-4{ width: 80%; height: auto; margin-left:50px; } .img-midium-5{ width: 350px; height: auto; } .img-small{ width:60px; height: auto; } .img-small-2{ width:40%; height: auto; } .img-shadow{ -webkit-box-shadow: -15px 15px 0px #699d6f; border-radius:0px; } .color-brown{color:#855b49;} .color-blue{color: #3a577b;} .color-red{color:#d5432a;} .color-grey{color: #888889;} .color-pink{color:#dd618f;} .color-marho{color: #815e38;} .color-green{color: #41ab5c;} .pad-top-50{padding-top:50px;} .pad-top-30{padding-top:30px;} .pad-top-10{padding-top:10px;} .pad-bot-50{padding-bottom: 50px;} .pad-bot-30{padding-bottom: 30px;} .pad-bot-10{padding-bottom: 10px;} .pad-bot-15{padding-bottom: 15px;} .pad-left-10{padding-left: 10px;} .pad-left-15{padding-left: 15px;} .pad-left-30{padding-left: 30px;} .pad-right-30{padding-right: 30px;} .pad-1r{padding: 1rem;} .pad-10{padding: 10px;} .pad-20{padding: 20px;} .pad-30{padding: 30px;} .mar-top-50{margin-top: 50px;} .mar-bot-50{margin-bottom: 50px;} .mar-top-30{margin-top: 30px;} .mar-bot-30{margin-bottom: 30px;} .mar-right-30{margin-right: 30px;} .mar-left-30{margin-left: 30px;} .mar-auto{margin: auto;} .bag-color-grey{background-color: #dbdbdb;} .bag-color-lightgrey{background-color: #ebebeb;} .sub-text{ font-size:17px; font-weight: 600; } .head-demen{ font-size: 30px; font-weight: 600; text-align: center; } .head-text-pad{ padding:10px 30px; } .body-text-pad{ padding:10px 30px; } .bor-left{border-left: 2px solid #d1d1d1;} .cap-title{ text-align: center; font-size: 14px; font-weight: 600; } .size-20{ font-size: 20px; } table{ padding:0.5em; text-align: center; } th,td{ padding:1.5em; border-top:1px solid #DCDCDC;} th{ font-size:24px; font-weight:600; border-right:1px solid #DCDCDC; } .first-row{ border-top:none; } td{ font-size:18px; font-weight:300; } .section-content-table{ max-width: 700px; margin-left: auto; margin-right: auto; } /*-----------------------------------------------*/ @media (min-width:768px) { .feature-row-4 > *:nth-child(1) { width:50%; } .feature-row-4 > *:nth-child(2) { width:50%; order:-1; } .feature-row-5 > * { width:50%; } .feature-row-6 > *:nth-child(1) { width:40%; } .feature-row-6 > *:nth-child(2) { width:60%; } .feature-row-7{ padding-top:0px; } .feature-row-7 > *:nth-child(1) { width:15%; } .feature-row-7 > *:nth-child(2) { width:85%; } } @media screen and (max-width: 800px) { .body-text-1{ margin: 30px 0 0 0; } .body-text-2{ margin-right: 0px; } .head-text-long{ margin-top:-10px; } .head-text-midium{ font-size: 20px; } .head-text-large{ font-size: 25px; font-weight: 600; } .img-small{ width:80px; height: auto; } .img-small-2{ width:40%; height: auto; margin: auto; } .feature-row-8{ display:flex; flex-wrap:wrap; } .feature-row-8 > * { width:25%; padding:5px; /*margin-left: auto; margin-right: auto;*/ } .feature-row-9{ display:flex; flex-wrap:wrap; } .feature-row-9 > * { width:50%; padding:5px; } .feature-row-8 img{ width:50px; height: auto; margin-left: auto; margin-right: auto; } .feature-row-9 img{ width:150px; height: 150px; margin-left: auto; margin-right: auto; } .cap-title{ text-align: center; font-size: 9px; font-weight: 600; } .head-text-pad{ padding:30px 0 10px 0; } .body-text-pad{ padding:10px 0; } .img-midium-3{ width: 70%; height: auto; margin-top:150px; } .img-midium-4{ width: 100%; height: auto; margin-left: 0; } table{ padding:0.5em; } th,td{ padding:0.5em; border-top:1px solid #DCDCDC;} th{ font-size:13px; font-weight:600; border-right:1px solid #DCDCDC; } .first-row{ border-top:none; } td{ font-size:13px; font-weight:300; } } } --> Color-Stay Tech Weather Resistant Low Maintenance 20-Year Warranty Made Out of Recycled Materials Our Adirondack Foldable chair is made out of High Density Polyethylene (HDPE) , which are recycled plastic that are made mainly from post-consumer products. The HDPE material is also recycleable at the end of its life, making the chair eco-friendly. Weather Resistant Created to withstand various weather conditions such as rain, wind, sun, and extreme temperatures without getting deteriorating in quality. The screws in the chair are made out of 304 Stainless Steel, which ensure weather-resistant and waterproof. Color-Stay Tech UV inhibitors, stabilizers, and light stable pigments protect our lumber from harmful environmental degradation. 20-Year Warranty Guarantees any repairments or replacements of any defects or malfunctions that may arixe in the chair during the 20-year period from the date of purchase. ** Guarantees any repairments or replacements of any defects or malfunctions that may arixe in the chair during the 20-year period from the date of purchase. Low Maintenance Requires minimal upkeep and care to keep it in good ondition without requiring frequent repairs. Designed to be easy to clean. Folding Easily Folded &amp; Opened 2 pins removed, easy folding/unfolding, convenient storage and space-saving. Perfect for outdoor activities. Convenient Storage And Movement Locking Pin This product features two pins on each side of the chair for stable usage. Fixing the pins ensures safe and secure seating without any shaking when unfolded. Stable Locking Our chair features a unique locking mechanism, setting it apart from other brands. Once secured, it stays in place, ensuring safe usage. Experience ultimate comfort and trust combined. Contoured Back The Adirondack Foldable chair is designed to follow the natural curve of the human back, providing a supportive and comforting seating experience. Wide Armrests The Foldable chair features armrests that are wider than average, providing extra space for users to comfortably rest their arms or place items like books and drinks. Mahogany White Dark Brown Grey N.W./G.W. 39.50Lbs/42.00Lbs User Weight Capacity 300Lbs Carton Size 21.7""(L)x7.1""(W)x37.6""(H)
[Available Options & Prices]
- [Color: White] => Total Price: $443.0 | Availability: Stock info unavailable
- [Color: DarkBrown] => Total Price: $443.0 | Availability: Stock info unavailable
- [Color: Grey] => Total Price: $443.0 | Availability: Stock info unavailable
- [Color: Mahogany] => Total Price: $443.0 | Availability: Stock info unavailable",443.0,Package,Durapatio
foldable-2setwhite,"Product Name: Foldable 2set
Description: Color-Stay Tech Weather Resistant Low Maintenance 20-Year Warranty Made Out of Recycled Materials Our Adirondack Foldable chair is made out of High Density Polyethylene (HDPE) , which are recycled plastic that are made mainly from post-consumer products. The HDPE material is also recycleable at the end of its life, making the chair eco-friendly. Weather Resistant Created to withstand various weather conditions such as rain, wind, sun, and extreme temperatures without getting deteriorating in quality. The screws in the chair are made out of 304 Stainless Steel, which ensure weather-resistant and waterproof. Color-Stay Tech UV inhibitors, stabilizers, and light stable pigments protect our lumber from harmful environmental degradation. 20-Year Warranty Guarantees any repairments or replacements of any defects or malfunctions that may arixe in the chair during the 20-year period from the date of purchase. ** Guarantees any repairments or replacements of any defects or malfunctions that may arixe in the chair during the 20-year period from the date of purchase. Low Maintenance Requires minimal upkeep and care to keep it in good ondition without requiring frequent repairs. Designed to be easy to clean. Folding Easily Folded &amp; Opened 2 pins removed, easy folding/unfolding, convenient storage and space-saving. Perfect for outdoor activities. Convenient Storage And Movement Locking Pin This product features two pins on each side of the chair for stable usage. Fixing the pins ensures safe and secure seating without any shaking when unfolded. Stable Locking Our chair features a unique locking mechanism, setting it apart from other brands. Once secured, it stays in place, ensuring safe usage. Experience ultimate comfort and trust combined. Contoured Back The Adirondack Foldable chair is designed to follow the natural curve of the human back, providing a supportive and comforting seating experience. Wide Armrests The Foldable chair features armrests that are wider than average, providing extra space for users to comfortably rest their arms or place items like books and drinks. Mahogany White Dark Brown Grey N.W./G.W. 39.50Lbs/42.00Lbs User Weight Capacity 300Lbs Carton Size 21.7""(L)x7.1""(W)x37.6""(H)
[Available Options & Prices]
- [Color: White] => Total Price: $443.0 | Availability: Stock info unavailable
- [Color: DarkBrown] => Total Price: $443.0 | Availability: Stock info unavailable
- [Color: Grey] => Total Price: $443.0 | Availability: Stock info unavailable
- [Color: Mahogany] => Total Price: $443.0 | Availability: Stock info unavailable",443.0,Package,Durapatio
foldable-4set,"Product Name: Foldable 4set
Description: <!-- .section-content{margin-left:auto;margin-right:auto;max-width:980px;} .section-wrapper{justify-content:space-between} .feature-row:after { content: """"; display: table; clear: both; } .head-text-midium{ font-size: 28px; font-weight: 700; } .head-text-large{ font-size: 38px; font-weight: 600; } .body-text-1{ font-size: 16px; margin: 50px 30px 0 0; } .body-text-2{ font-size: 12px; } .body-text-1{ font-size: 16px; } .body-text-3{ font-size: 16px; } .feature-row-4 { display:flex; flex-wrap:wrap; } .feature-row-4 > * { width:100%; padding:1rem; } .feature-row-5{ display:flex; flex-wrap:wrap; } .feature-row-5 > * { width:100%; padding:1rem; } .feature-row-6{ display:flex; flex-wrap:wrap; } .feature-row-6 > * { width:100%; } .feature-row-7{ display:flex; flex-wrap:wrap; padding-top:30px; padding-right: 30px; } .feature-row-7 > *:nth-child(1) { width:20%; } .feature-row-7 > *:nth-child(2) { width:80%; } .feature-row-8{ display:flex; flex-wrap:wrap; } .feature-row-8 > * { width:25%; padding:1rem; } .feature-row-8 img{ width:130px; height: auto; margin-left: auto; margin-right: auto; } .feature-row-9{ display:flex; flex-wrap:wrap; } .feature-row-9 > * { width:25%; padding:1rem; } .feature-row-9 img{ width:200px; height: 200px; margin-left: auto; margin-right: auto; } .img-midium{ width: 70%; height: auto; margin-left: auto; margin-right: auto; } .img-midium-2{ width: 50%; height: auto; margin-left: auto; margin-right: auto; } .img-midium-3{ width: 70%; height: auto; margin-top:250px; } .img-midium-4{ width: 80%; height: auto; margin-left:50px; } .img-midium-5{ width: 350px; height: auto; } .img-small{ width:60px; height: auto; } .img-small-2{ width:40%; height: auto; } .img-shadow{ -webkit-box-shadow: -15px 15px 0px #699d6f; border-radius:0px; } .color-brown{color:#855b49;} .color-blue{color: #3a577b;} .color-red{color:#d5432a;} .color-grey{color: #888889;} .color-pink{color:#dd618f;} .color-marho{color: #815e38;} .color-green{color: #41ab5c;} .pad-top-50{padding-top:50px;} .pad-top-30{padding-top:30px;} .pad-top-10{padding-top:10px;} .pad-bot-50{padding-bottom: 50px;} .pad-bot-30{padding-bottom: 30px;} .pad-bot-10{padding-bottom: 10px;} .pad-bot-15{padding-bottom: 15px;} .pad-left-10{padding-left: 10px;} .pad-left-15{padding-left: 15px;} .pad-left-30{padding-left: 30px;} .pad-right-30{padding-right: 30px;} .pad-1r{padding: 1rem;} .pad-10{padding: 10px;} .pad-20{padding: 20px;} .pad-30{padding: 30px;} .mar-top-50{margin-top: 50px;} .mar-bot-50{margin-bottom: 50px;} .mar-top-30{margin-top: 30px;} .mar-bot-30{margin-bottom: 30px;} .mar-right-30{margin-right: 30px;} .mar-left-30{margin-left: 30px;} .mar-auto{margin: auto;} .bag-color-grey{background-color: #dbdbdb;} .bag-color-lightgrey{background-color: #ebebeb;} .sub-text{ font-size:17px; font-weight: 600; } .head-demen{ font-size: 30px; font-weight: 600; text-align: center; } .head-text-pad{ padding:10px 30px; } .body-text-pad{ padding:10px 30px; } .bor-left{border-left: 2px solid #d1d1d1;} .cap-title{ text-align: center; font-size: 14px; font-weight: 600; } .size-20{ font-size: 20px; } table{ padding:0.5em; text-align: center; } th,td{ padding:1.5em; border-top:1px solid #DCDCDC;} th{ font-size:24px; font-weight:600; border-right:1px solid #DCDCDC; } .first-row{ border-top:none; } td{ font-size:18px; font-weight:300; } .section-content-table{ max-width: 700px; margin-left: auto; margin-right: auto; } /*-----------------------------------------------*/ @media (min-width:768px) { .feature-row-4 > *:nth-child(1) { width:50%; } .feature-row-4 > *:nth-child(2) { width:50%; order:-1; } .feature-row-5 > * { width:50%; } .feature-row-6 > *:nth-child(1) { width:40%; } .feature-row-6 > *:nth-child(2) { width:60%; } .feature-row-7{ padding-top:0px; } .feature-row-7 > *:nth-child(1) { width:15%; } .feature-row-7 > *:nth-child(2) { width:85%; } } @media screen and (max-width: 800px) { .body-text-1{ margin: 30px 0 0 0; } .body-text-2{ margin-right: 0px; } .head-text-long{ margin-top:-10px; } .head-text-midium{ font-size: 20px; } .head-text-large{ font-size: 25px; font-weight: 600; } .img-small{ width:80px; height: auto; } .img-small-2{ width:40%; height: auto; margin: auto; } .feature-row-8{ display:flex; flex-wrap:wrap; } .feature-row-8 > * { width:25%; padding:5px; /*margin-left: auto; margin-right: auto;*/ } .feature-row-9{ display:flex; flex-wrap:wrap; } .feature-row-9 > * { width:50%; padding:5px; } .feature-row-8 img{ width:50px; height: auto; margin-left: auto; margin-right: auto; } .feature-row-9 img{ width:150px; height: 150px; margin-left: auto; margin-right: auto; } .cap-title{ text-align: center; font-size: 9px; font-weight: 600; } .head-text-pad{ padding:30px 0 10px 0; } .body-text-pad{ padding:10px 0; } .img-midium-3{ width: 70%; height: auto; margin-top:150px; } .img-midium-4{ width: 100%; height: auto; margin-left: 0; } table{ padding:0.5em; } th,td{ padding:0.5em; border-top:1px solid #DCDCDC;} th{ font-size:13px; font-weight:600; border-right:1px solid #DCDCDC; } .first-row{ border-top:none; } td{ font-size:13px; font-weight:300; } } } --> Color-Stay Tech Weather Resistant Low Maintenance 20-Year Warranty Made Out of Recycled Materials Our Adirondack Foldable chair is made out of High Density Polyethylene (HDPE) , which are recycled plastic that are made mainly from post-consumer products. The HDPE material is also recycleable at the end of its life, making the chair eco-friendly. Weather Resistant Created to withstand various weather conditions such as rain, wind, sun, and extreme temperatures without getting deteriorating in quality. The screws in the chair are made out of 304 Stainless Steel, which ensure weather-resistant and waterproof. Color-Stay Tech UV inhibitors, stabilizers, and light stable pigments protect our lumber from harmful environmental degradation. 20-Year Warranty Guarantees any repairments or replacements of any defects or malfunctions that may arixe in the chair during the 20-year period from the date of purchase. ** Guarantees any repairments or replacements of any defects or malfunctions that may arixe in the chair during the 20-year period from the date of purchase. Low Maintenance Requires minimal upkeep and care to keep it in good ondition without requiring frequent repairs. Designed to be easy to clean. Folding Easily Folded &amp; Opened 2 pins removed, easy folding/unfolding, convenient storage and space-saving. Perfect for outdoor activities. Convenient Storage And Movement Locking Pin This product features two pins on each side of the chair for stable usage. Fixing the pins ensures safe and secure seating without any shaking when unfolded. Stable Locking Our chair features a unique locking mechanism, setting it apart from other brands. Once secured, it stays in place, ensuring safe usage. Experience ultimate comfort and trust combined. Contoured Back The Adirondack Foldable chair is designed to follow the natural curve of the human back, providing a supportive and comforting seating experience. Wide Armrests The Foldable chair features armrests that are wider than average, providing extra space for users to comfortably rest their arms or place items like books and drinks. Mahogany White Dark Brown Grey N.W./G.W. 39.50Lbs/42.00Lbs User Weight Capacity 300Lbs Carton Size 21.7""(L)x7.1""(W)x37.6""(H)
[Available Options & Prices]
- [Color: Mahogany] => Total Price: $840.0 | Availability: Stock info unavailable
- [Color: DarkBrown] => Total Price: $840.0 | Availability: Stock info unavailable
- [Color: White] => Total Price: $840.0 | Availability: Stock info unavailable
- [Color: Grey] => Total Price: $840.0 | Availability: Stock info unavailable",840.0,Package,Durapatio
foldable-4setdark-brown,"Product Name: Foldable 4set
Description: Color-Stay Tech Weather Resistant Low Maintenance 20-Year Warranty Made Out of Recycled Materials Our Adirondack Foldable chair is made out of High Density Polyethylene (HDPE) , which are recycled plastic that are made mainly from post-consumer products. The HDPE material is also recycleable at the end of its life, making the chair eco-friendly. Weather Resistant Created to withstand various weather conditions such as rain, wind, sun, and extreme temperatures without getting deteriorating in quality. The screws in the chair are made out of 304 Stainless Steel, which ensure weather-resistant and waterproof. Color-Stay Tech UV inhibitors, stabilizers, and light stable pigments protect our lumber from harmful environmental degradation. 20-Year Warranty Guarantees any repairments or replacements of any defects or malfunctions that may arixe in the chair during the 20-year period from the date of purchase. ** Guarantees any repairments or replacements of any defects or malfunctions that may arixe in the chair during the 20-year period from the date of purchase. Low Maintenance Requires minimal upkeep and care to keep it in good ondition without requiring frequent repairs. Designed to be easy to clean. Folding Easily Folded &amp; Opened 2 pins removed, easy folding/unfolding, convenient storage and space-saving. Perfect for outdoor activities. Convenient Storage And Movement Locking Pin This product features two pins on each side of the chair for stable usage. Fixing the pins ensures safe and secure seating without any shaking when unfolded. Stable Locking Our chair features a unique locking mechanism, setting it apart from other brands. Once secured, it stays in place, ensuring safe usage. Experience ultimate comfort and trust combined. Contoured Back The Adirondack Foldable chair is designed to follow the natural curve of the human back, providing a supportive and comforting seating experience. Wide Armrests The Foldable chair features armrests that are wider than average, providing extra space for users to comfortably rest their arms or place items like books and drinks. Mahogany White Dark Brown Grey N.W./G.W. 39.50Lbs/42.00Lbs User Weight Capacity 300Lbs Carton Size 21.7""(L)x7.1""(W)x37.6""(H)
[Available Options & Prices]
- [Color: Mahogany] => Total Price: $840.0 | Availability: Stock info unavailable
- [Color: DarkBrown] => Total Price: $840.0 | Availability: Stock info unavailable
- [Color: White] => Total Price: $840.0 | Availability: Stock info unavailable
- [Color: Grey] => Total Price: $840.0 | Availability: Stock info unavailable",840.0,Package,Durapatio
foldabledarkbrown,"Product Name: Foldable(DarkBrown)
Description: Color-Stay Tech Weather Resistant Low Maintenance 20-Year Warranty Made Out of Recycled Materials Our Adirondack Foldable chair is made out of High Density Polyethylene (HDPE) , which are recycled plastic that are made mainly from post-consumer products. The HDPE material is also recycleable at the end of its life, making the chair eco-friendly. Weather Resistant Created to withstand various weather conditions such as rain, wind, sun, and extreme temperatures without getting deteriorating in quality. The screws in the chair are made out of 304 Stainless Steel, which ensure weather-resistant and waterproof. Color-Stay Tech UV inhibitors, stabilizers, and light stable pigments protect our lumber from harmful environmental degradation. 20-Year Warranty Guarantees any repairments or replacements of any defects or malfunctions that may arixe in the chair during the 20-year period from the date of purchase. ** Guarantees any repairments or replacements of any defects or malfunctions that may arixe in the chair during the 20-year period from the date of purchase. Low Maintenance Requires minimal upkeep and care to keep it in good ondition without requiring frequent repairs. Designed to be easy to clean. Folding Easily Folded &amp; Opened 2 pins removed, easy folding/unfolding, convenient storage and space-saving. Perfect for outdoor activities. Convenient Storage And Movement Locking Pin This product features two pins on each side of the chair for stable usage. Fixing the pins ensures safe and secure seating without any shaking when unfolded. Stable Locking Our chair features a unique locking mechanism, setting it apart from other brands. Once secured, it stays in place, ensuring safe usage. Experience ultimate comfort and trust combined. Contoured Back The Adirondack Foldable chair is designed to follow the natural curve of the human back, providing a supportive and comforting seating experience. Wide Armrests The Foldable chair features armrests that are wider than average, providing extra space for users to comfortably rest their arms or place items like books and drinks. Mahogany White Dark Brown Grey N.W./G.W. 39.50Lbs/42.00Lbs User Weight Capacity 300Lbs Carton Size 21.7""(L)x7.1""(W)x37.6""(H)
[Available Options & Prices]
- [Color: DarkBrown] => Total Price: $199.0 | Availability: Stock info unavailable
- [Color: Grey] => Total Price: $199.0 | Availability: Stock info unavailable
- [Color: White] => Total Price: $199.0 | Availability: Stock info unavailable
- [Color: Mahogany] => Total Price: $199.0 | Availability: Stock info unavailable",199.0,Chairs,Durapatio
foldablegrey,"Product Name: Foldable(Grey)
Description: Color-Stay Tech Weather Resistant Low Maintenance 20-Year Warranty Made Out of Recycled Materials Our Adirondack Foldable chair is made out of High Density Polyethylene (HDPE) , which are recycled plastic that are made mainly from post-consumer products. The HDPE material is also recycleable at the end of its life, making the chair eco-friendly. Weather Resistant Created to withstand various weather conditions such as rain, wind, sun, and extreme temperatures without getting deteriorating in quality. The screws in the chair are made out of 304 Stainless Steel, which ensure weather-resistant and waterproof. Color-Stay Tech UV inhibitors, stabilizers, and light stable pigments protect our lumber from harmful environmental degradation. 20-Year Warranty Guarantees any repairments or replacements of any defects or malfunctions that may arixe in the chair during the 20-year period from the date of purchase. ** Guarantees any repairments or replacements of any defects or malfunctions that may arixe in the chair during the 20-year period from the date of purchase. Low Maintenance Requires minimal upkeep and care to keep it in good ondition without requiring frequent repairs. Designed to be easy to clean. Folding Easily Folded &amp; Opened 2 pins removed, easy folding/unfolding, convenient storage and space-saving. Perfect for outdoor activities. Convenient Storage And Movement Locking Pin This product features two pins on each side of the chair for stable usage. Fixing the pins ensures safe and secure seating without any shaking when unfolded. Stable Locking Our chair features a unique locking mechanism, setting it apart from other brands. Once secured, it stays in place, ensuring safe usage. Experience ultimate comfort and trust combined. Contoured Back The Adirondack Foldable chair is designed to follow the natural curve of the human back, providing a supportive and comforting seating experience. Wide Armrests The Foldable chair features armrests that are wider than average, providing extra space for users to comfortably rest their arms or place items like books and drinks. Mahogany White Dark Brown Grey N.W./G.W. 39.50Lbs/42.00Lbs User Weight Capacity 300Lbs Carton Size 21.7""(L)x7.1""(W)x37.6""(H)
[Available Options & Prices]
- [Color: Grey] => Total Price: $199.0 | Availability: Stock info unavailable
- [Color: DarkBrown] => Total Price: $199.0 | Availability: Stock info unavailable
- [Color: Mahogany] => Total Price: $199.0 | Availability: Stock info unavailable
- [Color: White] => Total Price: $199.0 | Availability: Stock info unavailable",199.0,Chairs,Durapatio
foldablemahogany,"Product Name: Foldable(Mahogany)
Description: Color-Stay Tech Weather Resistant Low Maintenance 20-Year Warranty Made Out of Recycled Materials Our Adirondack Foldable chair is made out of High Density Polyethylene (HDPE) , which are recycled plastic that are made mainly from post-consumer products. The HDPE material is also recycleable at the end of its life, making the chair eco-friendly. Weather Resistant Created to withstand various weather conditions such as rain, wind, sun, and extreme temperatures without getting deteriorating in quality. The screws in the chair are made out of 304 Stainless Steel, which ensure weather-resistant and waterproof. Color-Stay Tech UV inhibitors, stabilizers, and light stable pigments protect our lumber from harmful environmental degradation. 20-Year Warranty Guarantees any repairments or replacements of any defects or malfunctions that may arixe in the chair during the 20-year period from the date of purchase. ** Guarantees any repairments or replacements of any defects or malfunctions that may arixe in the chair during the 20-year period from the date of purchase. Low Maintenance Requires minimal upkeep and care to keep it in good ondition without requiring frequent repairs. Designed to be easy to clean. Folding Easily Folded &amp; Opened 2 pins removed, easy folding/unfolding, convenient storage and space-saving. Perfect for outdoor activities. Convenient Storage And Movement Locking Pin This product features two pins on each side of the chair for stable usage. Fixing the pins ensures safe and secure seating without any shaking when unfolded. Stable Locking Our chair features a unique locking mechanism, setting it apart from other brands. Once secured, it stays in place, ensuring safe usage. Experience ultimate comfort and trust combined. Contoured Back The Adirondack Foldable chair is designed to follow the natural curve of the human back, providing a supportive and comforting seating experience. Wide Armrests The Foldable chair features armrests that are wider than average, providing extra space for users to comfortably rest their arms or place items like books and drinks. Mahogany White Dark Brown Grey N.W./G.W. 39.50Lbs/42.00Lbs User Weight Capacity 300Lbs Carton Size 21.7""(L)x7.1""(W)x37.6""(H)
[Available Options & Prices]
- [Color: Mahogany] => Total Price: $279.0 | Availability: Stock info unavailable
- [Color: White] => Total Price: $279.0 | Availability: Stock info unavailable
- [Color: DarkBrown] => Total Price: $279.0 | Availability: Stock info unavailable
- [Color: Grey] => Total Price: $279.0 | Availability: Stock info unavailable",279.0,Chairs,Durapatio
foot-relaxation-package,"Product Name: Foot Relaxation Package (OS-F2 Foot Sauna + AM-61 Shiatsu Cushion)
Description: OS-F2 Foot Sauna + Amamedic AM-61 Shiatsu Massage Cushion $(""#externalURL2"").load(externalURL2, () => { $(""#externalURL2"").contents().unwrap() }) $(""#externalURL"").load(externalURL, () => { $(""#externalURL"").contents().unwrap() })
[Available Options & Prices]
- [Title: Default Title] => Total Price: $299.0 | Availability: Stock info unavailable",299.0,Massage Chair,Titan Chair
gibson-swivel-chair,"Product Name: Gibson Swivel Chair
Description: Gibson Swivel Chair PU leather
[Available Options & Prices]
- [Color: Taupe / Leather: PU / Warranty: 1 year (parts only)] => Total Price: $799.0 | Availability: Stock info unavailable
- [Color: Gray / Leather: PU / Warranty: 1 year (parts only)] => Total Price: $799.0 | Availability: Stock info unavailable
- [Color: Dark Gray / Leather: PU / Warranty: 1 year (parts only)] => Total Price: $799.0 | Availability: Stock info unavailable
- [Color: Chestnut / Leather: PU / Warranty: 1 year (parts only)] => Total Price: $799.0 | Availability: Stock info unavailable
- [Color: Dark Brown / Leather: PU / Warranty: 1 year (parts only)] => Total Price: $799.0 | Availability: Stock info unavailable
- [Color: Black / Leather: PU / Warranty: 1 year (parts only)] => Total Price: $799.0 | Availability: Stock info unavailable",799.0,Patio Chair,Dura Patio
grandduo-fragrance-module,"Product Name: GrandDuo Fragrance Module
Description: const externalURL = ""https://ota-shawn.github.io/Products/Others/GrandDuo%20Fragrance%20Module.html"" $(""#externalURL"").load(externalURL, () => { $(""#externalURL"").contents().unwrap() })
[Available Options & Prices]
- [Title: Default Title] => Total Price: $29.99 | Availability: Stock info unavailable",29.99,Accessory,Osaki
grande-xl-big-tall-massage-chair,"Product Name: Grande XL- Big and Tall (Up to 375lbs, 6'5"")
Description: 3D Massage Mechanism Intelligent Voice Control Automatic Body Scan 3-Stage Zero Gravity SL-Track 8 Auto Programs 5 Manual Programs 22 Cell Full Body Air Massage 2 Specialized Foot Rollers Spring-Loaded Extendable Footrest Lumbar Heating Convenient Remote Control Bluetooth Speakers const externalURL = ""https://RobinChoi00.github.io/Product/ReGrandXL/ReGrandXL_productPage.html?v=20250515""; $(""#externalURL"").load(externalURL, () => { $(""#externalURL"").contents().unwrap(); const script = document.createElement(""script""); script.src = ""https://RobinChoi00.github.io/Product/ReGrandXL/ReGrandXL_script.js""; script.defer = true; document.body.appendChild(script); });
[Available Options & Prices]
- [Color: Black / Delivery: Curbside Delivery - Free / Warranty: 1 Year(Parts/Labor) 2&3 Year(Parts Only) - Free] => Total Price: $2499.0 | Availability: Stock info unavailable
- [Color: Black / Delivery: Curbside Delivery - Free / Warranty: 1 Year Extended(Parts/Labor) - $249.95] => Total Price: $2748.95 | Availability: Stock info unavailable
- [Color: Black / Delivery: Curbside Delivery - Free / Warranty: 2 Year Extended(Parts/Labor) - $349.95] => Total Price: $2848.95 | Availability: Stock info unavailable
- [Color: Black / Delivery: White Glove Delivery - $275 / Warranty: 1 Year(Parts/Labor) 2&3 Year(Parts Only) - Free] => Total Price: $2774.0 | Availability: Stock info unavailable
- [Color: Black / Delivery: White Glove Delivery - $275 / Warranty: 1 Year Extended(Parts/Labor) - $249.95] => Total Price: $3023.95 | Availability: Stock info unavailable
- [Color: Black / Delivery: White Glove Delivery - $275 / Warranty: 2 Year Extended(Parts/Labor) - $349.95] => Total Price: $3123.95 | Availability: Stock info unavailable
- [Color: Brown / Delivery: Curbside Delivery - Free / Warranty: 1 Year(Parts/Labor) 2&3 Year(Parts Only) - Free] => Total Price: $2499.0 | Availability: Stock info unavailable
- [Color: Brown / Delivery: Curbside Delivery - Free / Warranty: 1 Year Extended(Parts/Labor) - $249.95] => Total Price: $2748.95 | Availability: Stock info unavailable
- [Color: Brown / Delivery: Curbside Delivery - Free / Warranty: 2 Year Extended(Parts/Labor) - $349.95] => Total Price: $2848.95 | Availability: Stock info unavailable
- [Color: Brown / Delivery: White Glove Delivery - $275 / Warranty: 1 Year(Parts/Labor) 2&3 Year(Parts Only) - Free] => Total Price: $2774.0 | Availability: Stock info unavailable
- [Color: Brown / Delivery: White Glove Delivery - $275 / Warranty: 1 Year Extended(Parts/Labor) - $249.95] => Total Price: $3023.95 | Availability: Stock info unavailable
- [Color: Brown / Delivery: White Glove Delivery - $275 / Warranty: 2 Year Extended(Parts/Labor) - $349.95] => Total Price: $3123.95 | Availability: Stock info unavailable
- [Color: Taupe / Delivery: Curbside Delivery - Free / Warranty: 1 Year(Parts/Labor) 2&3 Year(Parts Only) - Free] => Total Price: $2499.0 | Availability: Stock info unavailable
- [Color: Taupe / Delivery: Curbside Delivery - Free / Warranty: 1 Year Extended(Parts/Labor) - $249.95] => Total Price: $2748.95 | Availability: Stock info unavailable
- [Color: Taupe / Delivery: Curbside Delivery - Free / Warranty: 2 Year Extended(Parts/Labor) - $349.95] => Total Price: $2848.95 | Availability: Stock info unavailable
- [Color: Taupe / Delivery: White Glove Delivery - $275 / Warranty: 1 Year(Parts/Labor) 2&3 Year(Parts Only) - Free] => Total Price: $2774.0 | Availability: Stock info unavailable
- [Color: Taupe / Delivery: White Glove Delivery - $275 / Warranty: 1 Year Extended(Parts/Labor) - $249.95] => Total Price: $3023.95 | Availability: Stock info unavailable
- [Color: Taupe / Delivery: White Glove Delivery - $275 / Warranty: 2 Year Extended(Parts/Labor) - $349.95] => Total Price: $3123.95 | Availability: Stock info unavailable",2499.0,Massage Chair,Titan
hampton-driftwood-outdoor-wicker-and-solid-teak-5-pc-dining-set-with-48-in-d-table,"Product Name: Foldable(white)
Description: Color-Stay Tech Weather Resistant Low Maintenance 20-Year Warranty Made Out of Recycled Materials Our Adirondack Foldable chair is made out of High Density Polyethylene (HDPE) , which are recycled plastic that are made mainly from post-consumer products. The HDPE material is also recycleable at the end of its life, making the chair eco-friendly. Weather Resistant Created to withstand various weather conditions such as rain, wind, sun, and extreme temperatures without getting deteriorating in quality. The screws in the chair are made out of 304 Stainless Steel, which ensure weather-resistant and waterproof. Color-Stay Tech UV inhibitors, stabilizers, and light stable pigments protect our lumber from harmful environmental degradation. 20-Year Warranty Guarantees any repairments or replacements of any defects or malfunctions that may arixe in the chair during the 20-year period from the date of purchase. ** Guarantees any repairments or replacements of any defects or malfunctions that may arixe in the chair during the 20-year period from the date of purchase. Low Maintenance Requires minimal upkeep and care to keep it in good ondition without requiring frequent repairs. Designed to be easy to clean. Folding Easily Folded &amp; Opened 2 pins removed, easy folding/unfolding, convenient storage and space-saving. Perfect for outdoor activities. Convenient Storage And Movement Locking Pin This product features two pins on each side of the chair for stable usage. Fixing the pins ensures safe and secure seating without any shaking when unfolded. Stable Locking Our chair features a unique locking mechanism, setting it apart from other brands. Once secured, it stays in place, ensuring safe usage. Experience ultimate comfort and trust combined. Contoured Back The Adirondack Foldable chair is designed to follow the natural curve of the human back, providing a supportive and comforting seating experience. Wide Armrests The Foldable chair features armrests that are wider than average, providing extra space for users to comfortably rest their arms or place items like books and drinks. Mahogany White Dark Brown Grey N.W./G.W. 39.50Lbs/42.00Lbs User Weight Capacity 300Lbs Carton Size 21.7""(L)x7.1""(W)x37.6""(H)
[Available Options & Prices]
- [Color: White] => Total Price: $199.0 | Availability: Stock info unavailable
- [Color: DarkBrown] => Total Price: $199.0 | Availability: Stock info unavailable
- [Color: Grey] => Total Price: $199.0 | Availability: Stock info unavailable
- [Color: Mahogany] => Total Price: $199.0 | Availability: Stock info unavailable",199.0,Chairs,Durapatio
heavyduty,"Product Name: Heavyduty
Description: const externalURL = ""https://ota-shawn.github.io/Products/Others/Heavyduty.html""; $(""#externalURL"").load(externalURL, () => { $(""#externalURL"").contents().unwrap(); });
[Available Options & Prices]
- [Color: DarkBrown] => Total Price: $289.0 | Availability: Stock info unavailable
- [Color: White] => Total Price: $289.0 | Availability: Stock info unavailable
- [Color: Grey] => Total Price: $289.0 | Availability: Stock info unavailable
- [Color: Pacific Blue] => Total Price: $289.0 | Availability: Stock info unavailable
- [Color: Lime] => Total Price: $289.0 | Availability: Stock info unavailable
- [Color: Mahogany] => Total Price: $289.0 | Availability: Stock info unavailable
- [Color: New Navy] => Total Price: $289.0 | Availability: Stock info unavailable
- [Color: Pink] => Total Price: $289.0 | Availability: Stock info unavailable
- [Color: Red] => Total Price: $289.0 | Availability: Stock info unavailable
- [Color: Turquoise] => Total Price: $289.0 | Availability: Stock info unavailable
- [Color: Black] => Total Price: $289.0 | Availability: Stock info unavailable
- [Color: Lemon] => Total Price: $289.0 | Availability: Stock info unavailable
- [Color: Dark Green] => Total Price: $289.0 | Availability: Stock info unavailable",289.0,Patio Chair,Dura Patio
heavyduty-2set,"Product Name: Heavyduty 2set
Description: <!-- .section-content{margin-left:auto;margin-right:auto;max-width:980px;} .section-wrapper{justify-content:space-between} .feature-row:after { content: """"; display: table; clear: both; } .head-text-midium{ font-size: 25px; font-weight: 600; padding: 10px; } .head-text-large{ font-size: 30px; font-weight: 600; } .body-text-1{ font-size: 16px; margin: 50px 30px 0 0; } .body-text-2{ font-size: 12px; } .body-text-1{ font-size: 16px; } .body-text-3{ font-size: 16px; } .feature-row-4 { display:flex; flex-wrap:wrap; } .feature-row-4 > * { width:100%; padding:1rem; } .feature-row-5{ display:flex; flex-wrap:wrap; } .feature-row-5 > * { width:100%; padding:1rem; } .feature-row-6{ display:flex; flex-wrap:wrap; } .feature-row-6 > * { width:100%; } .feature-row-7{ display:flex; flex-wrap:wrap; padding-top:30px; padding-right: 30px; } .feature-row-7 > *:nth-child(1) { width:20%; } .feature-row-7 > *:nth-child(2) { width:80%; } .feature-row-8{ display:flex; flex-wrap:wrap; } .feature-row-8 > * { width:20%; padding:1rem; } .feature-row-8 img{ width:130px; height: auto; margin-left: auto; margin-right: auto; } .img-midium{ width: 70%; height: auto; margin-left: auto; margin-right: auto; } .img-midium-2{ width: 50%; height: auto; margin-left: auto; margin-right: auto; } .img-small{ width:60px; height: auto; } .img-shadow{ -webkit-box-shadow: -15px 15px 0px #699d6f; border-radius:0px; } .color-brown{color:#855b49;} .color-blue{color: #3a577b;} .color-red{color:#d5432a;} .color-grey{color: #888889;} .color-pink{color:#dd618f;} .color-marho{color: #815e38;} .color-green{color: #64936e;} .pad-top-50{padding-top:50px;} .pad-top-30{padding-top:30px;} .pad-top-10{padding-top:10px;} .pad-bot-50{padding-bottom: 50px;} .pad-bot-30{padding-bottom: 30px;} .pad-bot-10{padding-bottom: 10px;} .pad-bot-15{padding-bottom: 15px;} .pad-left-10{padding-left: 10px;} .pad-left-15{padding-left: 15px;} .pad-left-30{padding-left: 30px;} .pad-right-30{padding-right: 30px;} .pad-1r{padding: 1rem;} .pad-10{padding: 10px;} .pad-20{padding: 20px;} .pad-30{padding: 30px;} .mar-top-50{margin-top: 50px;} .mar-bot-50{margin-bottom: 50px;} .mar-top-30{margin-top: 30px;} .mar-bot-30{margin-bottom: 30px;} .mar-right-30{margin-right: 30px;} .mar-left-30{margin-left: 30px;} .mar-auto{margin: auto;} .bag-color-grey{background-color: #dbdbdb;} .sub-text{ font-size:17px; font-weight: 600; } .head-demen{ font-size: 30px; font-weight: 600; text-align: center; } .head-text-pad{ padding:10px 30px; } .body-text-pad{ padding:10px 30px; } /*----------------------------------------------- .media-scroller{ --spacer:10px; display: grid; gap: var(--spacer); grid-auto-flow: column; grid-auto-columns: 19%; padding: 0 var(--spacer) var(--spacer); overscroll-behavior-inline:contain; } .media-element{ display: grid; grid-template-rows: min-content; gap:var(--spacer); padding: var(--spacer); } .media-element img{ width:130px; height: auto; margin-left: auto; margin-right: auto; } */ .bor-left{border-left: 2px solid #d1d1d1;} .cap-title{ text-align: center; font-size: 14px; font-weight: 600; } /*-----------------------------------------------*/ @media (min-width:768px) { .feature-row-4 > *:nth-child(1) { width:50%; } .feature-row-4 > *:nth-child(2) { width:50%; order:-1; } .feature-row-5 > * { width:50%; } .feature-row-6 > *:nth-child(1) { width:40%; } .feature-row-6 > *:nth-child(2) { width:60%; } .feature-row-7{ padding-top:0px; } .feature-row-7 > *:nth-child(1) { width:15%; } .feature-row-7 > *:nth-child(2) { width:85%; } } @media screen and (max-width: 800px) { .body-text-1{ margin: 30px 0 0 0; } .body-text-2{ margin-right: 0px; } .head-text-long{ margin-top:-10px; } .head-text-midium{ font-size: 20px; } .img-small{ width:80px; height: auto; } .feature-row-8{ display:flex; flex-wrap:wrap; } .feature-row-8 > * { width:20%; padding:5px; /*margin-left: auto; margin-right: auto;*/ } .feature-row-8 img{ width:50px; height: auto; margin-left: auto; margin-right: auto; } .cap-title{ text-align: center; font-size: 9px; font-weight: 600; } .head-text-pad{ padding:30px 0 10px 0; } .body-text-pad{ padding:10px 0; } } --> Color-Stay Tech Durability Weather Resistant Low Maintenance 20-Year Warranty Made Out of Recycled Materials Our Adirondack Heavy Duty chair is made out of High Density Polyethylene (HDPE) , which are recycled plastic that are made mainly from post-consumer products. The HDPE material is also recycleable at the end of its life, making the chair eco-friendly. Weather Resistant Created to withstand various weather conditions such as rain, wind, sun, and extreme temperatures without getting deteriorating in quality. The screws in the chair are made out of 304 Stainless Steel, which ensure weather-resistant and waterproof. Color-Stay Tech UV inhibitors, stabilizers, and light stable pigments protect our lumber from harmful environmental degradation. Durability Resistant to stains, corrosive substances, and naturally occuring chemicals found in soil. Its rigid strength can hold up to 380 pounds of bodyweight. 20-Year Warranty Guarantees any repairments or replacements of any defects or malfunctions that may arixe in the chair during the 20-year period from the date of purchase. ** Guarantees any repairments or replacements of any defects or malfunctions that may arixe in the chair during the 20-year period from the date of purchase. Low Maintenance Requires minimal upkeep and care to keep it in good ondition without requiring frequent repairs. Designed to be easy to clean. Oversized Seat The Adirondack Heavy Duty chair comprises of an oversized seat to cover more body area and provide steadiness. High Backrest Height Compared to other patio chairs in the market, the Adirondack Heavy Duty chair's seat height is higher, in which it reaches above the back of your head, adding a more snug seating experience. Heavy Duty and Stable Backrest Support The Adirondack chair is created with extra support system in the backrest to ensure stability for the user to sit for extended periods. Its 1 inch thickness structure also ensures more longevity and usability over time. Contoured Back Following the natural curve of the human back, the Adironack Heavy Duty chair gives a supporting and comforting experience. Waterfall Front The edge of the seat resembles a cascading waterfall, providing a more comfortable and ergonomic seating experience by reducing pressure on the back of the legs. Wide Armrests The Adirondack Heavy Duty's wide armrests are more spacious than typical armrests. The additional space allows users to comfortablly rest their arms or place items such as drinks and books. Convenient Cup Holder The Adirondack Heavy Duty Chair is designed to securely hold drinks up to the diamater of 4 inches, without worrying about spills or holding their cups. Dimensions
[Available Options & Prices]
- [Color: DarkBrown] => Total Price: $614.0 | Availability: Stock info unavailable
- [Color: White] => Total Price: $614.0 | Availability: Stock info unavailable
- [Color: Grey] => Total Price: $614.0 | Availability: Stock info unavailable
- [Color: Mahogany] => Total Price: $614.0 | Availability: Stock info unavailable",614.0,Package,Durapatio
heavyduty-4setdark-brown,"Product Name: Heavyduty 4set
Description: <!-- .section-content{margin-left:auto;margin-right:auto;max-width:980px;} .section-wrapper{justify-content:space-between} .feature-row:after { content: """"; display: table; clear: both; } .head-text-midium{ font-size: 25px; font-weight: 600; padding: 10px; } .head-text-large{ font-size: 30px; font-weight: 600; } .body-text-1{ font-size: 16px; margin: 50px 30px 0 0; } .body-text-2{ font-size: 12px; } .body-text-1{ font-size: 16px; } .body-text-3{ font-size: 16px; } .feature-row-4 { display:flex; flex-wrap:wrap; } .feature-row-4 > * { width:100%; padding:1rem; } .feature-row-5{ display:flex; flex-wrap:wrap; } .feature-row-5 > * { width:100%; padding:1rem; } .feature-row-6{ display:flex; flex-wrap:wrap; } .feature-row-6 > * { width:100%; } .feature-row-7{ display:flex; flex-wrap:wrap; padding-top:30px; padding-right: 30px; } .feature-row-7 > *:nth-child(1) { width:20%; } .feature-row-7 > *:nth-child(2) { width:80%; } .feature-row-8{ display:flex; flex-wrap:wrap; } .feature-row-8 > * { width:20%; padding:1rem; } .feature-row-8 img{ width:130px; height: auto; margin-left: auto; margin-right: auto; } .img-midium{ width: 70%; height: auto; margin-left: auto; margin-right: auto; } .img-midium-2{ width: 50%; height: auto; margin-left: auto; margin-right: auto; } .img-small{ width:60px; height: auto; } .img-shadow{ -webkit-box-shadow: -15px 15px 0px #699d6f; border-radius:0px; } .color-brown{color:#855b49;} .color-blue{color: #3a577b;} .color-red{color:#d5432a;} .color-grey{color: #888889;} .color-pink{color:#dd618f;} .color-marho{color: #815e38;} .color-green{color: #64936e;} .pad-top-50{padding-top:50px;} .pad-top-30{padding-top:30px;} .pad-top-10{padding-top:10px;} .pad-bot-50{padding-bottom: 50px;} .pad-bot-30{padding-bottom: 30px;} .pad-bot-10{padding-bottom: 10px;} .pad-bot-15{padding-bottom: 15px;} .pad-left-10{padding-left: 10px;} .pad-left-15{padding-left: 15px;} .pad-left-30{padding-left: 30px;} .pad-right-30{padding-right: 30px;} .pad-1r{padding: 1rem;} .pad-10{padding: 10px;} .pad-20{padding: 20px;} .pad-30{padding: 30px;} .mar-top-50{margin-top: 50px;} .mar-bot-50{margin-bottom: 50px;} .mar-top-30{margin-top: 30px;} .mar-bot-30{margin-bottom: 30px;} .mar-right-30{margin-right: 30px;} .mar-left-30{margin-left: 30px;} .mar-auto{margin: auto;} .bag-color-grey{background-color: #dbdbdb;} .sub-text{ font-size:17px; font-weight: 600; } .head-demen{ font-size: 30px; font-weight: 600; text-align: center; } .head-text-pad{ padding:10px 30px; } .body-text-pad{ padding:10px 30px; } /*----------------------------------------------- .media-scroller{ --spacer:10px; display: grid; gap: var(--spacer); grid-auto-flow: column; grid-auto-columns: 19%; padding: 0 var(--spacer) var(--spacer); overscroll-behavior-inline:contain; } .media-element{ display: grid; grid-template-rows: min-content; gap:var(--spacer); padding: var(--spacer); } .media-element img{ width:130px; height: auto; margin-left: auto; margin-right: auto; } */ .bor-left{border-left: 2px solid #d1d1d1;} .cap-title{ text-align: center; font-size: 14px; font-weight: 600; } /*-----------------------------------------------*/ @media (min-width:768px) { .feature-row-4 > *:nth-child(1) { width:50%; } .feature-row-4 > *:nth-child(2) { width:50%; order:-1; } .feature-row-5 > * { width:50%; } .feature-row-6 > *:nth-child(1) { width:40%; } .feature-row-6 > *:nth-child(2) { width:60%; } .feature-row-7{ padding-top:0px; } .feature-row-7 > *:nth-child(1) { width:15%; } .feature-row-7 > *:nth-child(2) { width:85%; } } @media screen and (max-width: 800px) { .body-text-1{ margin: 30px 0 0 0; } .body-text-2{ margin-right: 0px; } .head-text-long{ margin-top:-10px; } .head-text-midium{ font-size: 20px; } .img-small{ width:80px; height: auto; } .feature-row-8{ display:flex; flex-wrap:wrap; } .feature-row-8 > * { width:20%; padding:5px; /*margin-left: auto; margin-right: auto;*/ } .feature-row-8 img{ width:50px; height: auto; margin-left: auto; margin-right: auto; } .cap-title{ text-align: center; font-size: 9px; font-weight: 600; } .head-text-pad{ padding:30px 0 10px 0; } .body-text-pad{ padding:10px 0; } } --> Color-Stay Tech Durability Weather Resistant Low Maintenance 20-Year Warranty Made Out of Recycled Materials Our Adirondack Heavy Duty chair is made out of High Density Polyethylene (HDPE) , which are recycled plastic that are made mainly from post-consumer products. The HDPE material is also recycleable at the end of its life, making the chair eco-friendly. Weather Resistant Created to withstand various weather conditions such as rain, wind, sun, and extreme temperatures without getting deteriorating in quality. The screws in the chair are made out of 304 Stainless Steel, which ensure weather-resistant and waterproof. Color-Stay Tech UV inhibitors, stabilizers, and light stable pigments protect our lumber from harmful environmental degradation. Durability Resistant to stains, corrosive substances, and naturally occuring chemicals found in soil. Its rigid strength can hold up to 380 pounds of bodyweight. 20-Year Warranty Guarantees any repairments or replacements of any defects or malfunctions that may arixe in the chair during the 20-year period from the date of purchase. ** Guarantees any repairments or replacements of any defects or malfunctions that may arixe in the chair during the 20-year period from the date of purchase. Low Maintenance Requires minimal upkeep and care to keep it in good ondition without requiring frequent repairs. Designed to be easy to clean. Oversized Seat The Adirondack Heavy Duty chair comprises of an oversized seat to cover more body area and provide steadiness. High Backrest Height Compared to other patio chairs in the market, the Adirondack Heavy Duty chair's seat height is higher, in which it reaches above the back of your head, adding a more snug seating experience. Heavy Duty and Stable Backrest Support The Adirondack chair is created with extra support system in the backrest to ensure stability for the user to sit for extended periods. Its 1 inch thickness structure also ensures more longevity and usability over time. Contoured Back Following the natural curve of the human back, the Adironack Heavy Duty chair gives a supporting and comforting experience. Waterfall Front The edge of the seat resembles a cascading waterfall, providing a more comfortable and ergonomic seating experience by reducing pressure on the back of the legs. Wide Armrests The Adirondack Heavy Duty's wide armrests are more spacious than typical armrests. The additional space allows users to comfortablly rest their arms or place items such as drinks and books. Convenient Cup Holder The Adirondack Heavy Duty Chair is designed to securely hold drinks up to the diamater of 4 inches, without worrying about spills or holding their cups. Dimensions
[Available Options & Prices]
- [Color: Grey] => Total Price: $1164.0 | Availability: Stock info unavailable
- [Color: DarkBrown] => Total Price: $1164.0 | Availability: Stock info unavailable
- [Color: White] => Total Price: $1164.0 | Availability: Stock info unavailable
- [Color: Mahogany] => Total Price: $1164.0 | Availability: Stock info unavailable",1164.0,Package,Durapatio
j1-jade-mat,"Product Name: J1 Jade Mat
Description: 144 Jade Stones Tourmaline Therapy Heating therapy Auto time preset const externalURL = ""https://ota-shawn.github.io/Products/Others/J1%20Jade%20Mat.html"" $(""#externalURL"").load(externalURL, () => { $(""#externalURL"").contents().unwrap() })
[Available Options & Prices]
- [Title: Default Title] => Total Price: $459.0 | Availability: Stock info unavailable",459.0,Health Product,Osaki
j5-jade-mat,"Product Name: J5 Jade Mat
Description: 416 Jade Stones 384 Tourmaline Stones Heating therapy Auto time preset The size of a Queen Bed const externalURL = ""https://ota-shawn.github.io/Products/Others/J5%20Jade%20Mat.html""; $(""#externalURL"").load(externalURL, () => { $(""#externalURL"").contents().unwrap(); });
[Available Options & Prices]
- [Title: Default Title] => Total Price: $675.0 | Availability: Stock info unavailable",675.0,Health Product,Osaki
kanji-sonoma-4d,"Product Name: Sonoma 4D
Description: DUAL RAIL MASSAGE SYSTEM COMPUTER BODY SCAN INTELLIGENT VOICE CONTROL DEEP CALF KNEADING 4D MASSAGE MECHANISM 32-CELL FULL BODY AIR MASSAGE SL Track 24 AUTO PROGRAMS 6 MANUAL MODES Touchscreen Controller LUMBAR &amp; FEET HEATING 3-STAGE ZERO GRAVITY AUTOMATIC EXTENDABLE FOOTREST SPECIALIZED FOOT ROLLERS WIRELESS PHONE CHARGING REMOVABLE HEADREST BLUETOOTH SPEAKERS CONVENIENT SIDE PANELS const externalURL = ""https://ota-shawn.github.io/Products/Osaki/Kanji%20Sonoma%204D.html"" $(""#externalURL"").load(externalURL, () => { $(""#externalURL"").contents().unwrap() })
[Available Options & Prices]
- [Color: Black / Delivery: Curbside Delivery - Free / Warranty: 1 Year(Parts/Labor) 2&3 Year(Parts Only) - Free] => Total Price: $9999.0 | Availability: Stock info unavailable
- [Color: Black / Delivery: Curbside Delivery - Free / Warranty: 1 Year Extended(Parts/Labor) - $249.95] => Total Price: $10248.95 | Availability: Stock info unavailable
- [Color: Black / Delivery: Curbside Delivery - Free / Warranty: 2 Year Extended(Parts/Labor) - $349.95] => Total Price: $10348.95 | Availability: Stock info unavailable
- [Color: Black / Delivery: White Glove Delivery (Installation)- $275 / Warranty: 1 Year(Parts/Labor) 2&3 Year(Parts Only) - Free] => Total Price: $10274.0 | Availability: Stock info unavailable
- [Color: Black / Delivery: White Glove Delivery (Installation)- $275 / Warranty: 1 Year Extended(Parts/Labor) - $249.95] => Total Price: $10523.95 | Availability: Stock info unavailable
- [Color: Black / Delivery: White Glove Delivery (Installation)- $275 / Warranty: 2 Year Extended(Parts/Labor) - $349.95] => Total Price: $10623.95 | Availability: Stock info unavailable
- [Color: Cream & Brown / Delivery: Curbside Delivery - Free / Warranty: 1 Year(Parts/Labor) 2&3 Year(Parts Only) - Free] => Total Price: $9999.0 | Availability: Stock info unavailable
- [Color: Cream & Brown / Delivery: Curbside Delivery - Free / Warranty: 1 Year Extended(Parts/Labor) - $249.95] => Total Price: $10248.95 | Availability: Stock info unavailable
- [Color: Cream & Brown / Delivery: Curbside Delivery - Free / Warranty: 2 Year Extended(Parts/Labor) - $349.95] => Total Price: $10348.95 | Availability: Stock info unavailable
- [Color: Cream & Brown / Delivery: White Glove Delivery (Installation)- $275 / Warranty: 1 Year(Parts/Labor) 2&3 Year(Parts Only) - Free] => Total Price: $10274.0 | Availability: Stock info unavailable
- [Color: Cream & Brown / Delivery: White Glove Delivery (Installation)- $275 / Warranty: 1 Year Extended(Parts/Labor) - $249.95] => Total Price: $10523.95 | Availability: Stock info unavailable
- [Color: Cream & Brown / Delivery: White Glove Delivery (Installation)- $275 / Warranty: 2 Year Extended(Parts/Labor) - $349.95] => Total Price: $10623.95 | Availability: Stock info unavailable
- [Color: Black & Tan / Delivery: Curbside Delivery - Free / Warranty: 1 Year(Parts/Labor) 2&3 Year(Parts Only) - Free] => Total Price: $9999.0 | Availability: Stock info unavailable
- [Color: Black & Tan / Delivery: Curbside Delivery - Free / Warranty: 1 Year Extended(Parts/Labor) - $249.95] => Total Price: $10248.95 | Availability: Stock info unavailable
- [Color: Black & Tan / Delivery: Curbside Delivery - Free / Warranty: 2 Year Extended(Parts/Labor) - $349.95] => Total Price: $10348.95 | Availability: Stock info unavailable
- [Color: Black & Tan / Delivery: White Glove Delivery (Installation)- $275 / Warranty: 1 Year(Parts/Labor) 2&3 Year(Parts Only) - Free] => Total Price: $10274.0 | Availability: Stock info unavailable
- [Color: Black & Tan / Delivery: White Glove Delivery (Installation)- $275 / Warranty: 1 Year Extended(Parts/Labor) - $249.95] => Total Price: $10523.95 | Availability: Stock info unavailable
- [Color: Black & Tan / Delivery: White Glove Delivery (Installation)- $275 / Warranty: 2 Year Extended(Parts/Labor) - $349.95] => Total Price: $10623.95 | Availability: Stock info unavailable",9999.0,Massage Chair,Kanji
led-therapy-dome,"Product Name: LED Therapy Dome
Description: Skin Beauty Device 300-650nm Wavelength Touch Buttons Time Setting Foldable and Easy to Carry Wireless Rechargeable Battery const externalURL = ""https://ota-shawn.github.io/Products/Osaki/LED%20Therapy%20Dome.html""; $(""#externalURL"").load(externalURL, () => { $(""#externalURL"").contents().unwrap(); });
[Available Options & Prices]
- [Title: Default Title] => Total Price: $599.0 | Availability: Stock info unavailable",599.0,Health Product,Osaki
lumi-diet-belt,"Product Name: Lumi Diet Belt
Description: LFRT (Light Fat Reduction Technology) Vibration Therapy LED Light Wavelength (Up to 950nm) lightweight Design Up to 4h of Continuous Use Battery const externalURL = ""https://ota-shawn.github.io/Products/Titan/Lumi%20Diet%20Belt.html""; $(""#externalURL"").load(externalURL, () => { $(""#externalURL"").contents().unwrap(); });
[Available Options & Prices]
- [Title: Default Title] => Total Price: $799.0 | Availability: Stock info unavailable",799.0,Health Product,Titan
lumi-secret-care,"Product Name: Lumi Secret Care
Description: Increasing Nitric Oxide Heating Function Slim &amp; Light Design LED Light Therapy (Up to 860nm) Thermal Effect Day &amp; Night Modes Wireless Charging const externalURL = ""https://ota-shawn.github.io/Products/Titan/Lumi%20Secret%20Care.html""; $(""#externalURL"").load(externalURL, () => { $(""#externalURL"").contents().unwrap(); });
[Available Options & Prices]
- [Title: Default Title] => Total Price: $799.0 | Availability: Stock info unavailable",799.0,Health Product,Titan
massage-chair-cover,"Product Name: Massage Chair Cover
Description: Intelligent Health Detection Dual 4D Mechanism 8 Roller-Track Massage 2 Heating Cores SL Flex Track Smart Voice Control Body Heat Therapy 36 Air Cell Full Body Compression 20 Auto Programs &amp; 11 Massage Styles Automatic Extendable Footrest Wireless Charging --> const externalURL = ""https://ota-shawn.github.io/Products/Others/Massage%20Chair%20Cover.html""; const $j = jQuery.noConflict(true); $j(""#externalURL"").load(externalURL, () => { $j(""#externalURL"").contents().unwrap(); });
[Available Options & Prices]
- [Style: Standard (No Brand)] => Total Price: $37.99 | Availability: Stock info unavailable
- [Style: Titan] => Total Price: $37.99 | Availability: Stock info unavailable
- [Style: Osaki] => Total Price: $37.99 | Availability: Stock info unavailable",37.99,Accessory,Titan Chair
os-205-4-head-massager,"Product Name: OS-205 4 Head Massager
Description: const externalURL =""https://ota-shawn.github.io/Products/Others/OS-205%204%20Head%20Massager.html"" $(""#externalURL"").load(externalURL, () => { $(""#externalURL"").contents().unwrap() })
[Available Options & Prices]
- [Title: Default Title] => Total Price: $79.99 | Availability: Stock info unavailable",79.99,Portable Massager,Osaki
os-3d-ai-vito-massage-chair,"Product Name: OS-3D Ai Vito
Description: INTELLIGENT HEALTH DETECTION INTELLIGENT VOICE CONTROL 3D + SONIC MASSAGE MECHANISM AUTOMATIC BODY SCAN 44 CELL FULL BODY AIR MASSAGE TOUCH PAD CONTROLLER 16 AUTO PROGRAMS 6 MANUAL MODES LUMBAR &amp; CALVES HEATING THERAPY SL-TRACK SPRING LOADED 7” EXTENDABLE FOOTREST const externalURL = ""https://ota-shawn.github.io/Products/Osaki/OS-3D%20Vito.html"" $(""#externalURL"").load(externalURL, () => { $(""#externalURL"").contents().unwrap() })
[Available Options & Prices]
- [Color: Taupe / Delivery: Curbside Delivery - Free / Warranty: 1 Year(Parts/Labor) 2&3 Year(Parts Only) - Free] => Total Price: $1999.0 | Availability: Stock info unavailable
- [Color: Taupe / Delivery: Curbside Delivery - Free / Warranty: 1 Year Extended(Parts/Labor) - $249.95] => Total Price: $2248.95 | Availability: Stock info unavailable
- [Color: Taupe / Delivery: Curbside Delivery - Free / Warranty: 2 Year Extended(Parts/Labor) - $349.95] => Total Price: $2348.95 | Availability: Stock info unavailable
- [Color: Taupe / Delivery: White Glove Delivery - $275 / Warranty: 1 Year(Parts/Labor) 2&3 Year(Parts Only) - Free] => Total Price: $2274.0 | Availability: Stock info unavailable
- [Color: Taupe / Delivery: White Glove Delivery - $275 / Warranty: 1 Year Extended(Parts/Labor) - $249.95] => Total Price: $2523.95 | Availability: Stock info unavailable
- [Color: Taupe / Delivery: White Glove Delivery - $275 / Warranty: 2 Year Extended(Parts/Labor) - $349.95] => Total Price: $2623.95 | Availability: Stock info unavailable
- [Color: Black / Delivery: Curbside Delivery - Free / Warranty: 1 Year(Parts/Labor) 2&3 Year(Parts Only) - Free] => Total Price: $1999.0 | Availability: Stock info unavailable
- [Color: Black / Delivery: Curbside Delivery - Free / Warranty: 1 Year Extended(Parts/Labor) - $249.95] => Total Price: $2248.95 | Availability: Stock info unavailable
- [Color: Black / Delivery: Curbside Delivery - Free / Warranty: 2 Year Extended(Parts/Labor) - $349.95] => Total Price: $2348.95 | Availability: Stock info unavailable
- [Color: Black / Delivery: White Glove Delivery - $275 / Warranty: 1 Year(Parts/Labor) 2&3 Year(Parts Only) - Free] => Total Price: $2274.0 | Availability: Stock info unavailable
- [Color: Black / Delivery: White Glove Delivery - $275 / Warranty: 1 Year Extended(Parts/Labor) - $249.95] => Total Price: $2523.95 | Availability: Stock info unavailable
- [Color: Black / Delivery: White Glove Delivery - $275 / Warranty: 2 Year Extended(Parts/Labor) - $349.95] => Total Price: $2623.95 | Availability: Stock info unavailable",1999.0,Massage Chair,Osaki
os-3d-aspire,"Product Name: OS-3D Aspire
Description: AI Series Health Detection 3D Massage Mechanism SL-Track 12 Auto Programs 6 Manual Programs 30 Cell Full Body Air Massage const externalURL = ""https://ota-shawn.github.io/Products/Osaki/OS-3D%20Aspire.html"" const $j = jQuery.noConflict(true) $j(""#externalURL"").load(externalURL, () => { $j(""#externalURL"").contents().unwrap() })
[Available Options & Prices]
- [Color: Taupe / Delivery: Curbside Delivery - Free / Warranty: 1 Year (Parts/Labor) 2&3 Year (Parts Only) - Free] => Total Price: $5499.0 | Availability: Stock info unavailable
- [Color: Taupe / Delivery: Curbside Delivery - Free / Warranty: 1 Year Extended (Parts/Labor) - $249.95] => Total Price: $5748.95 | Availability: Stock info unavailable
- [Color: Taupe / Delivery: Curbside Delivery - Free / Warranty: 2 Year Extended (Parts/Labor) - $349.95] => Total Price: $5848.95 | Availability: Stock info unavailable
- [Color: Taupe / Delivery: White Glove Delivery - $275 / Warranty: 1 Year (Parts/Labor) 2&3 Year (Parts Only) - Free] => Total Price: $5774.0 | Availability: Stock info unavailable
- [Color: Taupe / Delivery: White Glove Delivery - $275 / Warranty: 1 Year Extended (Parts/Labor) - $249.95] => Total Price: $6023.95 | Availability: Stock info unavailable
- [Color: Taupe / Delivery: White Glove Delivery - $275 / Warranty: 2 Year Extended (Parts/Labor) - $349.95] => Total Price: $6123.95 | Availability: Stock info unavailable
- [Color: Brown / Delivery: Curbside Delivery - Free / Warranty: 1 Year (Parts/Labor) 2&3 Year (Parts Only) - Free] => Total Price: $5499.0 | Availability: Stock info unavailable
- [Color: Brown / Delivery: Curbside Delivery - Free / Warranty: 1 Year Extended (Parts/Labor) - $249.95] => Total Price: $5748.95 | Availability: Stock info unavailable
- [Color: Brown / Delivery: Curbside Delivery - Free / Warranty: 2 Year Extended (Parts/Labor) - $349.95] => Total Price: $5848.95 | Availability: Stock info unavailable
- [Color: Brown / Delivery: White Glove Delivery - $275 / Warranty: 1 Year (Parts/Labor) 2&3 Year (Parts Only) - Free] => Total Price: $5774.0 | Availability: Stock info unavailable
- [Color: Brown / Delivery: White Glove Delivery - $275 / Warranty: 1 Year Extended (Parts/Labor) - $249.95] => Total Price: $6023.95 | Availability: Stock info unavailable
- [Color: Brown / Delivery: White Glove Delivery - $275 / Warranty: 2 Year Extended (Parts/Labor) - $349.95] => Total Price: $6123.95 | Availability: Stock info unavailable
- [Color: Black / Delivery: Curbside Delivery - Free / Warranty: 1 Year (Parts/Labor) 2&3 Year (Parts Only) - Free] => Total Price: $5499.0 | Availability: Stock info unavailable
- [Color: Black / Delivery: Curbside Delivery - Free / Warranty: 1 Year Extended (Parts/Labor) - $249.95] => Total Price: $5748.95 | Availability: Stock info unavailable
- [Color: Black / Delivery: Curbside Delivery - Free / Warranty: 2 Year Extended (Parts/Labor) - $349.95] => Total Price: $5848.95 | Availability: Stock info unavailable
- [Color: Black / Delivery: White Glove Delivery - $275 / Warranty: 1 Year (Parts/Labor) 2&3 Year (Parts Only) - Free] => Total Price: $5774.0 | Availability: Stock info unavailable
- [Color: Black / Delivery: White Glove Delivery - $275 / Warranty: 1 Year Extended (Parts/Labor) - $249.95] => Total Price: $6023.95 | Availability: Stock info unavailable
- [Color: Black / Delivery: White Glove Delivery - $275 / Warranty: 2 Year Extended (Parts/Labor) - $349.95] => Total Price: $6123.95 | Availability: Stock info unavailable",5499.0,Massage Chair,Osaki
os-aa12-neck-massager,"Product Name: OS-AA12 Neck Massager
Description: SOOTHING HEAT 3 MASSAGE MODES INTENSITY CONTROL 15 MINUTE TIMER BOOSTS BLOOD CIRCULATION ENHANCE HAND MOBILITY --> const externalURL = ""https://ota-shawn.github.io/Products/Others/OS-AA12%20Neck%20+%20Shoulder%20Massager.html"" <!-- <link href=""https://ota-shawn.github.io/productGlobalCss/style.css"" rel=""stylesheet"" /> --> $(""#externalURL"").load(externalURL, () => { $(""#externalURL"").contents().unwrap() })
[Available Options & Prices]
- [Title: Default Title] => Total Price: $129.99 | Availability: Stock info unavailable",129.99,Portable Massager,Osaki
os-bliss-vl,"Product Name: Osaki Bliss VL
Description: Height Adjustable Ottoman 360° Swivel SL-Track Air Compression Hip Massage Convenient Remote Controller 5 Auto Programs 5 Massage Styles const externalURL = ""https://ota-shawn.github.io/Products/Osaki/Osaki%20Bliss%20VL.html""; $(""#externalURL"").load(externalURL, () => { $(""#externalURL"").contents().unwrap(); });
[Available Options & Prices]
- [Color: Brown / Delivery: Curbside Delivery - Free / Warranty: 1 Year (Parts/Labor) 2&3 Year (Parts Only) - Free] => Total Price: $999.0 | Availability: Stock info unavailable
- [Color: Brown / Delivery: Curbside Delivery - Free / Warranty: 1 Year Extended (Parts/Labor) - $249.95] => Total Price: $1248.95 | Availability: Stock info unavailable
- [Color: Brown / Delivery: Curbside Delivery - Free / Warranty: 2 Year Extended (Parts/Labor) - $349.95] => Total Price: $1348.95 | Availability: Stock info unavailable
- [Color: Brown / Delivery: White Glove Delivery - $275 / Warranty: 1 Year (Parts/Labor) 2&3 Year (Parts Only) - Free] => Total Price: $1274.0 | Availability: Stock info unavailable
- [Color: Brown / Delivery: White Glove Delivery - $275 / Warranty: 1 Year Extended (Parts/Labor) - $249.95] => Total Price: $1523.95 | Availability: Stock info unavailable
- [Color: Brown / Delivery: White Glove Delivery - $275 / Warranty: 2 Year Extended (Parts/Labor) - $349.95] => Total Price: $1623.95 | Availability: Stock info unavailable
- [Color: Black / Delivery: Curbside Delivery - Free / Warranty: 1 Year (Parts/Labor) 2&3 Year (Parts Only) - Free] => Total Price: $999.0 | Availability: Stock info unavailable
- [Color: Black / Delivery: Curbside Delivery - Free / Warranty: 1 Year Extended (Parts/Labor) - $249.95] => Total Price: $1248.95 | Availability: Stock info unavailable
- [Color: Black / Delivery: Curbside Delivery - Free / Warranty: 2 Year Extended (Parts/Labor) - $349.95] => Total Price: $1348.95 | Availability: Stock info unavailable
- [Color: Black / Delivery: White Glove Delivery - $275 / Warranty: 1 Year (Parts/Labor) 2&3 Year (Parts Only) - Free] => Total Price: $1274.0 | Availability: Stock info unavailable
- [Color: Black / Delivery: White Glove Delivery - $275 / Warranty: 1 Year Extended (Parts/Labor) - $249.95] => Total Price: $1523.95 | Availability: Stock info unavailable
- [Color: Black / Delivery: White Glove Delivery - $275 / Warranty: 2 Year Extended (Parts/Labor) - $349.95] => Total Price: $1623.95 | Availability: Stock info unavailable",999.0,Massage Chair,Osaki
os-f2-foot-sauna,"Product Name: OS-F2 Foot Sauna
Description: HEATING STONE THERAPY HEATS UP TO 149°F STEAMED SEAT SOFT MICROFIBER CLOTH EASY ADJUSTMENT const externalURL = ""https://ota-shawn.github.io/Products/Others/OS-F2%20Foot_Sauna.html"" $(""#externalURL"").load(externalURL, () => { $(""#externalURL"").contents().unwrap() })
[Available Options & Prices]
- [Title: Default Title] => Total Price: $249.0 | Availability: Stock info unavailable",249.0,Health Product,Osaki
os-pinnacle-le,"Product Name: OS-Pinnacle LE
Description: ZERO GRAVITY SPACE-SAVING TECHNOLOGY 2D Massage Mechanism SL Track Body Scanning 12 Auto Massage Programs 6 Manual Massage Programs 22 CELL FULL BODY AIR MASSAGE HEAT THERAPY Dual Foot Rollers 8"" Auto Extension Footrest Tablet Controler Quick Access Control Panel Hand Reflexology Massage const externalURL = ""https://ota-shawn.github.io/Products/Osaki/OS-Pinnacle%20LE.html"" $(""#externalURL"").load(externalURL, () => { $(""#externalURL"").contents().unwrap() })
[Available Options & Prices]
- [Color: Black / Delivery: Curbside Delivery - Free / Warranty: 1 Year (Parts/Labor) 2&3 Year (Parts Only) - Free] => Total Price: $3999.0 | Availability: Stock info unavailable
- [Color: Black / Delivery: Curbside Delivery - Free / Warranty: 1 Year Extended (Parts/Labor) - $249.95] => Total Price: $4248.95 | Availability: Stock info unavailable
- [Color: Black / Delivery: Curbside Delivery - Free / Warranty: 2 Year Extended (Parts/Labor) - $349.95] => Total Price: $4348.95 | Availability: Stock info unavailable
- [Color: Black / Delivery: White Glove Delivery - $275 / Warranty: 1 Year (Parts/Labor) 2&3 Year (Parts Only) - Free] => Total Price: $4274.0 | Availability: Stock info unavailable
- [Color: Black / Delivery: White Glove Delivery - $275 / Warranty: 1 Year Extended (Parts/Labor) - $249.95] => Total Price: $4523.95 | Availability: Stock info unavailable
- [Color: Black / Delivery: White Glove Delivery - $275 / Warranty: 2 Year Extended (Parts/Labor) - $349.95] => Total Price: $4623.95 | Availability: Stock info unavailable
- [Color: Brown / Delivery: Curbside Delivery - Free / Warranty: 1 Year (Parts/Labor) 2&3 Year (Parts Only) - Free] => Total Price: $3999.0 | Availability: Stock info unavailable
- [Color: Brown / Delivery: Curbside Delivery - Free / Warranty: 1 Year Extended (Parts/Labor) - $249.95] => Total Price: $4248.95 | Availability: Stock info unavailable
- [Color: Brown / Delivery: Curbside Delivery - Free / Warranty: 2 Year Extended (Parts/Labor) - $349.95] => Total Price: $4348.95 | Availability: Stock info unavailable
- [Color: Brown / Delivery: White Glove Delivery - $275 / Warranty: 1 Year (Parts/Labor) 2&3 Year (Parts Only) - Free] => Total Price: $4274.0 | Availability: Stock info unavailable
- [Color: Brown / Delivery: White Glove Delivery - $275 / Warranty: 1 Year Extended (Parts/Labor) - $249.95] => Total Price: $4523.95 | Availability: Stock info unavailable
- [Color: Brown / Delivery: White Glove Delivery - $275 / Warranty: 2 Year Extended (Parts/Labor) - $349.95] => Total Price: $4623.95 | Availability: Stock info unavailable
- [Color: Taupe / Delivery: Curbside Delivery - Free / Warranty: 1 Year (Parts/Labor) 2&3 Year (Parts Only) - Free] => Total Price: $3999.0 | Availability: Stock info unavailable
- [Color: Taupe / Delivery: Curbside Delivery - Free / Warranty: 1 Year Extended (Parts/Labor) - $249.95] => Total Price: $4248.95 | Availability: Stock info unavailable
- [Color: Taupe / Delivery: Curbside Delivery - Free / Warranty: 2 Year Extended (Parts/Labor) - $349.95] => Total Price: $4348.95 | Availability: Stock info unavailable
- [Color: Taupe / Delivery: White Glove Delivery - $275 / Warranty: 1 Year (Parts/Labor) 2&3 Year (Parts Only) - Free] => Total Price: $4274.0 | Availability: Stock info unavailable
- [Color: Taupe / Delivery: White Glove Delivery - $275 / Warranty: 1 Year Extended (Parts/Labor) - $249.95] => Total Price: $4523.95 | Availability: Stock info unavailable
- [Color: Taupe / Delivery: White Glove Delivery - $275 / Warranty: 2 Year Extended (Parts/Labor) - $349.95] => Total Price: $4623.95 | Availability: Stock info unavailable",3999.0,Massage Chair,Osaki
os-tao-3d,"Product Name: Osaki OS-3D Tao
Description: SL-Track 3D Massage Mechanism Enhanced Kneading Wheels Computerized Body Scan Multiple Memory Profiles 3 Stage Zero Gravity Triple action foot massager 24 Air Cell Full Body Compression Heating on Lumbar and Calves Intelligent Voice Control 15 Auto Programs &amp; 7 Massage Styles Fits up heights from 4'10 to 6'3 Space Saving Technology const externalURL = ""https://ota-shawn.github.io/Products/Osaki/Osaki%20OS-3D%20Tao.html""; $(""#externalURL"").load(externalURL, () => { $(""#externalURL"").contents().unwrap(); });
[Available Options & Prices]
- [Color: Black / Delivery: Curbside Delivery - Free / Warranty: 1 Year(Parts/Labor) 2&3 Year(Part Only) - Free] => Total Price: $4299.0 | Availability: Stock info unavailable
- [Color: Black / Delivery: Curbside Delivery - Free / Warranty: 1 Year Extended(Parts/Labor) - $249.95] => Total Price: $4548.95 | Availability: Stock info unavailable
- [Color: Black / Delivery: Curbside Delivery - Free / Warranty: 2 Year Extended(Parts/Labor) - $349.95] => Total Price: $4648.95 | Availability: Stock info unavailable
- [Color: Black / Delivery: White Glove (Installation) - $275 / Warranty: 1 Year(Parts/Labor) 2&3 Year(Part Only) - Free] => Total Price: $4574.0 | Availability: Stock info unavailable
- [Color: Black / Delivery: White Glove (Installation) - $275 / Warranty: 1 Year Extended(Parts/Labor) - $249.95] => Total Price: $4823.95 | Availability: Stock info unavailable
- [Color: Black / Delivery: White Glove (Installation) - $275 / Warranty: 2 Year Extended(Parts/Labor) - $349.95] => Total Price: $4923.95 | Availability: Stock info unavailable
- [Color: Beige / Delivery: Curbside Delivery - Free / Warranty: 1 Year(Parts/Labor) 2&3 Year(Part Only) - Free] => Total Price: $4299.0 | Availability: Stock info unavailable
- [Color: Beige / Delivery: Curbside Delivery - Free / Warranty: 1 Year Extended(Parts/Labor) - $249.95] => Total Price: $4548.95 | Availability: Stock info unavailable
- [Color: Beige / Delivery: Curbside Delivery - Free / Warranty: 2 Year Extended(Parts/Labor) - $349.95] => Total Price: $4648.95 | Availability: Stock info unavailable
- [Color: Beige / Delivery: White Glove (Installation) - $275 / Warranty: 1 Year(Parts/Labor) 2&3 Year(Part Only) - Free] => Total Price: $4574.0 | Availability: Stock info unavailable
- [Color: Beige / Delivery: White Glove (Installation) - $275 / Warranty: 1 Year Extended(Parts/Labor) - $249.95] => Total Price: $4823.95 | Availability: Stock info unavailable
- [Color: Beige / Delivery: White Glove (Installation) - $275 / Warranty: 2 Year Extended(Parts/Labor) - $349.95] => Total Price: $4923.95 | Availability: Stock info unavailable",4299.0,Massage Chair,Osaki
os303-eye-massager,"Product Name: OS303 Eye Massager
Description: const externalURL = ""https://ota-shawn.github.io/Products/Others/OS303%20eye%20massager.html"" $(""#externalURL"").load(externalURL, () => { $(""#externalURL"").contents().unwrap() })
[Available Options & Prices]
- [Title: Default Title] => Total Price: $119.0 | Availability: Stock info unavailable",119.0,Portable Massager,Osaki
osaki-3d-4000le,"Product Name: Osaki 3D 4000LE
Description: Intelligent Health Detection 3D+ Sonic Massage Body Scan Technology 2-Stage Zero Gravity Reclining SL-Track System 28 Cell Full Body Air Massage Lumbar &amp; Calf Heating Therapy 12 Auto Programs 6 Manual Programs Specialized Foot Rollers Spring-Loaded Extendable Footrest Touchscreen Controller const externalURL = ""https://ota-shawn.github.io/Products/Osaki/4000LE.html""; const $j = jQuery.noConflict(true); $j(""#externalURL"").load(externalURL, () => { $j(""#externalURL"").contents().unwrap(); });
[Available Options & Prices]
- [Color: Black / Delivery: Curbside - Free / Warranty: 1 Year(Parts/Labor) 2&3 Year(Parts Only) - Free] => Total Price: $4999.0 | Availability: Stock info unavailable
- [Color: Black / Delivery: Curbside - Free / Warranty: 1 Year Extended(Parts/Labor) - $249.95] => Total Price: $5248.95 | Availability: Stock info unavailable
- [Color: Black / Delivery: Curbside - Free / Warranty: 2 Year Extended(Parts/Labor) - $349.95] => Total Price: $5348.95 | Availability: Stock info unavailable
- [Color: Black / Delivery: White Glove (Installation) - $275 / Warranty: 1 Year(Parts/Labor) 2&3 Year(Parts Only) - Free] => Total Price: $5274.0 | Availability: Stock info unavailable
- [Color: Black / Delivery: White Glove (Installation) - $275 / Warranty: 1 Year Extended(Parts/Labor) - $249.95] => Total Price: $5523.95 | Availability: Stock info unavailable
- [Color: Black / Delivery: White Glove (Installation) - $275 / Warranty: 2 Year Extended(Parts/Labor) - $349.95] => Total Price: $5623.95 | Availability: Stock info unavailable
- [Color: Taupe / Delivery: Curbside - Free / Warranty: 1 Year(Parts/Labor) 2&3 Year(Parts Only) - Free] => Total Price: $4999.0 | Availability: Stock info unavailable
- [Color: Taupe / Delivery: Curbside - Free / Warranty: 1 Year Extended(Parts/Labor) - $249.95] => Total Price: $5248.95 | Availability: Stock info unavailable
- [Color: Taupe / Delivery: Curbside - Free / Warranty: 2 Year Extended(Parts/Labor) - $349.95] => Total Price: $5348.95 | Availability: Stock info unavailable
- [Color: Taupe / Delivery: White Glove (Installation) - $275 / Warranty: 1 Year(Parts/Labor) 2&3 Year(Parts Only) - Free] => Total Price: $5274.0 | Availability: Stock info unavailable
- [Color: Taupe / Delivery: White Glove (Installation) - $275 / Warranty: 1 Year Extended(Parts/Labor) - $249.95] => Total Price: $5523.95 | Availability: Stock info unavailable
- [Color: Taupe / Delivery: White Glove (Installation) - $275 / Warranty: 2 Year Extended(Parts/Labor) - $349.95] => Total Price: $5623.95 | Availability: Stock info unavailable
- [Color: Brown / Delivery: Curbside - Free / Warranty: 1 Year(Parts/Labor) 2&3 Year(Parts Only) - Free] => Total Price: $4999.0 | Availability: Stock info unavailable
- [Color: Brown / Delivery: Curbside - Free / Warranty: 1 Year Extended(Parts/Labor) - $249.95] => Total Price: $5248.95 | Availability: Stock info unavailable
- [Color: Brown / Delivery: Curbside - Free / Warranty: 2 Year Extended(Parts/Labor) - $349.95] => Total Price: $5348.95 | Availability: Stock info unavailable
- [Color: Brown / Delivery: White Glove (Installation) - $275 / Warranty: 1 Year(Parts/Labor) 2&3 Year(Parts Only) - Free] => Total Price: $5274.0 | Availability: Stock info unavailable
- [Color: Brown / Delivery: White Glove (Installation) - $275 / Warranty: 1 Year Extended(Parts/Labor) - $249.95] => Total Price: $5523.95 | Availability: Stock info unavailable
- [Color: Brown / Delivery: White Glove (Installation) - $275 / Warranty: 2 Year Extended(Parts/Labor) - $349.95] => Total Price: $5623.95 | Availability: Stock info unavailable",4999.0,Massage Chair,Osaki
osaki-3d-belmont,"Product Name: Osaki OS-3D Belmont
Description: 3D Massage Mechanism Computerized Body Scanning SL-Track Zero Gravity Reclining Space Saving Technology 20 Air Cell Full Body Compression Back &amp; Calf Heating 16 Auto Programs with 6 Massage Styles Extendable Footrest Roller Foot Massager Remote Controller Surround Sound Bluetooth Speakers const externalURL = ""https://ota-shawn.github.io/Products/Osaki/Osaki%20OS-3D%20Belmont.html""; $(""#externalURL"").load(externalURL, () => { $(""#externalURL"").contents().unwrap(); });
[Available Options & Prices]
- [Color: Black / Delivery: Curbside Delivery - Free / Warranty: 1 Year(Parts/Labor)2&3 Year(Part Only) - Free] => Total Price: $1999.0 | Availability: Stock info unavailable
- [Color: Black / Delivery: Curbside Delivery - Free / Warranty: 1 Year Extended(Parts/Labor) - $249.95] => Total Price: $2248.95 | Availability: Stock info unavailable
- [Color: Black / Delivery: Curbside Delivery - Free / Warranty: 2 Year Extended(Parts/Labor) - $349.95] => Total Price: $2348.95 | Availability: Stock info unavailable
- [Color: Black / Delivery: White Glove Delivery - $275 / Warranty: 1 Year(Parts/Labor)2&3 Year(Part Only) - Free] => Total Price: $2274.0 | Availability: Stock info unavailable
- [Color: Black / Delivery: White Glove Delivery - $275 / Warranty: 1 Year Extended(Parts/Labor) - $249.95] => Total Price: $2523.95 | Availability: Stock info unavailable
- [Color: Black / Delivery: White Glove Delivery - $275 / Warranty: 2 Year Extended(Parts/Labor) - $349.95] => Total Price: $2623.95 | Availability: Stock info unavailable
- [Color: Brown / Delivery: Curbside Delivery - Free / Warranty: 1 Year(Parts/Labor)2&3 Year(Part Only) - Free] => Total Price: $1999.0 | Availability: Stock info unavailable
- [Color: Brown / Delivery: Curbside Delivery - Free / Warranty: 1 Year Extended(Parts/Labor) - $249.95] => Total Price: $2248.95 | Availability: Stock info unavailable
- [Color: Brown / Delivery: Curbside Delivery - Free / Warranty: 2 Year Extended(Parts/Labor) - $349.95] => Total Price: $2348.95 | Availability: Stock info unavailable
- [Color: Brown / Delivery: White Glove Delivery - $275 / Warranty: 1 Year(Parts/Labor)2&3 Year(Part Only) - Free] => Total Price: $2274.0 | Availability: Stock info unavailable
- [Color: Brown / Delivery: White Glove Delivery - $275 / Warranty: 1 Year Extended(Parts/Labor) - $249.95] => Total Price: $2523.95 | Availability: Stock info unavailable
- [Color: Brown / Delivery: White Glove Delivery - $275 / Warranty: 2 Year Extended(Parts/Labor) - $349.95] => Total Price: $2623.95 | Availability: Stock info unavailable
- [Color: Taupe / Delivery: Curbside Delivery - Free / Warranty: 1 Year(Parts/Labor)2&3 Year(Part Only) - Free] => Total Price: $1999.0 | Availability: Stock info unavailable
- [Color: Taupe / Delivery: Curbside Delivery - Free / Warranty: 1 Year Extended(Parts/Labor) - $249.95] => Total Price: $2248.95 | Availability: Stock info unavailable
- [Color: Taupe / Delivery: Curbside Delivery - Free / Warranty: 2 Year Extended(Parts/Labor) - $349.95] => Total Price: $2348.95 | Availability: Stock info unavailable
- [Color: Taupe / Delivery: White Glove Delivery - $275 / Warranty: 1 Year(Parts/Labor)2&3 Year(Part Only) - Free] => Total Price: $2274.0 | Availability: Stock info unavailable
- [Color: Taupe / Delivery: White Glove Delivery - $275 / Warranty: 1 Year Extended(Parts/Labor) - $249.95] => Total Price: $2523.95 | Availability: Stock info unavailable
- [Color: Taupe / Delivery: White Glove Delivery - $275 / Warranty: 2 Year Extended(Parts/Labor) - $349.95] => Total Price: $2623.95 | Availability: Stock info unavailable",1999.0,Massage Chair,Osaki
osaki-3d-champ-ii,"Product Name: Osaki OS-3D Champ II
Description: 3D MASSAGE MECHANISM 32 Cell Full Body Air Massage AUTOMATIC BODY SCAN 12 Auto Massage Modes 6 Manual Massage Modes SL-style Track TOUCHSCREEN CONTROLLER LUMBAR HEATING THERAPY 3-STAGE ZERO GRAVITY EXTENDABLE FOOTREST 2 SPECIALIZED FOOT ROLLERS BLUETOOTH SPEAKERS SHORTCUT PANELS USB CHARGING PORT const externalURL = ""https://RobinChoi00.github.io/Product/ReChamp2/ReChamp2.html?v=2.0""; $(""#externalURL"").load(externalURL, () => { // unwrap 전에 삽입 const script = document.createElement(""script""); script.src = ""https://RobinChoi00.github.io/Product/ReChamp2/ReChamp2_script.js?v=1.0""; script.defer = true; $(""#externalURL"").append(script); $(""#externalURL"").contents().unwrap(); });
[Available Options & Prices]
- [Color: Black / Delivery: Curbside Delivery - Free / Warranty: 1 Year (Parts/Labor) 2&3 Year (Parts Only) - Free] => Total Price: $2199.0 | Availability: Stock info unavailable
- [Color: Black / Delivery: Curbside Delivery - Free / Warranty: 1 Year Extended (Parts/Labor) - $249.95] => Total Price: $2448.95 | Availability: Stock info unavailable
- [Color: Black / Delivery: Curbside Delivery - Free / Warranty: 2 Year Extended (Parts/Labor) - $349.95] => Total Price: $2548.95 | Availability: Stock info unavailable
- [Color: Black / Delivery: White Glove Delivery - $275 / Warranty: 1 Year (Parts/Labor) 2&3 Year (Parts Only) - Free] => Total Price: $2474.0 | Availability: Stock info unavailable
- [Color: Black / Delivery: White Glove Delivery - $275 / Warranty: 1 Year Extended (Parts/Labor) - $249.95] => Total Price: $2723.95 | Availability: Stock info unavailable
- [Color: Black / Delivery: White Glove Delivery - $275 / Warranty: 2 Year Extended (Parts/Labor) - $349.95] => Total Price: $2823.95 | Availability: Stock info unavailable
- [Color: Brown / Delivery: Curbside Delivery - Free / Warranty: 1 Year (Parts/Labor) 2&3 Year (Parts Only) - Free] => Total Price: $2199.0 | Availability: Stock info unavailable
- [Color: Brown / Delivery: Curbside Delivery - Free / Warranty: 1 Year Extended (Parts/Labor) - $249.95] => Total Price: $2448.95 | Availability: Stock info unavailable
- [Color: Brown / Delivery: Curbside Delivery - Free / Warranty: 2 Year Extended (Parts/Labor) - $349.95] => Total Price: $2548.95 | Availability: Stock info unavailable
- [Color: Brown / Delivery: White Glove Delivery - $275 / Warranty: 1 Year (Parts/Labor) 2&3 Year (Parts Only) - Free] => Total Price: $2474.0 | Availability: Stock info unavailable
- [Color: Brown / Delivery: White Glove Delivery - $275 / Warranty: 1 Year Extended (Parts/Labor) - $249.95] => Total Price: $2723.95 | Availability: Stock info unavailable
- [Color: Brown / Delivery: White Glove Delivery - $275 / Warranty: 2 Year Extended (Parts/Labor) - $349.95] => Total Price: $2823.95 | Availability: Stock info unavailable
- [Color: Taupe / Delivery: Curbside Delivery - Free / Warranty: 1 Year (Parts/Labor) 2&3 Year (Parts Only) - Free] => Total Price: $2199.0 | Availability: Stock info unavailable
- [Color: Taupe / Delivery: Curbside Delivery - Free / Warranty: 1 Year Extended (Parts/Labor) - $249.95] => Total Price: $2448.95 | Availability: Stock info unavailable
- [Color: Taupe / Delivery: Curbside Delivery - Free / Warranty: 2 Year Extended (Parts/Labor) - $349.95] => Total Price: $2548.95 | Availability: Stock info unavailable
- [Color: Taupe / Delivery: White Glove Delivery - $275 / Warranty: 1 Year (Parts/Labor) 2&3 Year (Parts Only) - Free] => Total Price: $2474.0 | Availability: Stock info unavailable
- [Color: Taupe / Delivery: White Glove Delivery - $275 / Warranty: 1 Year Extended (Parts/Labor) - $249.95] => Total Price: $2723.95 | Availability: Stock info unavailable
- [Color: Taupe / Delivery: White Glove Delivery - $275 / Warranty: 2 Year Extended (Parts/Labor) - $349.95] => Total Price: $2823.95 | Availability: Stock info unavailable",2199.0,Massage Chair,Osaki
osaki-3d-dreamer-v2,"Product Name: Osaki 3D Dreamer V2
Description: 3D Massage Mechanism SL-Track 2 Stage Zero Gravity Space Saving Technology 72 Air Cell Full Body Compression Heat Therapy 11 Auto Programs 5 Massage Styles Extendable Footrest Convenient Shortcut Panel Surround Sound Bluetooth Speakers Intuitive Remote Control const externalURL = ""https://ota-shawn.github.io/Products/Osaki/Osaki%203D%20Dreamer%20V2.html""; $(""#externalURL"").load(externalURL, () => { $(""#externalURL"").contents().unwrap(); });
[Available Options & Prices]
- [Color: Black / Delivery: Curbside Delivery - Free / Warranty: 1 Year(Parts/Labor) 2&3 Year(Parts Only) - Free] => Total Price: $2499.0 | Availability: Stock info unavailable
- [Color: Black / Delivery: Curbside Delivery - Free / Warranty: 1 Year Extended(Parts/Labor) - $249.95] => Total Price: $2748.95 | Availability: Stock info unavailable
- [Color: Black / Delivery: Curbside Delivery - Free / Warranty: 2 Year Extended(Parts/Labor) - $349.95] => Total Price: $2848.95 | Availability: Stock info unavailable
- [Color: Black / Delivery: White Glove Delivery (Installation)- $275 / Warranty: 1 Year(Parts/Labor) 2&3 Year(Parts Only) - Free] => Total Price: $2774.0 | Availability: Stock info unavailable
- [Color: Black / Delivery: White Glove Delivery (Installation)- $275 / Warranty: 1 Year Extended(Parts/Labor) - $249.95] => Total Price: $3023.95 | Availability: Stock info unavailable
- [Color: Black / Delivery: White Glove Delivery (Installation)- $275 / Warranty: 2 Year Extended(Parts/Labor) - $349.95] => Total Price: $3123.95 | Availability: Stock info unavailable
- [Color: Brown / Delivery: Curbside Delivery - Free / Warranty: 1 Year(Parts/Labor) 2&3 Year(Parts Only) - Free] => Total Price: $2499.0 | Availability: Stock info unavailable
- [Color: Brown / Delivery: Curbside Delivery - Free / Warranty: 1 Year Extended(Parts/Labor) - $249.95] => Total Price: $2748.95 | Availability: Stock info unavailable
- [Color: Brown / Delivery: Curbside Delivery - Free / Warranty: 2 Year Extended(Parts/Labor) - $349.95] => Total Price: $2848.95 | Availability: Stock info unavailable
- [Color: Brown / Delivery: White Glove Delivery (Installation)- $275 / Warranty: 1 Year(Parts/Labor) 2&3 Year(Parts Only) - Free] => Total Price: $2774.0 | Availability: Stock info unavailable
- [Color: Brown / Delivery: White Glove Delivery (Installation)- $275 / Warranty: 1 Year Extended(Parts/Labor) - $249.95] => Total Price: $3023.95 | Availability: Stock info unavailable
- [Color: Brown / Delivery: White Glove Delivery (Installation)- $275 / Warranty: 2 Year Extended(Parts/Labor) - $349.95] => Total Price: $3123.95 | Availability: Stock info unavailable
- [Color: Taupe / Delivery: Curbside Delivery - Free / Warranty: 1 Year(Parts/Labor) 2&3 Year(Parts Only) - Free] => Total Price: $2499.0 | Availability: Stock info unavailable
- [Color: Taupe / Delivery: Curbside Delivery - Free / Warranty: 1 Year Extended(Parts/Labor) - $249.95] => Total Price: $2748.95 | Availability: Stock info unavailable
- [Color: Taupe / Delivery: Curbside Delivery - Free / Warranty: 2 Year Extended(Parts/Labor) - $349.95] => Total Price: $2848.95 | Availability: Stock info unavailable
- [Color: Taupe / Delivery: White Glove Delivery (Installation)- $275 / Warranty: 1 Year(Parts/Labor) 2&3 Year(Parts Only) - Free] => Total Price: $2774.0 | Availability: Stock info unavailable
- [Color: Taupe / Delivery: White Glove Delivery (Installation)- $275 / Warranty: 1 Year Extended(Parts/Labor) - $249.95] => Total Price: $3023.95 | Availability: Stock info unavailable
- [Color: Taupe / Delivery: White Glove Delivery (Installation)- $275 / Warranty: 2 Year Extended(Parts/Labor) - $349.95] => Total Price: $3123.95 | Availability: Stock info unavailable",2499.0,Massage Chair,Osaki
osaki-4d-3d-flagship-duo,"Product Name: Osaki 4D+3D Flagship Duo
Description: Intelligent Health Management AI Technology Touchscreen Control Automatic Body Scan System 4D + 3D Mechanism Relaxing Aromatherapy 16 Auto Massage Programs 5 Manual Massage Programs SL Flex Track System 2-Stage Zero Gravity Space Saving Technology Automatic Extendable Footrest 2 Specialized Foot Rollers Heating Therapy 50-Cell Full Body Air Massage Wireless Charging Bluetooth Speakers const externalURL = ""https://ota-shawn.github.io/Products/Osaki/Flagship%20Duo.html"" $(""#externalURL"").load(externalURL, () => { $(""#externalURL"").contents().unwrap() })
[Available Options & Prices]
- [Color: Black / Delivery: Curbside - Free / Warranty: 5 Year(3 Years Full Service & Additional 2 Years Parts)] => Total Price: $9999.0 | Availability: Stock info unavailable
- [Color: Black / Delivery: White Glove -$275 / Warranty: 5 Year(3 Years Full Service & Additional 2 Years Parts)] => Total Price: $10274.0 | Availability: Stock info unavailable
- [Color: Taupe / Delivery: Curbside - Free / Warranty: 5 Year(3 Years Full Service & Additional 2 Years Parts)] => Total Price: $9999.0 | Availability: Stock info unavailable
- [Color: Taupe / Delivery: White Glove -$275 / Warranty: 5 Year(3 Years Full Service & Additional 2 Years Parts)] => Total Price: $10274.0 | Availability: Stock info unavailable",9999.0,Massage Chair,Osaki
osaki-4d-3d-orion-duo-mech,"Product Name: Osaki 4D + 3D Orion Duo Mech
Description: AI Technology Smart Body Scan System 4D + 3D Dual Mechanism Technology 16 Auto Massage Programs 7 Manual Massage Programs Intelligent AI Health Detection Intelligent Voice Control Zero Gravity Reclining Micro-Space Saving Technology SL Flex Track System Auto Extension Footrest 58-Cell Full Body Air Massage with 3-Segment Armrest Airbags Heating Therapy Deep Calf Kneading &amp; Bumpers 4 Foot Rollers &amp; 16 Airbags Negative Ionizer Bluetooth Speaker LED Chromotherapy Lighting Quick Side Control Panel Wireless Charger &amp; USB Port Removable Pillow const externalURL = ""https://ota-shawn.github.io/Products/Osaki/Orion%20Duo.html"" $(""#externalURL"").load(externalURL, () => { $(""#externalURL"").contents().unwrap() })
[Available Options & Prices]
- [Color: Taupe / Delivery: Curbside - Free / Warranty: 5 Year(3 Years Full Service & Additional 2 Years Parts)] => Total Price: $9999.0 | Availability: Stock info unavailable
- [Color: Taupe / Delivery: White Glove (Installation) - $275 / Warranty: 5 Year(3 Years Full Service & Additional 2 Years Parts)] => Total Price: $10274.0 | Availability: Stock info unavailable
- [Color: Brown / Delivery: Curbside - Free / Warranty: 5 Year(3 Years Full Service & Additional 2 Years Parts)] => Total Price: $9999.0 | Availability: Stock info unavailable
- [Color: Brown / Delivery: White Glove (Installation) - $275 / Warranty: 5 Year(3 Years Full Service & Additional 2 Years Parts)] => Total Price: $10274.0 | Availability: Stock info unavailable
- [Color: Black / Delivery: Curbside - Free / Warranty: 5 Year(3 Years Full Service & Additional 2 Years Parts)] => Total Price: $9999.0 | Availability: Stock info unavailable
- [Color: Black / Delivery: White Glove (Installation) - $275 / Warranty: 5 Year(3 Years Full Service & Additional 2 Years Parts)] => Total Price: $10274.0 | Availability: Stock info unavailable",9999.0,Massage Chair,Osaki
osaki-4d-bravo-duo,"Product Name: Osaki 4D Bravo Duo 4D+3D (Official 5 Yr Warranty)
Description: SELF-ADAPTIVE FLEXIBLE SL-TRACK 4D DUAL MECHANISM™ MASSAGE SYSTEM COMPUTER BODY SCAN INTELLIGENT VOICE CONTROL 38-CELL FULL BODY AIR MASSAGE 22 AUTO PROGRAMS 6 MANUAL MODES Touchscreen Controller LUMBAR &amp; CALVES HEATING THERAPY 2-STAGE ZERO GRAVITY AUTOMATIC EXTENDABLE FOOTREST SPECIALIZED FOOT ROLLERS WIRELESS PHONE CHARGING REMOVABLE HEADREST BLUETOOTH SPEAKERS CONVENIENT SIDE PANELS const externalURL = ""https://ota-shawn.github.io/Products/Osaki/Bravo%20Duo%20Mech.html"" $(""#externalURL"").load(externalURL, () => { $(""#externalURL"").contents().unwrap() })
[Available Options & Prices]
- [Color: Beige / Delivery: Curbside - Free / Warranty: 5 Year(3 Years Full Service & Additional 2 Years Parts)] => Total Price: $5999.0 | Availability: Stock info unavailable
- [Color: Beige / Delivery: White Glove - $275 / Warranty: 5 Year(3 Years Full Service & Additional 2 Years Parts)] => Total Price: $6274.0 | Availability: Stock info unavailable
- [Color: Brown / Delivery: Curbside - Free / Warranty: 5 Year(3 Years Full Service & Additional 2 Years Parts)] => Total Price: $5999.0 | Availability: Stock info unavailable
- [Color: Brown / Delivery: White Glove - $275 / Warranty: 5 Year(3 Years Full Service & Additional 2 Years Parts)] => Total Price: $6274.0 | Availability: Stock info unavailable
- [Color: Black / Delivery: Curbside - Free / Warranty: 5 Year(3 Years Full Service & Additional 2 Years Parts)] => Total Price: $5999.0 | Availability: Stock info unavailable
- [Color: Black / Delivery: White Glove - $275 / Warranty: 5 Year(3 Years Full Service & Additional 2 Years Parts)] => Total Price: $6274.0 | Availability: Stock info unavailable
- [Color: Blue / Delivery: Curbside - Free / Warranty: 5 Year(3 Years Full Service & Additional 2 Years Parts)] => Total Price: $5999.0 | Availability: Stock info unavailable
- [Color: Blue / Delivery: White Glove - $275 / Warranty: 5 Year(3 Years Full Service & Additional 2 Years Parts)] => Total Price: $6274.0 | Availability: Stock info unavailable",5999.0,Massage Chair,Osaki
osaki-4d-helix-le,"Product Name: Osaki 4D Helix LE (RT5655)
Description: 22-CELL FULL BODY AIR MASSAGE SL-TRACK SYSTEM 4D MASSAGE MECHANISM SPACE SAVING DESIGN Automatic Footrest Extension ZERO GRAVITY RECLINING 15 AUTO PROGRAMS 6 MANUAL PROGRAMS VOICE CONTROL &amp; BLUETOOTH SPEAKERS REMOVABLE HEADREST DUAL-ROW FOOT ROLLERS WIRELESS CHARGING USB-C TYPE CHARGING TOUCH REMOTE CONTROLLER SHORTCUT REMOTE FUNCTION SPECIAL ROCKING TECHNOLOGY TRIPLE SAFTEY DESIGN Loading Helix LE Product Detail... (function () { // [Engineering Setup] 경로 및 캐시 방지 변수 설정 var baseURL = ""https://RobinChoi00.github.io/Product/HelixLE/""; var v = new Date().getTime(); // Cache Busting을 위한 타임스탬프 // 1) CSS Injection (Retina Display 대응 최적화) if (!$('link[href*=""HelixLE/style.css""]').length) { $('head').append(` `); } // 2) Google Fonts Integration $('head').append(` `); // 3) HTML Fetching & Image Path Repairing $.ajax({ url: baseURL + ""index.html"", data: { v: v }, dataType: ""html"", success: function (data) { var parser = new DOMParser(); var doc = parser.parseFromString(data, ""text/html""); var $content = $(doc.body).contents(); // [Path Repair] 상대 경로 이미지를 절대 경로(GitHub)로 변환 $content.find('img').each(function () { var src = $(this).attr('src'); if (src && !src.startsWith('http')) { $(this).attr('src', baseURL + src); } }); // 보안을 위해 인라인 스크립트 제거 후 앵커에 삽입 $content.find('script').remove(); $('#HelixLE-content-anchor').empty().append($content); // 4) External JS Execution (Slider & Events) var script = document.createElement(""script""); script.src = baseURL + ""script.js?v="" + v; script.defer = true; document.body.appendChild(script); }, error: function () { $('#HelixLE-content-anchor').html(' Failed to load Helix LE content. Please refresh the page. '); } }); })();
[Available Options & Prices]
- [Color: Black / Delivery: Curbside Delivery - Free / Warranty: 1 Year(Parts/Labor) 2&3 Year(Parts Only) - Free] => Total Price: $3499.0 | Availability: Stock info unavailable
- [Color: Black / Delivery: Curbside Delivery - Free / Warranty: 1 Year Extended(Parts/Labor) - $249.95] => Total Price: $3748.95 | Availability: Stock info unavailable
- [Color: Black / Delivery: Curbside Delivery - Free / Warranty: 2 Year Extended(Parts/Labor) - $349.95] => Total Price: $3848.95 | Availability: Stock info unavailable
- [Color: Black / Delivery: White Glove Delivery (Installation)- $275 / Warranty: 1 Year(Parts/Labor) 2&3 Year(Parts Only) - Free] => Total Price: $3774.0 | Availability: Stock info unavailable
- [Color: Black / Delivery: White Glove Delivery (Installation)- $275 / Warranty: 1 Year Extended(Parts/Labor) - $249.95] => Total Price: $4023.95 | Availability: Stock info unavailable
- [Color: Black / Delivery: White Glove Delivery (Installation)- $275 / Warranty: 2 Year Extended(Parts/Labor) - $349.95] => Total Price: $4123.95 | Availability: Stock info unavailable
- [Color: Brown / Delivery: Curbside Delivery - Free / Warranty: 1 Year(Parts/Labor) 2&3 Year(Parts Only) - Free] => Total Price: $3499.0 | Availability: Stock info unavailable
- [Color: Brown / Delivery: Curbside Delivery - Free / Warranty: 1 Year Extended(Parts/Labor) - $249.95] => Total Price: $3748.95 | Availability: Stock info unavailable
- [Color: Brown / Delivery: Curbside Delivery - Free / Warranty: 2 Year Extended(Parts/Labor) - $349.95] => Total Price: $3848.95 | Availability: Stock info unavailable
- [Color: Brown / Delivery: White Glove Delivery (Installation)- $275 / Warranty: 1 Year(Parts/Labor) 2&3 Year(Parts Only) - Free] => Total Price: $3774.0 | Availability: Stock info unavailable
- [Color: Brown / Delivery: White Glove Delivery (Installation)- $275 / Warranty: 1 Year Extended(Parts/Labor) - $249.95] => Total Price: $4023.95 | Availability: Stock info unavailable
- [Color: Brown / Delivery: White Glove Delivery (Installation)- $275 / Warranty: 2 Year Extended(Parts/Labor) - $349.95] => Total Price: $4123.95 | Availability: Stock info unavailable
- [Color: Taupe / Delivery: Curbside Delivery - Free / Warranty: 1 Year(Parts/Labor) 2&3 Year(Parts Only) - Free] => Total Price: $3499.0 | Availability: Stock info unavailable
- [Color: Taupe / Delivery: Curbside Delivery - Free / Warranty: 1 Year Extended(Parts/Labor) - $249.95] => Total Price: $3748.95 | Availability: Stock info unavailable
- [Color: Taupe / Delivery: Curbside Delivery - Free / Warranty: 2 Year Extended(Parts/Labor) - $349.95] => Total Price: $3848.95 | Availability: Stock info unavailable
- [Color: Taupe / Delivery: White Glove Delivery (Installation)- $275 / Warranty: 1 Year(Parts/Labor) 2&3 Year(Parts Only) - Free] => Total Price: $3774.0 | Availability: Stock info unavailable
- [Color: Taupe / Delivery: White Glove Delivery (Installation)- $275 / Warranty: 1 Year Extended(Parts/Labor) - $249.95] => Total Price: $4023.95 | Availability: Stock info unavailable
- [Color: Taupe / Delivery: White Glove Delivery (Installation)- $275 / Warranty: 2 Year Extended(Parts/Labor) - $349.95] => Total Price: $4123.95 | Availability: Stock info unavailable",3499.0,Massage Chair,Titan Chair
osaki-4d-optim,"Product Name: Osaki 4D Optim
Description: Intelligent Voice Control Dual Rail Massage System 4D Massage Mechanism Body Scan System SL-Track 3 Stage Zero Gravity Reclining Space Saving Technology 28-Cell Full Body Air Massage Lumbar &amp; Foot Heat Therapy 24 Auto Programs &amp; 6 Massage Styles Calf Roller Massage 3 Row Foot Roller Massage Automatic Leg Extension Bluetooth Speakers const externalURL = ""https://ota-shawn.github.io/Products/Osaki/Optim.html"" $(""#externalURL"").load(externalURL, () => { $(""#externalURL"").contents().unwrap() })
[Available Options & Prices]
- [Color: Taupe / Delivery: Curbside Delivery - Free / Warranty: 1 Year(Parts/Labor) 2&3 Year(Parts Only) - Free] => Total Price: $8999.0 | Availability: Stock info unavailable
- [Color: Taupe / Delivery: Curbside Delivery - Free / Warranty: 1 Year Extended(Parts/Labor) - $249.95] => Total Price: $9248.95 | Availability: Stock info unavailable
- [Color: Taupe / Delivery: Curbside Delivery - Free / Warranty: 2 Year Extended(Parts/Labor) - $349.95] => Total Price: $9348.95 | Availability: Stock info unavailable
- [Color: Taupe / Delivery: White Glove Delivery (Installation)- $275 / Warranty: 1 Year(Parts/Labor) 2&3 Year(Parts Only) - Free] => Total Price: $9274.0 | Availability: Stock info unavailable
- [Color: Taupe / Delivery: White Glove Delivery (Installation)- $275 / Warranty: 1 Year Extended(Parts/Labor) - $249.95] => Total Price: $9523.95 | Availability: Stock info unavailable
- [Color: Taupe / Delivery: White Glove Delivery (Installation)- $275 / Warranty: 2 Year Extended(Parts/Labor) - $349.95] => Total Price: $9623.95 | Availability: Stock info unavailable
- [Color: Black / Delivery: Curbside Delivery - Free / Warranty: 1 Year(Parts/Labor) 2&3 Year(Parts Only) - Free] => Total Price: $8999.0 | Availability: Stock info unavailable
- [Color: Black / Delivery: Curbside Delivery - Free / Warranty: 1 Year Extended(Parts/Labor) - $249.95] => Total Price: $9248.95 | Availability: Stock info unavailable
- [Color: Black / Delivery: Curbside Delivery - Free / Warranty: 2 Year Extended(Parts/Labor) - $349.95] => Total Price: $9348.95 | Availability: Stock info unavailable
- [Color: Black / Delivery: White Glove Delivery (Installation)- $275 / Warranty: 1 Year(Parts/Labor) 2&3 Year(Parts Only) - Free] => Total Price: $9274.0 | Availability: Stock info unavailable
- [Color: Black / Delivery: White Glove Delivery (Installation)- $275 / Warranty: 1 Year Extended(Parts/Labor) - $249.95] => Total Price: $9523.95 | Availability: Stock info unavailable
- [Color: Black / Delivery: White Glove Delivery (Installation)- $275 / Warranty: 2 Year Extended(Parts/Labor) - $349.95] => Total Price: $9623.95 | Availability: Stock info unavailable
- [Color: Brown / Delivery: Curbside Delivery - Free / Warranty: 1 Year(Parts/Labor) 2&3 Year(Parts Only) - Free] => Total Price: $8999.0 | Availability: Stock info unavailable
- [Color: Brown / Delivery: Curbside Delivery - Free / Warranty: 1 Year Extended(Parts/Labor) - $249.95] => Total Price: $9248.95 | Availability: Stock info unavailable
- [Color: Brown / Delivery: Curbside Delivery - Free / Warranty: 2 Year Extended(Parts/Labor) - $349.95] => Total Price: $9348.95 | Availability: Stock info unavailable
- [Color: Brown / Delivery: White Glove Delivery (Installation)- $275 / Warranty: 1 Year(Parts/Labor) 2&3 Year(Parts Only) - Free] => Total Price: $9274.0 | Availability: Stock info unavailable
- [Color: Brown / Delivery: White Glove Delivery (Installation)- $275 / Warranty: 1 Year Extended(Parts/Labor) - $249.95] => Total Price: $9523.95 | Availability: Stock info unavailable
- [Color: Brown / Delivery: White Glove Delivery (Installation)- $275 / Warranty: 2 Year Extended(Parts/Labor) - $349.95] => Total Price: $9623.95 | Availability: Stock info unavailable",8999.0,Massage Chair,Osaki
osaki-aeris-4d-duo,"Product Name: Osaki Aeris 4D Duo
Description: Advanced 4D Dual Massage Intelligent Health Detection 360° Rotating Footrest Intelligent Voice Control Detailed Calf Massage Waist Cooling Technology Extra Foot Massage Padding Rocking Mode SL-Track 2-Stage Zero Gravity Reclining Space-Saving Technology 44-Cell Air Compression Massage Lumbar Heating Therapy 12 Auto Programs &amp; 6 Manual Modes Automatic Extendable Footrest const externalURL = ""https://ota-shawn.github.io/Products/Osaki/Aeris%20Duo.html"" $(""#externalURL"").load(externalURL, () => { $(""#externalURL"").contents().unwrap() })
[Available Options & Prices]
- [Color: Taupe / Delivery: Curbside Delivery - Free / Warranty: 1 Year(Parts/Labor) 2&3 Year(Parts Only) - Free] => Total Price: $4499.0 | Availability: Stock info unavailable
- [Color: Taupe / Delivery: Curbside Delivery - Free / Warranty: 1 Year Extended(Parts/Labor) - $249.95] => Total Price: $4748.95 | Availability: Stock info unavailable
- [Color: Taupe / Delivery: Curbside Delivery - Free / Warranty: 2 Year Extended(Parts/Labor) - $349.95] => Total Price: $4848.95 | Availability: Stock info unavailable
- [Color: Taupe / Delivery: White Glove Delivery (Installation)- $275 / Warranty: 1 Year(Parts/Labor) 2&3 Year(Parts Only) - Free] => Total Price: $4774.0 | Availability: Stock info unavailable
- [Color: Taupe / Delivery: White Glove Delivery (Installation)- $275 / Warranty: 1 Year Extended(Parts/Labor) - $249.95] => Total Price: $5023.95 | Availability: Stock info unavailable
- [Color: Taupe / Delivery: White Glove Delivery (Installation)- $275 / Warranty: 2 Year Extended(Parts/Labor) - $349.95] => Total Price: $5123.95 | Availability: Stock info unavailable
- [Color: Black / Delivery: Curbside Delivery - Free / Warranty: 1 Year(Parts/Labor) 2&3 Year(Parts Only) - Free] => Total Price: $4499.0 | Availability: Stock info unavailable
- [Color: Black / Delivery: Curbside Delivery - Free / Warranty: 1 Year Extended(Parts/Labor) - $249.95] => Total Price: $4748.95 | Availability: Stock info unavailable
- [Color: Black / Delivery: Curbside Delivery - Free / Warranty: 2 Year Extended(Parts/Labor) - $349.95] => Total Price: $4848.95 | Availability: Stock info unavailable
- [Color: Black / Delivery: White Glove Delivery (Installation)- $275 / Warranty: 1 Year(Parts/Labor) 2&3 Year(Parts Only) - Free] => Total Price: $4774.0 | Availability: Stock info unavailable
- [Color: Black / Delivery: White Glove Delivery (Installation)- $275 / Warranty: 1 Year Extended(Parts/Labor) - $249.95] => Total Price: $5023.95 | Availability: Stock info unavailable
- [Color: Black / Delivery: White Glove Delivery (Installation)- $275 / Warranty: 2 Year Extended(Parts/Labor) - $349.95] => Total Price: $5123.95 | Availability: Stock info unavailable
- [Color: Brown / Delivery: Curbside Delivery - Free / Warranty: 1 Year(Parts/Labor) 2&3 Year(Parts Only) - Free] => Total Price: $4499.0 | Availability: Stock info unavailable
- [Color: Brown / Delivery: Curbside Delivery - Free / Warranty: 1 Year Extended(Parts/Labor) - $249.95] => Total Price: $4748.95 | Availability: Stock info unavailable
- [Color: Brown / Delivery: Curbside Delivery - Free / Warranty: 2 Year Extended(Parts/Labor) - $349.95] => Total Price: $4848.95 | Availability: Stock info unavailable
- [Color: Brown / Delivery: White Glove Delivery (Installation)- $275 / Warranty: 1 Year(Parts/Labor) 2&3 Year(Parts Only) - Free] => Total Price: $4774.0 | Availability: Stock info unavailable
- [Color: Brown / Delivery: White Glove Delivery (Installation)- $275 / Warranty: 1 Year Extended(Parts/Labor) - $249.95] => Total Price: $5023.95 | Availability: Stock info unavailable
- [Color: Brown / Delivery: White Glove Delivery (Installation)- $275 / Warranty: 2 Year Extended(Parts/Labor) - $349.95] => Total Price: $5123.95 | Availability: Stock info unavailable",4499.0,Massage Chair,Osaki
osaki-ai-4d-yoga-flex,"Product Name: Osaki Ai 4D Yoga Flex (Official 5 Yr Warranty)
Description: 4D Flex Mechanism AI Health Detection Air Walking Technology SL-Track Vibrating Seat Massage Body Scan Technology 3 Stage Zero Gravity Recline Space-Saving Technology 34-Cell Full Body Air Massage Lumbar &amp; Calves Heating Therapy Automatic Extendable Footrest 16 Auto Massage Programs 7 Manual Massage Programs Touchscreen Controller LED Lighting Ambience const externalURL = ""https://ota-shawn.github.io/Products/Osaki/YogaFlex.html"" $(""#externalURL"").load(externalURL, () => { $(""#externalURL"").contents().unwrap() })
[Available Options & Prices]
- [Color: Black / Delivery: Curbside - Free / Warranty: 5 Year(3 Years Full Service & Additional 2 Years Parts)] => Total Price: $3999.0 | Availability: Stock info unavailable
- [Color: Black / Delivery: White Glove - $275 / Warranty: 5 Year(3 Years Full Service & Additional 2 Years Parts)] => Total Price: $4274.0 | Availability: Stock info unavailable
- [Color: Brown / Delivery: Curbside - Free / Warranty: 5 Year(3 Years Full Service & Additional 2 Years Parts)] => Total Price: $3999.0 | Availability: Stock info unavailable
- [Color: Brown / Delivery: White Glove - $275 / Warranty: 5 Year(3 Years Full Service & Additional 2 Years Parts)] => Total Price: $4274.0 | Availability: Stock info unavailable
- [Color: Taupe / Delivery: Curbside - Free / Warranty: 5 Year(3 Years Full Service & Additional 2 Years Parts)] => Total Price: $3999.0 | Availability: Stock info unavailable
- [Color: Taupe / Delivery: White Glove - $275 / Warranty: 5 Year(3 Years Full Service & Additional 2 Years Parts)] => Total Price: $4274.0 | Availability: Stock info unavailable",3999.0,Massage Chair,Osaki
osaki-ai-apex-5d-4d-duo,"Product Name: Osaki Ai Apex 5D+4D Duo (Free 2 Yr Ext. Warranty)
Description: AI Health Detection Dual 5D+4D Massage Mechanism Easy Entry - Sliding Door System Smart Pressure Sensors SL-Track Intelligent Voice Control Live Time Body Scan 3 Stage Zero Gravity Recline Micro-Space Saving Technology 62-Cell Full Body Air Massage Triple Heating Zone 46 Auto Massage Programs 3-Segment Armrest Airbags Deep Calf Kneading Automatic Foot Extension 8"" Touchscreen Controller Aromatherapy Negative Ionizer Chromotherapy LED const externalURL = ""https://ota-shawn.github.io/Products/Osaki/Apex%20Duo.html"" $(""#externalURL"").load(externalURL, () => { $(""#externalURL"").contents().unwrap() })
[Available Options & Prices]
- [Color: Taupe / Delivery: Curbside - Free / Warranty: 5 Year(3 Years Full Service & Additional 2 Years Parts)] => Total Price: $12999.0 | Availability: Stock info unavailable
- [Color: Taupe / Delivery: White Glove (Installation) - $275 / Warranty: 5 Year(3 Years Full Service & Additional 2 Years Parts)] => Total Price: $13274.0 | Availability: Stock info unavailable
- [Color: Brown / Delivery: Curbside - Free / Warranty: 5 Year(3 Years Full Service & Additional 2 Years Parts)] => Total Price: $12999.0 | Availability: Stock info unavailable
- [Color: Brown / Delivery: White Glove (Installation) - $275 / Warranty: 5 Year(3 Years Full Service & Additional 2 Years Parts)] => Total Price: $13274.0 | Availability: Stock info unavailable
- [Color: Black / Delivery: Curbside - Free / Warranty: 5 Year(3 Years Full Service & Additional 2 Years Parts)] => Total Price: $12999.0 | Availability: Stock info unavailable
- [Color: Black / Delivery: White Glove (Installation) - $275 / Warranty: 5 Year(3 Years Full Service & Additional 2 Years Parts)] => Total Price: $13274.0 | Availability: Stock info unavailable",12999.0,Massage Chair,Osaki Platinum
osaki-ai-vivo-duo-4d-2d,"Product Name: Osaki Ai Vivo (Duo) 4D + 2D Massage Chair
Description: AI Technology Intelligent Voice Control Duo Mech™ 4D+2D Mechanism Self-Adaptive SL-Track Dual Mechanism Technology Touchscreen Remote Controller 46 Cell Full Body Air Massage Lumbar Heat Therapy 12 Automatic Massage Modes 6 Manual Massage Styles Specialized 3 Foot Rollers Wireless Phone Charger const externalURL = ""https://ota-shawn.github.io/Products/Osaki/OS-%20Ai%20Vivo%204D%20+%202D.html""; $(""#externalURL"").load(externalURL, () => { $(""#externalURL"").contents().unwrap(); });
[Available Options & Prices]
- [Color: Black / Delivery: Curbside - Free / Warranty: 5 Year(3 Years Full Service & Additional 2 Years Parts)] => Total Price: $12999.0 | Availability: Stock info unavailable
- [Color: Black / Delivery: White Glove - $275 / Warranty: 5 Year(3 Years Full Service & Additional 2 Years Parts)] => Total Price: $13274.0 | Availability: Stock info unavailable
- [Color: Beige / Delivery: Curbside - Free / Warranty: 5 Year(3 Years Full Service & Additional 2 Years Parts)] => Total Price: $12999.0 | Availability: Stock info unavailable
- [Color: Beige / Delivery: White Glove - $275 / Warranty: 5 Year(3 Years Full Service & Additional 2 Years Parts)] => Total Price: $13274.0 | Availability: Stock info unavailable
- [Color: Brown / Delivery: Curbside - Free / Warranty: 5 Year(3 Years Full Service & Additional 2 Years Parts)] => Total Price: $12999.0 | Availability: Stock info unavailable
- [Color: Brown / Delivery: White Glove - $275 / Warranty: 5 Year(3 Years Full Service & Additional 2 Years Parts)] => Total Price: $13274.0 | Availability: Stock info unavailable",12999.0,Massage Chair,Osaki
osaki-atlas-xl,"Product Name: Osaki Atlas XL
Description: SL-Track Smart Body Scan System 4D Mechanism 20 Auto Programs 5 Manual Programs Footrest Extension 48-Cell Full Body Air Massage Heating Therapy Deep Calf Massage Specialized Foot Rollers const externalURL = ""https://ota-shawn.github.io/Products/Osaki/Osaki%20Atlas%20XL.html"" $(""#externalURL"").load(externalURL, () => { $(""#externalURL"").contents().unwrap() })
[Available Options & Prices]
- [Color: Beige / Delivery: Curbside Delivery - Free / Warranty: 1 Year (Parts/Labor) 2&3 Year (Parts Only) - Free] => Total Price: $5999.0 | Availability: Stock info unavailable
- [Color: Beige / Delivery: Curbside Delivery - Free / Warranty: 1 Year Extended (Parts/Labor) - $249.95] => Total Price: $6248.95 | Availability: Stock info unavailable
- [Color: Beige / Delivery: Curbside Delivery - Free / Warranty: 2 Year Extended (Parts/Labor) - $349.95] => Total Price: $6348.95 | Availability: Stock info unavailable
- [Color: Beige / Delivery: White Glove Delivery - $275 / Warranty: 1 Year (Parts/Labor) 2&3 Year (Parts Only) - Free] => Total Price: $6274.0 | Availability: Stock info unavailable
- [Color: Beige / Delivery: White Glove Delivery - $275 / Warranty: 1 Year Extended (Parts/Labor) - $249.95] => Total Price: $6523.95 | Availability: Stock info unavailable
- [Color: Beige / Delivery: White Glove Delivery - $275 / Warranty: 2 Year Extended (Parts/Labor) - $349.95] => Total Price: $6623.95 | Availability: Stock info unavailable
- [Color: Brown / Delivery: Curbside Delivery - Free / Warranty: 1 Year (Parts/Labor) 2&3 Year (Parts Only) - Free] => Total Price: $5999.0 | Availability: Stock info unavailable
- [Color: Brown / Delivery: Curbside Delivery - Free / Warranty: 1 Year Extended (Parts/Labor) - $249.95] => Total Price: $6248.95 | Availability: Stock info unavailable
- [Color: Brown / Delivery: Curbside Delivery - Free / Warranty: 2 Year Extended (Parts/Labor) - $349.95] => Total Price: $6348.95 | Availability: Stock info unavailable
- [Color: Brown / Delivery: White Glove Delivery - $275 / Warranty: 1 Year (Parts/Labor) 2&3 Year (Parts Only) - Free] => Total Price: $6274.0 | Availability: Stock info unavailable
- [Color: Brown / Delivery: White Glove Delivery - $275 / Warranty: 1 Year Extended (Parts/Labor) - $249.95] => Total Price: $6523.95 | Availability: Stock info unavailable
- [Color: Brown / Delivery: White Glove Delivery - $275 / Warranty: 2 Year Extended (Parts/Labor) - $349.95] => Total Price: $6623.95 | Availability: Stock info unavailable
- [Color: Black / Delivery: Curbside Delivery - Free / Warranty: 1 Year (Parts/Labor) 2&3 Year (Parts Only) - Free] => Total Price: $5999.0 | Availability: Stock info unavailable
- [Color: Black / Delivery: Curbside Delivery - Free / Warranty: 1 Year Extended (Parts/Labor) - $249.95] => Total Price: $6248.95 | Availability: Stock info unavailable
- [Color: Black / Delivery: Curbside Delivery - Free / Warranty: 2 Year Extended (Parts/Labor) - $349.95] => Total Price: $6348.95 | Availability: Stock info unavailable
- [Color: Black / Delivery: White Glove Delivery - $275 / Warranty: 1 Year (Parts/Labor) 2&3 Year (Parts Only) - Free] => Total Price: $6274.0 | Availability: Stock info unavailable
- [Color: Black / Delivery: White Glove Delivery - $275 / Warranty: 1 Year Extended (Parts/Labor) - $249.95] => Total Price: $6523.95 | Availability: Stock info unavailable
- [Color: Black / Delivery: White Glove Delivery - $275 / Warranty: 2 Year Extended (Parts/Labor) - $349.95] => Total Price: $6623.95 | Availability: Stock info unavailable",5999.0,Massage Chair,Osaki
osaki-bravo-duo-flex-chair,"Product Name: Osaki 4D+3D Bravo Duo Flex (Official 5 Yr Warranty )
Description: Walking Technology SELF-ADAPTIVE FLEXIBLE SL-TRACK 4D DUAL MECHANISM™ MASSAGE SYSTEM COMPUTER BODY SCAN INTELLIGENT VOICE CONTROL 38-CELL FULL BODY AIR MASSAGE 22 AUTO PROGRAMS 6 MANUAL MODES Touchscreen Controller LUMBAR &amp; CALVES HEATING THERAPY 2-STAGE ZERO GRAVITY AUTOMATIC EXTENDABLE FOOTREST SPECIALIZED FOOT ROLLERS WIRELESS PHONE CHARGING REMOVABLE HEADREST BLUETOOTH SPEAKERS CONVENIENT SIDE PANELS const externalURL = ""https://ota-shawn.github.io/Products/Osaki/Bravo%20Duo%20Flex.html"" $(""#externalURL"").load(externalURL, () => { $(""#externalURL"").contents().unwrap() })
[Available Options & Prices]
- [Color: Beige / Delivery: Curbside - Free / Warranty: 5 Year(3 Years Full Service & Additional 2 Years Parts)] => Total Price: $6999.0 | Availability: Stock info unavailable
- [Color: Beige / Delivery: White Glove - $275 / Warranty: 5 Year(3 Years Full Service & Additional 2 Years Parts)] => Total Price: $7274.0 | Availability: Stock info unavailable
- [Color: Brown / Delivery: Curbside - Free / Warranty: 5 Year(3 Years Full Service & Additional 2 Years Parts)] => Total Price: $6999.0 | Availability: Stock info unavailable
- [Color: Brown / Delivery: White Glove - $275 / Warranty: 5 Year(3 Years Full Service & Additional 2 Years Parts)] => Total Price: $7274.0 | Availability: Stock info unavailable
- [Color: Black / Delivery: Curbside - Free / Warranty: 5 Year(3 Years Full Service & Additional 2 Years Parts)] => Total Price: $6999.0 | Availability: Stock info unavailable
- [Color: Black / Delivery: White Glove - $275 / Warranty: 5 Year(3 Years Full Service & Additional 2 Years Parts)] => Total Price: $7274.0 | Availability: Stock info unavailable
- [Color: Blue / Delivery: Curbside - Free / Warranty: 5 Year(3 Years Full Service & Additional 2 Years Parts)] => Total Price: $6999.0 | Availability: Stock info unavailable
- [Color: Blue / Delivery: White Glove - $275 / Warranty: 5 Year(3 Years Full Service & Additional 2 Years Parts)] => Total Price: $7274.0 | Availability: Stock info unavailable",6999.0,Massage Chair,Osaki
osaki-duke-xl-4d,"Product Name: Osaki Duke XL 4D (Free 2Yrs Ext. Warranty)
Description: SIZE_ACCOMMODATING CHAIR 4D MASSAGE MECHANISM INTELLIGENT HEALTH DETECTION SL-FLEX TRACK SYSTEM DEEP CALF MASSAGE ZERO GRAVITY RECLINING BODY SCAN TECHNOLOGY 48-CELL AIR COMPRESSION MASSAGE HEATING SHAWL THERAPY 20 AUTO PROGRAMS 5 MANUAL MODES 3 SPECIALIZED FOOT ROLLERS SPRING-LOADED EXTENDABLE FOOTREST TOUCHSCREEN CONTROLLER LED LIGHTING DETAIL CONVENIENT SHORTCUT PANELS USB-C CHARGING PORT QUALITY BLUETOOTH SPEAKERS Loading Duke XL Product Detail... (function () { // [Engineering Setup] 경로 및 캐시 방지 변수 설정 var baseURL = ""https://RobinChoi00.github.io/Product/DukeXL/""; var v = new Date().getTime(); // Cache Busting을 위한 타임스탬프 // 1) CSS Injection (Retina Display 대응 최적화) if (!$('link[href*=""DukeXL/style.css""]').length) { $('head').append(` `); } // 2) Google Fonts Integration (Duke XL 디자인 시스템에 맞춘 Nunito 폰트 적용) $('head').append(` `); // 3) HTML Fetching & Image Path Repairing $.ajax({ url: baseURL + ""index.html"", data: { v: v }, dataType: ""html"", success: function (data) { var parser = new DOMParser(); var doc = parser.parseFromString(data, ""text/html""); var $content = $(doc.body).contents(); // [Path Repair] 상대 경로 이미지를 절대 경로(GitHub)로 변환하여 엑스박스 방어 $content.find('img').each(function () { var src = $(this).attr('src'); if (src && !src.startsWith('http')) { $(this).attr('src', baseURL + src); } }); // [Security] XSS 방어를 위해 인라인 스크립트 제거 후 DOM에 삽입 $content.find('script').remove(); $('#DukeXL-content-anchor').empty().append($content); // 4) External JS Execution (Slider & Events 등 동적 스크립트 실행) var script = document.createElement(""script""); script.src = baseURL + ""script.js?v="" + v; script.defer = true; document.body.appendChild(script); }, error: function () { $('#DukeXL-content-anchor').html(' Failed to load Duke XL content. Please refresh the page. '); } }); })();
[Available Options & Prices]
- [Color: Black / Delivery: Curbside - Free / Warranty: 2 Year Extended (Parts/Labor)- (Free 2 Yrs Warranty 🎁)] => Total Price: $6999.0 | Availability: Stock info unavailable
- [Color: Black / Delivery: White Glove - $275 / Warranty: 2 Year Extended (Parts/Labor)- (Free 2 Yrs Warranty 🎁)] => Total Price: $7274.0 | Availability: Stock info unavailable
- [Color: Taupe / Delivery: Curbside - Free / Warranty: 2 Year Extended (Parts/Labor)- (Free 2 Yrs Warranty 🎁)] => Total Price: $6999.0 | Availability: Stock info unavailable
- [Color: Taupe / Delivery: White Glove - $275 / Warranty: 2 Year Extended (Parts/Labor)- (Free 2 Yrs Warranty 🎁)] => Total Price: $7274.0 | Availability: Stock info unavailable",6999.0,Massage Chair,Osaki
osaki-duomax-se-massage-chair,"Product Name: Osaki OS-Pro 4D+4D DuoMax SE (Official 5 Yr Warranty)
Description: Intelligent HealthPro Duo Mech™ 4D+4D Mechanism 8 Roller-Track Massage 2 Heating Cores SL Flex Track Smart Voice Control Body Heat Therapy 38 Air Cell Full Body Compression 20 Auto Programs &amp; 11 Massage Styles Automatic Extendable Footrest Wireless Charging const externalURL = ""https://ota-shawn.github.io/Products/Osaki/DuoMax%20SE.html""; const $j = jQuery.noConflict(true); $j(""#externalURL"").load(externalURL, () => { $j(""#externalURL"").contents().unwrap(); });
[Available Options & Prices]
- [Color: Midnight Black / Delivery: Curbside - Free / Warranty: 5 Year(3 Years Full Service & Additional 2 Years Parts)] => Total Price: $13999.0 | Availability: Stock info unavailable
- [Color: Midnight Black / Delivery: White Glove (Installation) - $275 / Warranty: 5 Year(3 Years Full Service & Additional 2 Years Parts)] => Total Price: $14274.0 | Availability: Stock info unavailable
- [Color: Stormy Grey / Delivery: Curbside - Free / Warranty: 5 Year(3 Years Full Service & Additional 2 Years Parts)] => Total Price: $13999.0 | Availability: Stock info unavailable
- [Color: Stormy Grey / Delivery: White Glove (Installation) - $275 / Warranty: 5 Year(3 Years Full Service & Additional 2 Years Parts)] => Total Price: $14274.0 | Availability: Stock info unavailable
- [Color: Taupe / Delivery: Curbside - Free / Warranty: 5 Year(3 Years Full Service & Additional 2 Years Parts)] => Total Price: $13999.0 | Availability: Stock info unavailable
- [Color: Taupe / Delivery: White Glove (Installation) - $275 / Warranty: 5 Year(3 Years Full Service & Additional 2 Years Parts)] => Total Price: $14274.0 | Availability: Stock info unavailable",13999.0,Massage Chair,Osaki Platinum
osaki-emperor-ii,"Product Name: Osaki 4D Emperor II (Free 2Yrs Ext. Warranty)
Description: Intelligent Health Detection Intelligent Voice Control 4D Massage Mechanism Body Scan Technology 3-Stage Zero Gravity Reclining Space-Saving Design SL-Track System 42-Cell Full Body Air Massage Back-Rollers &amp; Calf Heating Specialized Foot Rollers Deep Calf Kneading 16 Auto Programs 6 Manual Programs Automatic Extendable Footrest Bluetooth Speakers const externalURL = ""https://ota-shawn.github.io/Products/Osaki/Emperor%20II.html""; const $j = jQuery.noConflict(true); $j(""#externalURL"").load(externalURL, () => { $j(""#externalURL"").contents().unwrap(); });
[Available Options & Prices]
- [Color: Black & Grey / Delivery: Curbside Delivery - Free / Warranty: 5 Year(3 Years Full Service & Additional 2 Years Parts)] => Total Price: $4499.0 | Availability: Stock info unavailable
- [Color: Black & Grey / Delivery: White Glove Delivery - $275 / Warranty: 5 Year(3 Years Full Service & Additional 2 Years Parts)] => Total Price: $4774.0 | Availability: Stock info unavailable
- [Color: Brown / Delivery: Curbside Delivery - Free / Warranty: 5 Year(3 Years Full Service & Additional 2 Years Parts)] => Total Price: $4499.0 | Availability: Stock info unavailable
- [Color: Brown / Delivery: White Glove Delivery - $275 / Warranty: 5 Year(3 Years Full Service & Additional 2 Years Parts)] => Total Price: $4774.0 | Availability: Stock info unavailable
- [Color: Grey & Brown / Delivery: Curbside Delivery - Free / Warranty: 5 Year(3 Years Full Service & Additional 2 Years Parts)] => Total Price: $4499.0 | Availability: Stock info unavailable
- [Color: Grey & Brown / Delivery: White Glove Delivery - $275 / Warranty: 5 Year(3 Years Full Service & Additional 2 Years Parts)] => Total Price: $4774.0 | Availability: Stock info unavailable",4499.0,Massage Chair,Osaki
osaki-forma,"Product Name: Titan Forma 3D+2D
Description: 3D+ MASSAGE MECHANISM BODY SCAN TECHNOLOGY 3-STAGE ZERO GRAVITY RECLINING SL-TRACK SYSTEM SPACE-SAVING TECHNOLOGY 26-CELL AIR COMPRESSION MASSAGE LUMBAR HEATING THERAPY 12 AUTO PROGRAMS 5 MANUAL MODES 3 SPECIALIZED FOOT ROLLERS SPRING-LOADED EXTENDABLE FOOTREST REMOVABLE HEADREST REMOTE CONTROLLER QUALITY BLUETOOTH SPEAKERS Loading Forma Product Detail... (function () { var baseURL = ""https://RobinChoi00.github.io/Product/Forma/""; var v = new Date().getTime(); if (!$('link[href*=""Forma/style.css""]').length) { $('head').append(` `); } $('head').append(` `); $.ajax({ url: baseURL + ""index.html"", data: { v: v }, dataType: ""html"", success: function (data) { var parser = new DOMParser(); var doc = parser.parseFromString(data, ""text/html""); var $content = $(doc.body).contents(); $content.find('img').each(function () { var src = $(this).attr('src'); if (src && !src.startsWith('http')) { $(this).attr('src', baseURL + src); } }); $content.find('script').remove(); $('#forma-content-anchor').empty().append($content); var script = document.createElement(""script""); script.src = baseURL + ""script.js?v="" + v; script.defer = true; document.body.appendChild(script); }, error: function () { $('#forma-content-anchor').html(' Failed to load Forma content. Please check the repository path. '); } }); })();
[Available Options & Prices]
- [color: Black / Delivery: Curbside Delivery - Free / Warranty: 1 Year(Parts/Labor) 2&3 Year(Parts Only) - Free] => Total Price: $3499.0 | Availability: Stock info unavailable
- [color: Black / Delivery: Curbside Delivery - Free / Warranty: 1 Year Extended(Parts/Labor) - $249.95] => Total Price: $3748.95 | Availability: Stock info unavailable
- [color: Black / Delivery: Curbside Delivery - Free / Warranty: 2 Year Extended(Parts/Labor) - $349.95] => Total Price: $3848.95 | Availability: Stock info unavailable
- [color: Black / Delivery: White Glove Delivery (Installation) - $275 / Warranty: 1 Year(Parts/Labor) 2&3 Year(Parts Only) - Free] => Total Price: $3774.0 | Availability: Stock info unavailable
- [color: Black / Delivery: White Glove Delivery (Installation) - $275 / Warranty: 1 Year Extended(Parts/Labor) - $249.95] => Total Price: $4023.95 | Availability: Stock info unavailable
- [color: Black / Delivery: White Glove Delivery (Installation) - $275 / Warranty: 2 Year Extended(Parts/Labor) - $349.95] => Total Price: $4123.95 | Availability: Stock info unavailable
- [color: Brown / Delivery: Curbside Delivery - Free / Warranty: 1 Year(Parts/Labor) 2&3 Year(Parts Only) - Free] => Total Price: $3499.0 | Availability: Stock info unavailable
- [color: Brown / Delivery: Curbside Delivery - Free / Warranty: 1 Year Extended(Parts/Labor) - $249.95] => Total Price: $3748.95 | Availability: Stock info unavailable
- [color: Brown / Delivery: Curbside Delivery - Free / Warranty: 2 Year Extended(Parts/Labor) - $349.95] => Total Price: $3848.95 | Availability: Stock info unavailable
- [color: Brown / Delivery: White Glove Delivery (Installation) - $275 / Warranty: 1 Year(Parts/Labor) 2&3 Year(Parts Only) - Free] => Total Price: $3774.0 | Availability: Stock info unavailable
- [color: Brown / Delivery: White Glove Delivery (Installation) - $275 / Warranty: 1 Year Extended(Parts/Labor) - $249.95] => Total Price: $4023.95 | Availability: Stock info unavailable
- [color: Brown / Delivery: White Glove Delivery (Installation) - $275 / Warranty: 2 Year Extended(Parts/Labor) - $349.95] => Total Price: $4123.95 | Availability: Stock info unavailable
- [color: Taupe / Delivery: Curbside Delivery - Free / Warranty: 1 Year(Parts/Labor) 2&3 Year(Parts Only) - Free] => Total Price: $3499.0 | Availability: Stock info unavailable
- [color: Taupe / Delivery: Curbside Delivery - Free / Warranty: 1 Year Extended(Parts/Labor) - $249.95] => Total Price: $3748.95 | Availability: Stock info unavailable
- [color: Taupe / Delivery: Curbside Delivery - Free / Warranty: 2 Year Extended(Parts/Labor) - $349.95] => Total Price: $3848.95 | Availability: Stock info unavailable
- [color: Taupe / Delivery: White Glove Delivery (Installation) - $275 / Warranty: 1 Year(Parts/Labor) 2&3 Year(Parts Only) - Free] => Total Price: $3774.0 | Availability: Stock info unavailable
- [color: Taupe / Delivery: White Glove Delivery (Installation) - $275 / Warranty: 1 Year Extended(Parts/Labor) - $249.95] => Total Price: $4023.95 | Availability: Stock info unavailable
- [color: Taupe / Delivery: White Glove Delivery (Installation) - $275 / Warranty: 2 Year Extended(Parts/Labor) - $349.95] => Total Price: $4123.95 | Availability: Stock info unavailable",3499.0,Massage Chair,Osaki
osaki-grand-duo-4d,"Product Name: Osaki Ai series Grand Duo 4D+4D
Description: AI Technology Smart Body Scan System Dual 4D 41 Auto Programs 5 Manual Programs Intelligent AI Health Detection Intelligent Voice Control Space-Saving Technology 2-Stage Zero Gravity SL-Track System Sliding Side Panel Auto Extension Footrest 62-Cell Full Body Air Massage 3-Segment Armrest Airbags Heating Therapy Deep Calf Kneading 4 Foot Rollers &amp; 16 Airbags Chromotherapy LED Negative Ionizer Bluetooth speaker Aromatherapy Quick Side Control Panel Wireless Charger &amp; USB Port 8"" Wireless Touchscreen Controller Removable Pillow const externalURL = ""https://ota-shawn.github.io/Products/Osaki/Grand%20Duo.html"" $(""#externalURL"").load(externalURL, () => { $(""#externalURL"").contents().unwrap() })
[Available Options & Prices]
- [Color: Brown / Delivery: Curbside - Free / Warranty: 5 Year(3 Years Full Service & Additional 2 Years Parts)] => Total Price: $11999.0 | Availability: Stock info unavailable
- [Color: Brown / Delivery: White Glove (Installation) - $275 / Warranty: 5 Year(3 Years Full Service & Additional 2 Years Parts)] => Total Price: $12274.0 | Availability: Stock info unavailable
- [Color: Beige / Delivery: Curbside - Free / Warranty: 5 Year(3 Years Full Service & Additional 2 Years Parts)] => Total Price: $11999.0 | Availability: Stock info unavailable
- [Color: Beige / Delivery: White Glove (Installation) - $275 / Warranty: 5 Year(3 Years Full Service & Additional 2 Years Parts)] => Total Price: $12274.0 | Availability: Stock info unavailable
- [Color: Black / Delivery: Curbside - Free / Warranty: 5 Year(3 Years Full Service & Additional 2 Years Parts)] => Total Price: $11999.0 | Availability: Stock info unavailable
- [Color: Black / Delivery: White Glove (Installation) - $275 / Warranty: 5 Year(3 Years Full Service & Additional 2 Years Parts)] => Total Price: $12274.0 | Availability: Stock info unavailable",11999.0,Massage Chair,Osaki
osaki-highpointe-4d,"Product Name: Osaki OS-Highpointe 4D (Official 5 Yr Warranty)
Description: 4D Massage Mechanism Touchscreen Controller Intelligent Voice Control Deep Calf Kneading Computerized Body Scanning SL-Track 44 Air Cell Full Body Compression Lumbar &amp; Calf Heating with Heating Shawl Ultra Long Extension 3 Rollers Foot and Calf Massage Zero Gravity Reclining Space Saving Technology 16 Auto Programs with 6 Manual Massage Styles Surround Sound Bluetooth Speakers Wireless Phone Charger const externalURL = ""https://ota-shawn.github.io/Products/Osaki/Osaki%20OS-Highpointe%204D.html""; $(""#externalURL"").load(externalURL, () => { $(""#externalURL"").contents().unwrap(); });
[Available Options & Prices]
- [Color: Blue / Delivery: Curbside - Free / Warranty: 5 Year(3 Years Full Service & Additional 2 Years Parts)] => Total Price: $4999.0 | Availability: Stock info unavailable
- [Color: Blue / Delivery: White Glove (Installation) - $275 / Warranty: 5 Year(3 Years Full Service & Additional 2 Years Parts)] => Total Price: $5274.0 | Availability: Stock info unavailable
- [Color: Dark Brown / Delivery: Curbside - Free / Warranty: 5 Year(3 Years Full Service & Additional 2 Years Parts)] => Total Price: $4999.0 | Availability: Stock info unavailable
- [Color: Dark Brown / Delivery: White Glove (Installation) - $275 / Warranty: 5 Year(3 Years Full Service & Additional 2 Years Parts)] => Total Price: $5274.0 | Availability: Stock info unavailable
- [Color: Black / Delivery: Curbside - Free / Warranty: 5 Year(3 Years Full Service & Additional 2 Years Parts)] => Total Price: $4999.0 | Availability: Stock info unavailable
- [Color: Black / Delivery: White Glove (Installation) - $275 / Warranty: 5 Year(3 Years Full Service & Additional 2 Years Parts)] => Total Price: $5274.0 | Availability: Stock info unavailable
- [Color: Taupe / Delivery: Curbside - Free / Warranty: 5 Year(3 Years Full Service & Additional 2 Years Parts)] => Total Price: $4999.0 | Availability: Stock info unavailable
- [Color: Taupe / Delivery: White Glove (Installation) - $275 / Warranty: 5 Year(3 Years Full Service & Additional 2 Years Parts)] => Total Price: $5274.0 | Availability: Stock info unavailable",4999.0,Massage Chair,Osaki
osaki-hypnos-4d-pro-ai,"Product Name: Osaki Hypnos 4D Pro AI
Description: INTELLIGENT A.I. HEALTH CHECK DETECTION AI BODY SCANNING 4D MECHANISM TECHNOLOGY SONIC PULSE MASSAGE LiFlex MOTION TRACK 48-CELL FULL BODY AIR MASSAGE HEATING THERAPY DEEP CALF KNEADING AUTO EXTENSION FOOTREST SPACE-SAVING TECHNOLOGY SPECIALIZED FOOT ROLLERS 3-STAGE ZERO GRAVITY QUIET MASSAGE TECHNOLOGY SAFETY SENSORS 20 AUTO PROGRAMS 12 MANUAL MODES BLUETOOTH SPEAKERS ADVANCED 7"" TOUCHSCREEN QUICK ACCESS SIDE PANEL WIRELESS CHARGE &amp; TYPE C PORT NEW PU SIDE PANEL DESIGN MOOD LED LIGHT ON DUAL SPEAKERS REMOVABLE HEADREST OTA SOFTWARE UPDATES Loading OSAKI HYPNOS 4D PRO AI Detail... (function () { // [Engineering Setup] 경로 상수 정의 var baseURL = ""https://RobinChoi00.github.io/Product/Hypnos4D/""; var v = new Date().getTime(); // Cache Busting (새로고침 시 즉시 반영) // 1. CSS Injection (중복 로드 방지 로직 포함) // Hypnos4D 폴더의 style.css가 없는 경우에만 로드 if (!$('link[href*=""Hypnos4D/style.css""]').length) { $('head').append(` `); } // 2. Google Fonts Integration (필요한 폰트 프리로드) $('head').append(` `); // 3. HTML Fetching & Asset Path Repairing $.ajax({ url: baseURL + ""index.html"", data: { v: v }, dataType: ""html"", success: function (data) { var parser = new DOMParser(); var doc = parser.parseFromString(data, ""text/html""); // body 태그 내부의 콘텐츠만 추출 (head 제외) var $content = $(doc.body).contents(); // [Path Repair] GitHub Pages의 상대 경로 이미지를 절대 경로로 변환 $content.find('img').each(function () { var src = $(this).attr('src'); // http로 시작하지 않는 로컬 경로만 수정 if (src && !src.startsWith('http') && !src.startsWith('//')) { $(this).attr('src', baseURL + src); } }); // 보안을 위해 index.html 내부의 인라인 스크립트는 제거하고 돔에 삽입 $content.find('script').remove(); $('#Hypnos4D-content-anchor').empty().append($content); // 4. External Logic Execution (슬라이더, 탭 기능 등) // DOM 삽입 후 실행해야 요소가 존재함을 보장받음 var script = document.createElement(""script""); script.src = baseURL + ""script.js?v="" + v; script.defer = true; document.body.appendChild(script); }, error: function () { // 로드 실패 시 사용자에게 알림 $('#Hypnos4D-content-anchor').html(' Failed to load Hypnos 4D content. Please refresh the page. '); console.error(""Hypnos 4D Load Error: Please check the GitHub URL or CORS settings.""); } }); })();
[Available Options & Prices]
- [color: Black / Delivery: Curbside Delivery - Free / Warranty: 1 Year (Parts/Labor) 2&3 Year (Parts Only) - Free] => Total Price: $11999.0 | Availability: Stock info unavailable
- [color: Black / Delivery: Curbside Delivery - Free / Warranty: 1 Year Extended (Parts/Labor) - $249.95] => Total Price: $12248.95 | Availability: Stock info unavailable
- [color: Black / Delivery: Curbside Delivery - Free / Warranty: 2 Year Extended (Parts/Labor) - $349.95] => Total Price: $12348.95 | Availability: Stock info unavailable
- [color: Black / Delivery: White Glove Delivery - $275 / Warranty: 1 Year (Parts/Labor) 2&3 Year (Parts Only) - Free] => Total Price: $12274.0 | Availability: Stock info unavailable
- [color: Black / Delivery: White Glove Delivery - $275 / Warranty: 1 Year Extended (Parts/Labor) - $249.95] => Total Price: $12523.95 | Availability: Stock info unavailable
- [color: Black / Delivery: White Glove Delivery - $275 / Warranty: 2 Year Extended (Parts/Labor) - $349.95] => Total Price: $12623.95 | Availability: Stock info unavailable
- [color: Brown / Delivery: Curbside Delivery - Free / Warranty: 1 Year (Parts/Labor) 2&3 Year (Parts Only) - Free] => Total Price: $11999.0 | Availability: Stock info unavailable
- [color: Brown / Delivery: Curbside Delivery - Free / Warranty: 1 Year Extended (Parts/Labor) - $249.95] => Total Price: $12248.95 | Availability: Stock info unavailable
- [color: Brown / Delivery: Curbside Delivery - Free / Warranty: 2 Year Extended (Parts/Labor) - $349.95] => Total Price: $12348.95 | Availability: Stock info unavailable
- [color: Brown / Delivery: White Glove Delivery - $275 / Warranty: 1 Year (Parts/Labor) 2&3 Year (Parts Only) - Free] => Total Price: $12274.0 | Availability: Stock info unavailable
- [color: Brown / Delivery: White Glove Delivery - $275 / Warranty: 1 Year Extended (Parts/Labor) - $249.95] => Total Price: $12523.95 | Availability: Stock info unavailable
- [color: Brown / Delivery: White Glove Delivery - $275 / Warranty: 2 Year Extended (Parts/Labor) - $349.95] => Total Price: $12623.95 | Availability: Stock info unavailable",11999.0,Massage Chair,Osaki
osaki-kairos-duo-massage-chair,"Product Name: Osaki 5D+4D Kairos Duo (Official 5 Yr Warranty)
Description: 5D + 4D Mechanism Smart Pressure Sensors SL-Track Automatic Extendable Footrest Automatic Body Scan Zero Gravity 20 Auto Programs 5 Manual Modes 56 Cell Full Body Air Massage Calf Kneading Foot Rollers Negative Ionizer Heating Therapy Touchscreen Control Bluetooth Speakers USB &amp; Wireless Charging const externalURL = ""https://RobinChoi00.github.io/Product/Kairos/Kairos.html""; $(""#externalURL"").load(externalURL, () => { $(""#externalURL"").contents().unwrap(); // HTML 로드 후 JS 삽입 const script = document.createElement(""script""); script.src = ""https://RobinChoi00.github.io/Product/Kairos/Kairos_script.js""; script.defer = true; document.body.appendChild(script); });
[Available Options & Prices]
- [Color: Black / Delivery: Curbside Delivery - Free / Warranty: 5 Year(3 Years Full Service & Additional 2 Years Parts)] => Total Price: $5999.0 | Availability: Stock info unavailable
- [Color: Black / Delivery: White Glove Delivery - $275 / Warranty: 5 Year(3 Years Full Service & Additional 2 Years Parts)] => Total Price: $6274.0 | Availability: Stock info unavailable
- [Color: Brown / Delivery: Curbside Delivery - Free / Warranty: 5 Year(3 Years Full Service & Additional 2 Years Parts)] => Total Price: $5999.0 | Availability: Stock info unavailable
- [Color: Brown / Delivery: White Glove Delivery - $275 / Warranty: 5 Year(3 Years Full Service & Additional 2 Years Parts)] => Total Price: $6274.0 | Availability: Stock info unavailable
- [Color: Taupe / Delivery: Curbside Delivery - Free / Warranty: 5 Year(3 Years Full Service & Additional 2 Years Parts)] => Total Price: $5999.0 | Availability: Stock info unavailable
- [Color: Taupe / Delivery: White Glove Delivery - $275 / Warranty: 5 Year(3 Years Full Service & Additional 2 Years Parts)] => Total Price: $6274.0 | Availability: Stock info unavailable",5999.0,Massage Chair,Osaki Platinum
osaki-kneemedic-pad,"Product Name: Osaki KneeMedic Pad
Description: Super-Conduction Acupuncture Infrared Physiotherapy 700-5000nm Wavelength Vibration Massage const externalURL = ""https://ota-shawn.github.io/Products/Osaki/Osaki%20KneeMedic%20Pad.html""; $(""#externalURL"").load(externalURL, () => { $(""#externalURL"").contents().unwrap(); });
[Available Options & Prices]
- [Title: Default Title] => Total Price: $99.0 | Availability: Stock info unavailable",99.0,Portable Massager,Osaki
osaki-led-therapy-dome-lt,"Product Name: Osaki LED Therapy Dome LE
Description: 308-780nm Wavelength Hydrating Mist Auto-color Cycle Modes Rechargeable Long-life Battery Up to 60 min Timer const externalURL = ""https://ota-shawn.github.io/Products/Osaki/Osaki%20LED%20Therapy%20Dome%20LT.html""; $(""#externalURL"").load(externalURL, () => { $(""#externalURL"").contents().unwrap(); });
[Available Options & Prices]
- [Title: Default Title] => Total Price: $699.0 | Availability: Stock info unavailable",699.0,Health Product,Osaki
osaki-lk-219b-spa-capsule,"Product Name: Osaki LK-219B Spa Capsule
Description: Intuitive Controls Spacious Design Adjustable Seat Steam Sauna Dual Speakers Removable Steam Generator const externalURL = ""https://ota-shawn.github.io/Products/Osaki/Osaki%20LK-219B%20Spa%20Capsule.html""; $(""#externalURL"").load(externalURL, () => { $(""#externalURL"").contents().unwrap(); });
[Available Options & Prices]
- [Title: Default Title] => Total Price: $3099.0 | Availability: Stock info unavailable",3099.0,Health Product,Osaki
osaki-maestro-le-2,"Product Name: Osaki 4D  Maestro LE 2.0 (Official 5 Yr Warranty)
Description: 4D Massage Mechanism Muscle Tension Detection Intelligent Voice Control Heated Back Roller Computerized Body Scanning SL-Track 8 Auto Programs &amp; 6 Massage Styles Space Saving Technology Zero Gravity Reclining Deep Calf Kneading Convenient Shortcut Panel Touchscreen Control Surround Sound Bluetooth Speakers USB &amp; Wireless Phone Charger INTENSITY LEVEL 6 - 10 const externalURL = ""https://ota-shawn.github.io/Products/Osaki/Osaki%20OS-Pro%20Maestro%20LE.html""; $(""#externalURL"").load(externalURL, () => { $(""#externalURL"").contents().unwrap(); });
[Available Options & Prices]
- [Color: Black / Delivery: Curbside - Free / Warranty: 5 Year(3 Years Full Service & Additional 2 Years Parts)] => Total Price: $7999.0 | Availability: Stock info unavailable
- [Color: Black / Delivery: White Glove (Installation -$275) / Warranty: 5 Year(3 Years Full Service & Additional 2 Years Parts)] => Total Price: $8274.0 | Availability: Stock info unavailable
- [Color: Brown / Delivery: Curbside - Free / Warranty: 5 Year(3 Years Full Service & Additional 2 Years Parts)] => Total Price: $7999.0 | Availability: Stock info unavailable
- [Color: Brown / Delivery: White Glove (Installation -$275) / Warranty: 5 Year(3 Years Full Service & Additional 2 Years Parts)] => Total Price: $8274.0 | Availability: Stock info unavailable
- [Color: Beige / Delivery: Curbside - Free / Warranty: 5 Year(3 Years Full Service & Additional 2 Years Parts)] => Total Price: $7999.0 | Availability: Stock info unavailable
- [Color: Beige / Delivery: White Glove (Installation -$275) / Warranty: 5 Year(3 Years Full Service & Additional 2 Years Parts)] => Total Price: $8274.0 | Availability: Stock info unavailable",7999.0,Massage Chair,Osaki
osaki-manhattan-duo-massage-chair,"Product Name: Osaki 4D + 3D Manhattan Duo (Official 5 Yr Warranty)
Description: (Free Back pad &amp; Cleaning kit event) AI Series Technology 4D + 3D Dual Mechanism Technology Smart Body Scan System 16 Auto Massage Programs 7 Manual Massage Programs Intelligent AI Health Monitor Intelligent Voice Control Zero Gravity Reclining Space Saving Technology SL-track Track System Quiet Massage Technology Auto Extension Footrest 26 Cell Full Air Body Massage Thinner 7’’ Touchscreen Controller Deep Calf Kneading Foot Rollers &amp; Kneading Wireless Charger &amp; USB Port Quick Side Control Panel Bluetooth HS Surround Speakers Hand Reflexology Massage Removable Pillow LED Lighting const externalURL = ""https://ota-shawn.github.io/Products/Osaki/4D%20Manhattan%20Duo%20Mech.html"" $(""#externalURL"").load(externalURL, () => { $(""#externalURL"").contents().unwrap() })
[Available Options & Prices]
- [Color: Black / Delivery: Curbside Delivery - Free / Warranty: 5 Year (3 Years Full Service & Additional 2 Years Parts)] => Total Price: $7999.0 | Availability: Stock info unavailable
- [Color: Black / Delivery: White Glove Delivery - $275 / Warranty: 5 Year (3 Years Full Service & Additional 2 Years Parts)] => Total Price: $8274.0 | Availability: Stock info unavailable
- [Color: Brown / Delivery: Curbside Delivery - Free / Warranty: 5 Year (3 Years Full Service & Additional 2 Years Parts)] => Total Price: $7999.0 | Availability: Stock info unavailable
- [Color: Brown / Delivery: White Glove Delivery - $275 / Warranty: 5 Year (3 Years Full Service & Additional 2 Years Parts)] => Total Price: $8274.0 | Availability: Stock info unavailable
- [Color: Taupe / Delivery: Curbside Delivery - Free / Warranty: 5 Year (3 Years Full Service & Additional 2 Years Parts)] => Total Price: $7999.0 | Availability: Stock info unavailable
- [Color: Taupe / Delivery: White Glove Delivery - $275 / Warranty: 5 Year (3 Years Full Service & Additional 2 Years Parts)] => Total Price: $8274.0 | Availability: Stock info unavailable",7999.0,Massage Chair,Osaki
osaki-massage-chair-cleaner,"Product Name: Osaki Cleaning Kit
Description: Citrus Orange oil Special decontamination Sterilization factor Anionic surfactant Leather protection protein const externalURL = ""https://ota-shawn.github.io/Products/Osaki/Osaki%20Massage%20Chair%20Cleaner.html""; $(""#externalURL"").load(externalURL, () => { $(""#externalURL"").contents().unwrap(); });
[Available Options & Prices]
- [Title: Default Title] => Total Price: $29.99 | Availability: Stock info unavailable",29.99,Accessory,Osaki
osaki-milan-3d-recliner,"Product Name: Osaki Milan 3D Recliner Relax Chair
Description: Precision 3D Mechanism Solid Luxurious Material Easy App Control Leg Vibration Massage SL-Track System 3 Stages Zero Gravity 300° Swivel Back Heating Therapy 12 Automatic Programs 5 Manual Modes const externalURL = ""https://ota-shawn.github.io/Products/Osaki/Milan.html"" $(""#externalURL"").load(externalURL, () => { $(""#externalURL"").contents().unwrap() })
[Available Options & Prices]
- [Color: Black / Delivery: Curbside Delivery - Free / Warranty: 1 Year(Parts/Labor) 2&3 Year(Parts Only) - Free] => Total Price: $2499.0 | Availability: Stock info unavailable
- [Color: Black / Delivery: Curbside Delivery - Free / Warranty: 1 Year Extended(Parts/Labor) - $249.95] => Total Price: $2748.95 | Availability: Stock info unavailable
- [Color: Black / Delivery: Curbside Delivery - Free / Warranty: 2 Year Extended(Parts/Labor) - $349.95] => Total Price: $2848.95 | Availability: Stock info unavailable
- [Color: Black / Delivery: White Glove Delivery (Installation) - $275 / Warranty: 1 Year(Parts/Labor) 2&3 Year(Parts Only) - Free] => Total Price: $2774.0 | Availability: Stock info unavailable
- [Color: Black / Delivery: White Glove Delivery (Installation) - $275 / Warranty: 1 Year Extended(Parts/Labor) - $249.95] => Total Price: $3023.95 | Availability: Stock info unavailable
- [Color: Black / Delivery: White Glove Delivery (Installation) - $275 / Warranty: 2 Year Extended(Parts/Labor) - $349.95] => Total Price: $3123.95 | Availability: Stock info unavailable
- [Color: Brown / Delivery: Curbside Delivery - Free / Warranty: 1 Year(Parts/Labor) 2&3 Year(Parts Only) - Free] => Total Price: $2499.0 | Availability: Stock info unavailable
- [Color: Brown / Delivery: Curbside Delivery - Free / Warranty: 1 Year Extended(Parts/Labor) - $249.95] => Total Price: $2748.95 | Availability: Stock info unavailable
- [Color: Brown / Delivery: Curbside Delivery - Free / Warranty: 2 Year Extended(Parts/Labor) - $349.95] => Total Price: $2848.95 | Availability: Stock info unavailable
- [Color: Brown / Delivery: White Glove Delivery (Installation) - $275 / Warranty: 1 Year(Parts/Labor) 2&3 Year(Parts Only) - Free] => Total Price: $2774.0 | Availability: Stock info unavailable
- [Color: Brown / Delivery: White Glove Delivery (Installation) - $275 / Warranty: 1 Year Extended(Parts/Labor) - $249.95] => Total Price: $3023.95 | Availability: Stock info unavailable
- [Color: Brown / Delivery: White Glove Delivery (Installation) - $275 / Warranty: 2 Year Extended(Parts/Labor) - $349.95] => Total Price: $3123.95 | Availability: Stock info unavailable
- [Color: Gray / Delivery: Curbside Delivery - Free / Warranty: 1 Year(Parts/Labor) 2&3 Year(Parts Only) - Free] => Total Price: $2499.0 | Availability: Stock info unavailable
- [Color: Gray / Delivery: Curbside Delivery - Free / Warranty: 1 Year Extended(Parts/Labor) - $249.95] => Total Price: $2748.95 | Availability: Stock info unavailable
- [Color: Gray / Delivery: Curbside Delivery - Free / Warranty: 2 Year Extended(Parts/Labor) - $349.95] => Total Price: $2848.95 | Availability: Stock info unavailable
- [Color: Gray / Delivery: White Glove Delivery (Installation) - $275 / Warranty: 1 Year(Parts/Labor) 2&3 Year(Parts Only) - Free] => Total Price: $2774.0 | Availability: Stock info unavailable
- [Color: Gray / Delivery: White Glove Delivery (Installation) - $275 / Warranty: 1 Year Extended(Parts/Labor) - $249.95] => Total Price: $3023.95 | Availability: Stock info unavailable
- [Color: Gray / Delivery: White Glove Delivery (Installation) - $275 / Warranty: 2 Year Extended(Parts/Labor) - $349.95] => Total Price: $3123.95 | Availability: Stock info unavailable
- [Color: Golden Chestnut / Delivery: Curbside Delivery - Free / Warranty: 1 Year(Parts/Labor) 2&3 Year(Parts Only) - Free] => Total Price: $2499.0 | Availability: Stock info unavailable
- [Color: Golden Chestnut / Delivery: Curbside Delivery - Free / Warranty: 1 Year Extended(Parts/Labor) - $249.95] => Total Price: $2748.95 | Availability: Stock info unavailable
- [Color: Golden Chestnut / Delivery: Curbside Delivery - Free / Warranty: 2 Year Extended(Parts/Labor) - $349.95] => Total Price: $2848.95 | Availability: Stock info unavailable
- [Color: Golden Chestnut / Delivery: White Glove Delivery (Installation) - $275 / Warranty: 1 Year(Parts/Labor) 2&3 Year(Parts Only) - Free] => Total Price: $2774.0 | Availability: Stock info unavailable
- [Color: Golden Chestnut / Delivery: White Glove Delivery (Installation) - $275 / Warranty: 1 Year Extended(Parts/Labor) - $249.95] => Total Price: $3023.95 | Availability: Stock info unavailable
- [Color: Golden Chestnut / Delivery: White Glove Delivery (Installation) - $275 / Warranty: 2 Year Extended(Parts/Labor) - $349.95] => Total Price: $3123.95 | Availability: Stock info unavailable",2499.0,Reclining Chair,Osaki
osaki-nexus-4d-japan,"Product Name: Osaki JP-Nexus 4D Made in Japan
Description: 4D Massage Mechanism Intelligent Voice Control Touchscreen Controller Automatic Body Scan Deep Calf Kneading Kneading Foot Massage Quiet Massage Chair Hand Reflexology 16 Auto Programs 35 Manual Programs SL-Track System Lumbar Heating Therapy 2-Stage Zero Gravity Space-Saving Technology Automatic Extendable Footrest 34-Cell Full Body Air Massage Removable Headrest Bluetooth Speakers Shortcut Panels LED Lighting const externalURL = ""https://ota-shawn.github.io/Products/Osaki/JP-NEXUS%204D.html"" $(""#externalURL"").load(externalURL, () => { $(""#externalURL"").contents().unwrap() })
[Available Options & Prices]
- [Color: Taupe / Delivery: Curbside Delivery - Free / Warranty: 5 Year(3 Years Full Service & Additional 2 Years Parts)] => Total Price: $6999.0 | Availability: Stock info unavailable
- [Color: Taupe / Delivery: White Glove Delivery - $275 / Warranty: 5 Year(3 Years Full Service & Additional 2 Years Parts)] => Total Price: $7274.0 | Availability: Stock info unavailable
- [Color: Brown / Delivery: Curbside Delivery - Free / Warranty: 5 Year(3 Years Full Service & Additional 2 Years Parts)] => Total Price: $6999.0 | Availability: Stock info unavailable
- [Color: Brown / Delivery: White Glove Delivery - $275 / Warranty: 5 Year(3 Years Full Service & Additional 2 Years Parts)] => Total Price: $7274.0 | Availability: Stock info unavailable
- [Color: Black / Delivery: Curbside Delivery - Free / Warranty: 5 Year(3 Years Full Service & Additional 2 Years Parts)] => Total Price: $6999.0 | Availability: Stock info unavailable
- [Color: Black / Delivery: White Glove Delivery - $275 / Warranty: 5 Year(3 Years Full Service & Additional 2 Years Parts)] => Total Price: $7274.0 | Availability: Stock info unavailable",6999.0,Massage Chair,Osaki Japan
osaki-nova-ii,"Product Name: Osaki Nova II 3D+
Description: 3D+ MASSAGE MECHANISM BODY SCAN TECHNOLOGY 3-STAGE ZERO GRAVITY RECLINING SL-TRACK SYSTEM SPACE-SAVING TECHNOLOGY 26-CELL AIR COMPRESSION MASSAGE LUMBAR HEATING THERAPY 12 AUTO PROGRAMS 9 MANUAL MODES 3 SPECIALIZED FOOT ROLLERS SPRING-LOADED EXTENDABLE FOOTREST REMOVABLE HEADREST REMOTE CONTROLLER QUALITY BLUETOOTH SPEAKERS Loading Nova II Product Detail... (function () { // [Engineering Setup] Nova II 경로 설정 // 주의: GitHub 저장소의 폴더명이 'NovaII'가 아니라면 이 부분을 수정해야 합니다. (예: 'nova-ii') var baseURL = ""https://RobinChoi00.github.io/Product/NovaII/""; var v = new Date().getTime(); // 캐시 방지용 타임스탬프 // 1) CSS Injection (Nova II 스타일 로드) // 기존 HelixLE CSS와 충돌 방지를 위해 href 체크 변경 if (!$('link[href*=""NovaII/style.css""]').length) { $('head').append(` `); } // 2) Google Fonts Integration (Nova II에 사용된 폰트 추가: Nunito, Avenir 등) $('head').append(` `); // 3) HTML Fetching & Image Path Repairing $.ajax({ url: baseURL + ""index.html"", data: { v: v }, dataType: ""html"", success: function (data) { var parser = new DOMParser(); var doc = parser.parseFromString(data, ""text/html""); // body 태그 내부의 컨텐츠만 추출 (head 제외) var $content = $(doc.body).contents(); // [Path Repair] GitHub Pages 절대 경로로 이미지 src 변환 $content.find('img').each(function () { var src = $(this).attr('src'); // http로 시작하지 않는 상대 경로만 변환 if (src && !src.startsWith('http')) { $(this).attr('src', baseURL + src); } }); // 보안 및 중복 실행 방지를 위해 가져온 HTML 내의 script 태그 제거 $content.find('script').remove(); // 4) Content Injection (Nova II 앵커에 삽입) $('#NovaII-content-anchor').empty().append($content); // 5) External JS Execution (script.js 로드) var script = document.createElement(""script""); script.src = baseURL + ""script.js?v="" + v; script.defer = true; document.body.appendChild(script); }, error: function () { // 에러 메시지 표시 $('#NovaII-content-anchor').html(' Failed to load Nova II content. Please check the repository path. '); } }); })();
[Available Options & Prices]
- [color: Black / Delivery: Curbside Delivery - Free / Warranty: 1 Year(Parts/Labor) 2&3 Year(Parts Only) - Free] => Total Price: $5499.0 | Availability: Stock info unavailable
- [color: Black / Delivery: Curbside Delivery - Free / Warranty: 1 Year Extended(Parts/Labor) - $249.95] => Total Price: $5748.95 | Availability: Stock info unavailable
- [color: Black / Delivery: Curbside Delivery - Free / Warranty: 2 Year Extended(Parts/Labor) - $349.95] => Total Price: $5848.95 | Availability: Stock info unavailable
- [color: Black / Delivery: White Glove Delivery (Installation)- $275 / Warranty: 1 Year(Parts/Labor) 2&3 Year(Parts Only) - Free] => Total Price: $5774.0 | Availability: Stock info unavailable
- [color: Black / Delivery: White Glove Delivery (Installation)- $275 / Warranty: 1 Year Extended(Parts/Labor) - $249.95] => Total Price: $6023.95 | Availability: Stock info unavailable
- [color: Black / Delivery: White Glove Delivery (Installation)- $275 / Warranty: 2 Year Extended(Parts/Labor) - $349.95] => Total Price: $6123.95 | Availability: Stock info unavailable
- [color: Brown / Delivery: Curbside Delivery - Free / Warranty: 1 Year(Parts/Labor) 2&3 Year(Parts Only) - Free] => Total Price: $5499.0 | Availability: Stock info unavailable
- [color: Brown / Delivery: Curbside Delivery - Free / Warranty: 1 Year Extended(Parts/Labor) - $249.95] => Total Price: $5748.95 | Availability: Stock info unavailable
- [color: Brown / Delivery: Curbside Delivery - Free / Warranty: 2 Year Extended(Parts/Labor) - $349.95] => Total Price: $5848.95 | Availability: Stock info unavailable
- [color: Brown / Delivery: White Glove Delivery (Installation)- $275 / Warranty: 1 Year(Parts/Labor) 2&3 Year(Parts Only) - Free] => Total Price: $5774.0 | Availability: Stock info unavailable
- [color: Brown / Delivery: White Glove Delivery (Installation)- $275 / Warranty: 1 Year Extended(Parts/Labor) - $249.95] => Total Price: $6023.95 | Availability: Stock info unavailable
- [color: Brown / Delivery: White Glove Delivery (Installation)- $275 / Warranty: 2 Year Extended(Parts/Labor) - $349.95] => Total Price: $6123.95 | Availability: Stock info unavailable
- [color: Taupe / Delivery: Curbside Delivery - Free / Warranty: 1 Year(Parts/Labor) 2&3 Year(Parts Only) - Free] => Total Price: $5499.0 | Availability: Stock info unavailable
- [color: Taupe / Delivery: Curbside Delivery - Free / Warranty: 1 Year Extended(Parts/Labor) - $249.95] => Total Price: $5748.95 | Availability: Stock info unavailable
- [color: Taupe / Delivery: Curbside Delivery - Free / Warranty: 2 Year Extended(Parts/Labor) - $349.95] => Total Price: $5848.95 | Availability: Stock info unavailable
- [color: Taupe / Delivery: White Glove Delivery (Installation)- $275 / Warranty: 1 Year(Parts/Labor) 2&3 Year(Parts Only) - Free] => Total Price: $5774.0 | Availability: Stock info unavailable
- [color: Taupe / Delivery: White Glove Delivery (Installation)- $275 / Warranty: 1 Year Extended(Parts/Labor) - $249.95] => Total Price: $6023.95 | Availability: Stock info unavailable
- [color: Taupe / Delivery: White Glove Delivery (Installation)- $275 / Warranty: 2 Year Extended(Parts/Labor) - $349.95] => Total Price: $6123.95 | Availability: Stock info unavailable",5499.0,Massage Chair,Titan Chair
osaki-o-hydrogen-water,"Product Name: Osaki O Hydrogen Water
Description: Purifying Water Adding Exta Hydrogen molecules Detoxification Anti-oxidative Effect Easy to Carry Portable Charger const externalURL = ""https://ota-shawn.github.io/Products/Osaki/Osaki%20O%20Hydrogen%20Water.html""; $(""#externalURL"").load(externalURL, () => { $(""#externalURL"").contents().unwrap(); });
[Available Options & Prices]
- [Title: Default Title] => Total Price: $129.0 | Availability: Stock info unavailable",129.0,Health Product,Osaki
osaki-oasis,"Product Name: Osaki Oasis (S50)
Description: Full Body Sync Massage Mechanism Lumbar &amp; Calf Heating Specialized Neck Massage Straight Track &amp; Glutes Kneading Intelligent Voice Control 24 Cell Full Body Air Massage 2 Rotating Foot Massagers Spring-Loaded Extendable Footrest const externalURL = ""https://ota-shawn.github.io/Products/Osaki/Oasis.html""; $(""#externalURL"").load(externalURL, () => { $(""#externalURL"").contents().unwrap(); });
[Available Options & Prices]
- [Color: Taupe / Delivery: Curbside - Free / Warranty: 1 Year (Parts/Labor) 2&3 Year (Parts Only) - Free] => Total Price: $2499.0 | Availability: Stock info unavailable
- [Color: Taupe / Delivery: Curbside - Free / Warranty: 1 Year Extended (Parts/Labor) - $249.95] => Total Price: $2748.95 | Availability: Stock info unavailable
- [Color: Taupe / Delivery: Curbside - Free / Warranty: 2 Year Extended (Parts/Labor) - $349.95] => Total Price: $2848.95 | Availability: Stock info unavailable
- [Color: Taupe / Delivery: White Glove - $275 / Warranty: 1 Year (Parts/Labor) 2&3 Year (Parts Only) - Free] => Total Price: $2774.0 | Availability: Stock info unavailable
- [Color: Taupe / Delivery: White Glove - $275 / Warranty: 1 Year Extended (Parts/Labor) - $249.95] => Total Price: $3023.95 | Availability: Stock info unavailable
- [Color: Taupe / Delivery: White Glove - $275 / Warranty: 2 Year Extended (Parts/Labor) - $349.95] => Total Price: $3123.95 | Availability: Stock info unavailable
- [Color: Black / Delivery: Curbside - Free / Warranty: 1 Year (Parts/Labor) 2&3 Year (Parts Only) - Free] => Total Price: $2499.0 | Availability: Stock info unavailable
- [Color: Black / Delivery: Curbside - Free / Warranty: 1 Year Extended (Parts/Labor) - $249.95] => Total Price: $2748.95 | Availability: Stock info unavailable
- [Color: Black / Delivery: Curbside - Free / Warranty: 2 Year Extended (Parts/Labor) - $349.95] => Total Price: $2848.95 | Availability: Stock info unavailable
- [Color: Black / Delivery: White Glove - $275 / Warranty: 1 Year (Parts/Labor) 2&3 Year (Parts Only) - Free] => Total Price: $2774.0 | Availability: Stock info unavailable
- [Color: Black / Delivery: White Glove - $275 / Warranty: 1 Year Extended (Parts/Labor) - $249.95] => Total Price: $3023.95 | Availability: Stock info unavailable
- [Color: Black / Delivery: White Glove - $275 / Warranty: 2 Year Extended (Parts/Labor) - $349.95] => Total Price: $3123.95 | Availability: Stock info unavailable
- [Color: Brown / Delivery: Curbside - Free / Warranty: 1 Year (Parts/Labor) 2&3 Year (Parts Only) - Free] => Total Price: $2499.0 | Availability: Stock info unavailable
- [Color: Brown / Delivery: Curbside - Free / Warranty: 1 Year Extended (Parts/Labor) - $249.95] => Total Price: $2748.95 | Availability: Stock info unavailable
- [Color: Brown / Delivery: Curbside - Free / Warranty: 2 Year Extended (Parts/Labor) - $349.95] => Total Price: $2848.95 | Availability: Stock info unavailable
- [Color: Brown / Delivery: White Glove - $275 / Warranty: 1 Year (Parts/Labor) 2&3 Year (Parts Only) - Free] => Total Price: $2774.0 | Availability: Stock info unavailable
- [Color: Brown / Delivery: White Glove - $275 / Warranty: 1 Year Extended (Parts/Labor) - $249.95] => Total Price: $3023.95 | Availability: Stock info unavailable
- [Color: Brown / Delivery: White Glove - $275 / Warranty: 2 Year Extended (Parts/Labor) - $349.95] => Total Price: $3123.95 | Availability: Stock info unavailable",2499.0,Massage Chair,Osaki
osaki-op-4d-master-chair,"Product Name: Osaki OP-4D Master (Official 5 Yr Warranty)
Description: (Free Cleaning kit event) 4D Massage Mechanism SL-Track Muscle Tension Detection Surround Sound Bluetooth Speakers Zero Gravity Reclining Space Saving Technology Lumbar Heat Therapy 16 Auto Programs &amp; 6 Massage Styles 46 Air Cell Compression Automatic Footrest INTENSITY LEVEL 6 - 7 const externalURL = ""https://ota-shawn.github.io/Products/Osaki/OP-4D%20Master.html""; $(""#externalURL"").load(externalURL, () => { $(""#externalURL"").contents().unwrap(); });
[Available Options & Prices]
- [Color: Black / Delivery: Curbside - Free / Warranty: 5 Year(3 Years Full Service & Additional 2 Years Parts)] => Total Price: $7999.0 | Availability: Stock info unavailable
- [Color: Black / Delivery: White Glove - $275 / Warranty: 5 Year(3 Years Full Service & Additional 2 Years Parts)] => Total Price: $8274.0 | Availability: Stock info unavailable
- [Color: Brown / Delivery: Curbside - Free / Warranty: 5 Year(3 Years Full Service & Additional 2 Years Parts)] => Total Price: $7999.0 | Availability: Stock info unavailable
- [Color: Brown / Delivery: White Glove - $275 / Warranty: 5 Year(3 Years Full Service & Additional 2 Years Parts)] => Total Price: $8274.0 | Availability: Stock info unavailable
- [Color: Taupe / Delivery: Curbside - Free / Warranty: 5 Year(3 Years Full Service & Additional 2 Years Parts)] => Total Price: $7999.0 | Availability: Stock info unavailable
- [Color: Taupe / Delivery: White Glove - $275 / Warranty: 5 Year(3 Years Full Service & Additional 2 Years Parts)] => Total Price: $8274.0 | Availability: Stock info unavailable",7999.0,Massage Chair,Osaki Platinum
osaki-op-ai-xrest-4d,"Product Name: Osaki OP-Ai Xrest 4D (Official 5 Yr Warranty)
Description: Muscle Tension Detection 4D Massage Mechanism SL-Track Surround Sound Bluetooth Speakers Zero Gravity Reclining Space Saving Technology Feet &amp; Lumbar Heat Therapy 16 Auto Programs &amp; 6 Massage Styles Intelligent Voice Control Automatic Extendable Footrest INTENSITY LEVEL 6 - 7 const externalURL = ""https://ota-shawn.github.io/Products/Osaki/Osaki%20Platinum%20Ai%20Xrest%204D%2B.html""; $(""#externalURL"").load(externalURL, () => { $(""#externalURL"").contents().unwrap(); });
[Available Options & Prices]
- [Color: Black / Delivery: Curbside - Free / Warranty: 5 Year(3 Years Full Service & Additional 2 Years Parts)] => Total Price: $8499.0 | Availability: Stock info unavailable
- [Color: Black / Delivery: White Glove - $275 / Warranty: 5 Year(3 Years Full Service & Additional 2 Years Parts)] => Total Price: $8774.0 | Availability: Stock info unavailable
- [Color: Taupe / Delivery: Curbside - Free / Warranty: 5 Year(3 Years Full Service & Additional 2 Years Parts)] => Total Price: $8499.0 | Availability: Stock info unavailable
- [Color: Taupe / Delivery: White Glove - $275 / Warranty: 5 Year(3 Years Full Service & Additional 2 Years Parts)] => Total Price: $8774.0 | Availability: Stock info unavailable
- [Color: Brown / Delivery: Curbside - Free / Warranty: 5 Year(3 Years Full Service & Additional 2 Years Parts)] => Total Price: $8499.0 | Availability: Stock info unavailable
- [Color: Brown / Delivery: White Glove - $275 / Warranty: 5 Year(3 Years Full Service & Additional 2 Years Parts)] => Total Price: $8774.0 | Availability: Stock info unavailable",8499.0,Massage Chair,Osaki Platinum
osaki-os-1028b-lux-ergo-office-chair-mesh,"Product Name: Osaki OS-1028B Lux-Ergo Office Chair (Mesh)
Description: 360 Degree Rotation Tri-Control Levers High Weight Capacity Indepemdent Backrest Recling Variable Seat Tilt Extendable/Retractable Backrest Contoured Cushioning Larger Backrest Size Hydraulic Height Control Adjustable Armrests const externalURL = ""https://ota-shawn.github.io/Products/Osaki/Osaki%20OS-1028B%20Lux-Ergo%20Office%20Chair%20(Mesh).html""; $(""#externalURL"").load(externalURL, () => { $(""#externalURL"").contents().unwrap(); });
[Available Options & Prices]
- [Title: Default Title] => Total Price: $499.0 | Availability: Stock info unavailable",499.0,Ergonomic Seating,Osaki
osaki-os-1029-lux-ergo-office-chair-mesh,"Product Name: Osaki OS-1029 Lux-Ergo Office Chair (Mesh)
Description: One-Touch Height &amp; Tilt System Backrest Tilt System Seat Tilt System Seat Height Adjustment Adjustable Armrest Height High Quality Mesh Seat &amp; Backrest 360 Degrees Swivel The NyLon Casters const externalURL = ""https://ota-shawn.github.io/Products/Osaki/Osaki%20OS-1029%20Lux-Ergo%20Office%20Chair%20(Mesh).html""; $(""#externalURL"").load(externalURL, () => { $(""#externalURL"").contents().unwrap(); });
[Available Options & Prices]
- [Title: Default Title] => Total Price: $479.0 | Availability: Stock info unavailable",479.0,Ergonomic Seating,Osaki
osaki-os-11018-shiatsu-massaging-back-seat,"Product Name: Osaki OS-11018 Shiatsu Massaging Back Seat
Description: Shiatsu Kneading Massage 4 Rotating Massage Heads Heat Theraphy Seat Vibration Removable &amp; Washable head cover const externalURL = ""https://ota-shawn.github.io/Products/Osaki/Osaki%20OS-11018%20Shiatsu%20Massaging%20Back%20Seat.html""; $(""#externalURL"").load(externalURL, () => { $(""#externalURL"").contents().unwrap(); });
[Available Options & Prices]
- [Title: Default Title] => Total Price: $129.99 | Availability: Stock info unavailable",129.99,Portable Massager,Osaki
osaki-os-3d-hamilton-le,"Product Name: Osaki OS-3D Hamilton LE
Description: Intelligent Voice Control 3D Massage Mechanism SL-Track Zero Gravity Reclining Space Saving Technology 32 Air Cell Full Body Compression Lumbar Heat Therapy Deep Calf Kneading 21 Auto Programs &amp; 6 Massage Styles Extendable Footrest Wireless Phone Charger Surround Sound Bluetooth Speakers const externalURL = ""https://ota-shawn.github.io/Products/Osaki/Osaki%20OS-3D%20Hamilton%20LE.html""; $(""#externalURL"").load(externalURL, () => { $(""#externalURL"").contents().unwrap(); });
[Available Options & Prices]
- [Color: Black / Delivery: Curbside Delivery - Free / Warranty: 1 Year (Part/Labor) 2&3 Year (Parts Only) - Free] => Total Price: $2499.0 | Availability: Stock info unavailable
- [Color: Black / Delivery: Curbside Delivery - Free / Warranty: 1 Year Extended (Parts/Labor) - $249.95] => Total Price: $2748.95 | Availability: Stock info unavailable
- [Color: Black / Delivery: Curbside Delivery - Free / Warranty: 2 Year Extended (Parts/Labor) - $349.95] => Total Price: $2848.95 | Availability: Stock info unavailable
- [Color: Black / Delivery: White Glove Delivery - $275 / Warranty: 1 Year (Part/Labor) 2&3 Year (Parts Only) - Free] => Total Price: $2774.0 | Availability: Stock info unavailable
- [Color: Black / Delivery: White Glove Delivery - $275 / Warranty: 1 Year Extended (Parts/Labor) - $249.95] => Total Price: $3023.95 | Availability: Stock info unavailable
- [Color: Black / Delivery: White Glove Delivery - $275 / Warranty: 2 Year Extended (Parts/Labor) - $349.95] => Total Price: $3123.95 | Availability: Stock info unavailable
- [Color: Brown / Delivery: Curbside Delivery - Free / Warranty: 1 Year (Part/Labor) 2&3 Year (Parts Only) - Free] => Total Price: $2499.0 | Availability: Stock info unavailable
- [Color: Brown / Delivery: Curbside Delivery - Free / Warranty: 1 Year Extended (Parts/Labor) - $249.95] => Total Price: $2748.95 | Availability: Stock info unavailable
- [Color: Brown / Delivery: Curbside Delivery - Free / Warranty: 2 Year Extended (Parts/Labor) - $349.95] => Total Price: $2848.95 | Availability: Stock info unavailable
- [Color: Brown / Delivery: White Glove Delivery - $275 / Warranty: 1 Year (Part/Labor) 2&3 Year (Parts Only) - Free] => Total Price: $2774.0 | Availability: Stock info unavailable
- [Color: Brown / Delivery: White Glove Delivery - $275 / Warranty: 1 Year Extended (Parts/Labor) - $249.95] => Total Price: $3023.95 | Availability: Stock info unavailable
- [Color: Brown / Delivery: White Glove Delivery - $275 / Warranty: 2 Year Extended (Parts/Labor) - $349.95] => Total Price: $3123.95 | Availability: Stock info unavailable
- [Color: Taupe / Delivery: Curbside Delivery - Free / Warranty: 1 Year (Part/Labor) 2&3 Year (Parts Only) - Free] => Total Price: $2499.0 | Availability: Stock info unavailable
- [Color: Taupe / Delivery: Curbside Delivery - Free / Warranty: 1 Year Extended (Parts/Labor) - $249.95] => Total Price: $2748.95 | Availability: Stock info unavailable
- [Color: Taupe / Delivery: Curbside Delivery - Free / Warranty: 2 Year Extended (Parts/Labor) - $349.95] => Total Price: $2848.95 | Availability: Stock info unavailable
- [Color: Taupe / Delivery: White Glove Delivery - $275 / Warranty: 1 Year (Part/Labor) 2&3 Year (Parts Only) - Free] => Total Price: $2774.0 | Availability: Stock info unavailable
- [Color: Taupe / Delivery: White Glove Delivery - $275 / Warranty: 1 Year Extended (Parts/Labor) - $249.95] => Total Price: $3023.95 | Availability: Stock info unavailable
- [Color: Taupe / Delivery: White Glove Delivery - $275 / Warranty: 2 Year Extended (Parts/Labor) - $349.95] => Total Price: $3123.95 | Availability: Stock info unavailable",2499.0,Massage Chair,Osaki
osaki-os-4000xt,"Product Name: Osaki OS-4000XT
Description: 2D Massage Mechanism Surround Sound Bluetooth Speakers L-Track Heart Rate Monitor Zero Gravity Reclining Space Saving Technology Lumbar Heat Therapy 6 Auto Programs 6 Massage Styles Extendable Footrest const externalURL = ""https://ota-shawn.github.io/Products/Osaki/Osaki%20OS-4000XT.html""; $(""#externalURL"").load(externalURL, () => { $(""#externalURL"").contents().unwrap(); });
[Available Options & Prices]
- [Color: Taupe / Delivery: Curbside - Free / Warranty: 1 Year(Parts/Labor)2&3 Year(Part Only) - Free] => Total Price: $4799.0 | Availability: Stock info unavailable
- [Color: Taupe / Delivery: Curbside - Free / Warranty: 1 Year Extended(Parts/Labor) - $249.95] => Total Price: $5048.95 | Availability: Stock info unavailable
- [Color: Taupe / Delivery: Curbside - Free / Warranty: 2 Year Extended(Parts/Labor) - $349.95] => Total Price: $5148.95 | Availability: Stock info unavailable
- [Color: Taupe / Delivery: White Glove - $275 / Warranty: 1 Year(Parts/Labor)2&3 Year(Part Only) - Free] => Total Price: $5074.0 | Availability: Stock info unavailable
- [Color: Taupe / Delivery: White Glove - $275 / Warranty: 1 Year Extended(Parts/Labor) - $249.95] => Total Price: $5323.95 | Availability: Stock info unavailable
- [Color: Taupe / Delivery: White Glove - $275 / Warranty: 2 Year Extended(Parts/Labor) - $349.95] => Total Price: $5423.95 | Availability: Stock info unavailable
- [Color: Brown / Delivery: Curbside - Free / Warranty: 1 Year(Parts/Labor)2&3 Year(Part Only) - Free] => Total Price: $4799.0 | Availability: Stock info unavailable
- [Color: Brown / Delivery: Curbside - Free / Warranty: 1 Year Extended(Parts/Labor) - $249.95] => Total Price: $5048.95 | Availability: Stock info unavailable
- [Color: Brown / Delivery: Curbside - Free / Warranty: 2 Year Extended(Parts/Labor) - $349.95] => Total Price: $5148.95 | Availability: Stock info unavailable
- [Color: Brown / Delivery: White Glove - $275 / Warranty: 1 Year(Parts/Labor)2&3 Year(Part Only) - Free] => Total Price: $5074.0 | Availability: Stock info unavailable
- [Color: Brown / Delivery: White Glove - $275 / Warranty: 1 Year Extended(Parts/Labor) - $249.95] => Total Price: $5323.95 | Availability: Stock info unavailable
- [Color: Brown / Delivery: White Glove - $275 / Warranty: 2 Year Extended(Parts/Labor) - $349.95] => Total Price: $5423.95 | Availability: Stock info unavailable
- [Color: Black / Delivery: Curbside - Free / Warranty: 1 Year(Parts/Labor)2&3 Year(Part Only) - Free] => Total Price: $4799.0 | Availability: Stock info unavailable
- [Color: Black / Delivery: Curbside - Free / Warranty: 1 Year Extended(Parts/Labor) - $249.95] => Total Price: $5048.95 | Availability: Stock info unavailable
- [Color: Black / Delivery: Curbside - Free / Warranty: 2 Year Extended(Parts/Labor) - $349.95] => Total Price: $5148.95 | Availability: Stock info unavailable
- [Color: Black / Delivery: White Glove - $275 / Warranty: 1 Year(Parts/Labor)2&3 Year(Part Only) - Free] => Total Price: $5074.0 | Availability: Stock info unavailable
- [Color: Black / Delivery: White Glove - $275 / Warranty: 1 Year Extended(Parts/Labor) - $249.95] => Total Price: $5323.95 | Availability: Stock info unavailable
- [Color: Black / Delivery: White Glove - $275 / Warranty: 2 Year Extended(Parts/Labor) - $349.95] => Total Price: $5423.95 | Availability: Stock info unavailable",4799.0,Massage Chair,Osaki
osaki-os-4d-achilles,"Product Name: Osaki OS-4D Achilles
Description: 4D Massage Mechanism Intelligent Voice Control 360º Rotating Footrest Computerized Body Scanning SL-Track 40 Air Cell Full Body Compression 2 Stage Zero Gravity Space Saving Technology Lumbar Heat Therapy 19 Auto Programs with 6 Massage Styles Calf Kneading Surround Sound Bluetooth Speakers USB Charger &amp; Touchscreen const externalURL = ""https://RobinChoi00.github.io/Product/Achilles/Achilles.html""; $(""#externalURL"").load(externalURL, () => { $(""#externalURL"").contents().unwrap(); // HTML 로드 후 JS 삽입 const script = document.createElement(""script""); script.src = ""https://RobinChoi00.github.io/Product/Achilles/Achilles_script.js""; script.defer = true; document.body.appendChild(script); });
[Available Options & Prices]
- [Color: Black / Delivery: Curbside Delivery - Free / Warranty: 1 Year (Parts/Labor) 2&3 Year (Parts Only) - Free] => Total Price: $3499.0 | Availability: Stock info unavailable
- [Color: Black / Delivery: Curbside Delivery - Free / Warranty: 1 Year Extended (Parts/Labor) - $249.95] => Total Price: $3748.95 | Availability: Stock info unavailable
- [Color: Black / Delivery: Curbside Delivery - Free / Warranty: 2 Year Extended (Parts/Labor) - $349.95] => Total Price: $3848.95 | Availability: Stock info unavailable
- [Color: Black / Delivery: White Glove Delivery - $275 / Warranty: 1 Year (Parts/Labor) 2&3 Year (Parts Only) - Free] => Total Price: $3774.0 | Availability: Stock info unavailable
- [Color: Black / Delivery: White Glove Delivery - $275 / Warranty: 1 Year Extended (Parts/Labor) - $249.95] => Total Price: $4023.95 | Availability: Stock info unavailable
- [Color: Black / Delivery: White Glove Delivery - $275 / Warranty: 2 Year Extended (Parts/Labor) - $349.95] => Total Price: $4123.95 | Availability: Stock info unavailable
- [Color: Brown / Delivery: Curbside Delivery - Free / Warranty: 1 Year (Parts/Labor) 2&3 Year (Parts Only) - Free] => Total Price: $3499.0 | Availability: Stock info unavailable
- [Color: Brown / Delivery: Curbside Delivery - Free / Warranty: 1 Year Extended (Parts/Labor) - $249.95] => Total Price: $3748.95 | Availability: Stock info unavailable
- [Color: Brown / Delivery: Curbside Delivery - Free / Warranty: 2 Year Extended (Parts/Labor) - $349.95] => Total Price: $3848.95 | Availability: Stock info unavailable
- [Color: Brown / Delivery: White Glove Delivery - $275 / Warranty: 1 Year (Parts/Labor) 2&3 Year (Parts Only) - Free] => Total Price: $3774.0 | Availability: Stock info unavailable
- [Color: Brown / Delivery: White Glove Delivery - $275 / Warranty: 1 Year Extended (Parts/Labor) - $249.95] => Total Price: $4023.95 | Availability: Stock info unavailable
- [Color: Brown / Delivery: White Glove Delivery - $275 / Warranty: 2 Year Extended (Parts/Labor) - $349.95] => Total Price: $4123.95 | Availability: Stock info unavailable
- [Color: Taupe / Delivery: Curbside Delivery - Free / Warranty: 1 Year (Parts/Labor) 2&3 Year (Parts Only) - Free] => Total Price: $3499.0 | Availability: Stock info unavailable
- [Color: Taupe / Delivery: Curbside Delivery - Free / Warranty: 1 Year Extended (Parts/Labor) - $249.95] => Total Price: $3748.95 | Availability: Stock info unavailable
- [Color: Taupe / Delivery: Curbside Delivery - Free / Warranty: 2 Year Extended (Parts/Labor) - $349.95] => Total Price: $3848.95 | Availability: Stock info unavailable
- [Color: Taupe / Delivery: White Glove Delivery - $275 / Warranty: 1 Year (Parts/Labor) 2&3 Year (Parts Only) - Free] => Total Price: $3774.0 | Availability: Stock info unavailable
- [Color: Taupe / Delivery: White Glove Delivery - $275 / Warranty: 1 Year Extended (Parts/Labor) - $249.95] => Total Price: $4023.95 | Availability: Stock info unavailable
- [Color: Taupe / Delivery: White Glove Delivery - $275 / Warranty: 2 Year Extended (Parts/Labor) - $349.95] => Total Price: $4123.95 | Availability: Stock info unavailable",3499.0,Massage Chair,Osaki
osaki-os-9500-shiatsu-heated-massaging-seat,"Product Name: Osaki OS-9500 Shiatsu Heated Massaging Seat
Description: Shiatsu Kneading Massage 4 Rotating Massage Heads Heat Theraphy Seat Vibration Neck &amp; Shoulder Shiatsu Massage 3 Selectable Massage Zones Removable &amp; Washable head cover const externalURL = ""https://ota-shawn.github.io/Products/Osaki/Osaki%20OS-9500%20Shiatsu%20Heated%20Massaging%20Seat.html""; $(""#externalURL"").load(externalURL, () => { $(""#externalURL"").contents().unwrap(); });
[Available Options & Prices]
- [Title: Default Title] => Total Price: $149.99 | Availability: Stock info unavailable",149.99,Portable Massager,Osaki
osaki-os-aa01-hand-massager,"Product Name: Osaki OS-AA01 Hand Massager
Description: Air Pressure Massage Heat Therapy Acupressure Massage Intensity Control Wireless USB Rechargeable const externalURL = ""https://ota-shawn.github.io/Products/Osaki/Osaki%20OS-AA01%20Hand%20Massager.html#L6""; $(""#externalURL"").load(externalURL, () => { $(""#externalURL"").contents().unwrap(); });
[Available Options & Prices]
- [Title: Default Title] => Total Price: $139.99 | Availability: Stock info unavailable",139.99,Portable Massager,Osaki
osaki-os-aa03-neck-massager,"Product Name: Osaki OS-AA03 Neck Massager
Description: Shiatsu Massage Heating On/Off 2 Intensity Setting (Low/High) Hand Loops const externalURL = ""https://ota-shawn.github.io/Products/Osaki/Osaki%20OS-AA03%20Neck%20Massager.html""; $(""#externalURL"").load(externalURL, () => { $(""#externalURL"").contents().unwrap(); });
[Available Options & Prices]
- [Title: Default Title] => Total Price: $74.99 | Availability: Stock info unavailable",74.99,Portable Massager,Osaki
osaki-os-ai-vera-4d,"Product Name: Osaki OS-Ai VERA 4D+
Description: 4D Massage Mechanism Intelligent Health Detection SL-Track Zero Gravity Reclining Lumbar &amp; Calf Heating 17 Auto Programs 9 Massage Styles Automatic Extendable Footrest 32 Cell Full Body Air Massage 4D+ Sonic Massage const externalURL = ""https://ota-shawn.github.io/Products/Osaki/Osaki%20Platinum-%20Vera%204D%2B.html""; $(""#externalURL"").load(externalURL, () => { $(""#externalURL"").contents().unwrap(); });
[Available Options & Prices]
- [Color: Taupe / Delivery: Curbside Delivery - Free / Warranty: 5 Year(3 Years Full Service & Additional 2 Years Parts)] => Total Price: $7999.0 | Availability: Stock info unavailable
- [Color: Taupe / Delivery: White Glove Delivery (Installation) - $275 / Warranty: 5 Year(3 Years Full Service & Additional 2 Years Parts)] => Total Price: $8274.0 | Availability: Stock info unavailable
- [Color: Brown / Delivery: Curbside Delivery - Free / Warranty: 5 Year(3 Years Full Service & Additional 2 Years Parts)] => Total Price: $7999.0 | Availability: Stock info unavailable
- [Color: Brown / Delivery: White Glove Delivery (Installation) - $275 / Warranty: 5 Year(3 Years Full Service & Additional 2 Years Parts)] => Total Price: $8274.0 | Availability: Stock info unavailable
- [Color: Black / Delivery: Curbside Delivery - Free / Warranty: 5 Year(3 Years Full Service & Additional 2 Years Parts)] => Total Price: $7999.0 | Availability: Stock info unavailable
- [Color: Black / Delivery: White Glove Delivery (Installation) - $275 / Warranty: 5 Year(3 Years Full Service & Additional 2 Years Parts)] => Total Price: $8274.0 | Availability: Stock info unavailable",7999.0,Massage Chair,Osaki
osaki-os-atai,"Product Name: Osaki OS-Atai
Description: 2D Massage Mechanism Computerized Body Scanning SL-Track Zero Gravity Reclining Space Saving Technology 20 Air Cell Full Body Compression Back &amp; Calf Heating 6 Auto Programs with 5 Massage Styles Extendable Footrest Roller Foot Massager Remote Controller Surround Sound Bluetooth Speakers const externalURL = ""https://ota-shawn.github.io/Products/Osaki/Osaki%20OS-Atai.html""; $(""#externalURL"").load(externalURL, () => { $(""#externalURL"").contents().unwrap(); });
[Available Options & Prices]
- [Color: Black / Delivery: Curbside Delivery - Free / Warranty: 1 Year(Parts/Labor) 2&3 Year(Parts Only) - Free] => Total Price: $1799.0 | Availability: Stock info unavailable
- [Color: Black / Delivery: Curbside Delivery - Free / Warranty: 1 Year Extended(Parts/Labor) - $249.95] => Total Price: $2048.95 | Availability: Stock info unavailable
- [Color: Black / Delivery: Curbside Delivery - Free / Warranty: 2 Year Extended(Parts/Labor) - $349.95] => Total Price: $2148.95 | Availability: Stock info unavailable
- [Color: Black / Delivery: White Glove Delivery (Installation)- $275 / Warranty: 1 Year(Parts/Labor) 2&3 Year(Parts Only) - Free] => Total Price: $2074.0 | Availability: Stock info unavailable
- [Color: Black / Delivery: White Glove Delivery (Installation)- $275 / Warranty: 1 Year Extended(Parts/Labor) - $249.95] => Total Price: $2323.95 | Availability: Stock info unavailable
- [Color: Black / Delivery: White Glove Delivery (Installation)- $275 / Warranty: 2 Year Extended(Parts/Labor) - $349.95] => Total Price: $2423.95 | Availability: Stock info unavailable
- [Color: Brown / Delivery: Curbside Delivery - Free / Warranty: 1 Year(Parts/Labor) 2&3 Year(Parts Only) - Free] => Total Price: $1799.0 | Availability: Stock info unavailable
- [Color: Brown / Delivery: Curbside Delivery - Free / Warranty: 1 Year Extended(Parts/Labor) - $249.95] => Total Price: $2048.95 | Availability: Stock info unavailable
- [Color: Brown / Delivery: Curbside Delivery - Free / Warranty: 2 Year Extended(Parts/Labor) - $349.95] => Total Price: $2148.95 | Availability: Stock info unavailable
- [Color: Brown / Delivery: White Glove Delivery (Installation)- $275 / Warranty: 1 Year(Parts/Labor) 2&3 Year(Parts Only) - Free] => Total Price: $2074.0 | Availability: Stock info unavailable
- [Color: Brown / Delivery: White Glove Delivery (Installation)- $275 / Warranty: 1 Year Extended(Parts/Labor) - $249.95] => Total Price: $2323.95 | Availability: Stock info unavailable
- [Color: Brown / Delivery: White Glove Delivery (Installation)- $275 / Warranty: 2 Year Extended(Parts/Labor) - $349.95] => Total Price: $2423.95 | Availability: Stock info unavailable
- [Color: Taupe / Delivery: Curbside Delivery - Free / Warranty: 1 Year(Parts/Labor) 2&3 Year(Parts Only) - Free] => Total Price: $1799.0 | Availability: Stock info unavailable
- [Color: Taupe / Delivery: Curbside Delivery - Free / Warranty: 1 Year Extended(Parts/Labor) - $249.95] => Total Price: $2048.95 | Availability: Stock info unavailable
- [Color: Taupe / Delivery: Curbside Delivery - Free / Warranty: 2 Year Extended(Parts/Labor) - $349.95] => Total Price: $2148.95 | Availability: Stock info unavailable
- [Color: Taupe / Delivery: White Glove Delivery (Installation)- $275 / Warranty: 1 Year(Parts/Labor) 2&3 Year(Parts Only) - Free] => Total Price: $2074.0 | Availability: Stock info unavailable
- [Color: Taupe / Delivery: White Glove Delivery (Installation)- $275 / Warranty: 1 Year Extended(Parts/Labor) - $249.95] => Total Price: $2323.95 | Availability: Stock info unavailable
- [Color: Taupe / Delivery: White Glove Delivery (Installation)- $275 / Warranty: 2 Year Extended(Parts/Labor) - $349.95] => Total Price: $2423.95 | Availability: Stock info unavailable",1799.0,Massage Chair,Osaki
osaki-os-champ,"Product Name: Osaki OS-Champ
Description: 2D Massage Mechanism SL-Track 2 Stages Zero Gravity Space Saving Technology Extendable Footrest 5 Auto Programs &amp; 5 Massage Styles 18 Air Bag Full Body Compression Foot &amp; Calf Massage Bluetooth Speaker const externalURL = ""https://ota-shawn.github.io/Products/Osaki/Osaki%20OS-Champ.html""; $(""#externalURL"").load(externalURL, () => { $(""#externalURL"").contents().unwrap(); });
[Available Options & Prices]
- [Color: Brown & Beige / Delivery: Curbside - Free / Warranty: 1 Year(Parts/Labor) 2&3 Year(Part Only) - Free] => Total Price: $1299.0 | Availability: Stock info unavailable
- [Color: Brown & Beige / Delivery: Curbside - Free / Warranty: 1 Year Extended(Parts/Labor) - $249.95] => Total Price: $1548.95 | Availability: Stock info unavailable
- [Color: Brown & Beige / Delivery: Curbside - Free / Warranty: 2 Year Extended(Parts/Labor) - $349.95] => Total Price: $1648.95 | Availability: Stock info unavailable
- [Color: Brown & Beige / Delivery: White Glove - $275 / Warranty: 1 Year(Parts/Labor) 2&3 Year(Part Only) - Free] => Total Price: $1574.0 | Availability: Stock info unavailable
- [Color: Brown & Beige / Delivery: White Glove - $275 / Warranty: 1 Year Extended(Parts/Labor) - $249.95] => Total Price: $1823.95 | Availability: Stock info unavailable
- [Color: Brown & Beige / Delivery: White Glove - $275 / Warranty: 2 Year Extended(Parts/Labor) - $349.95] => Total Price: $1923.95 | Availability: Stock info unavailable
- [Color: Cream & Taupe / Delivery: Curbside - Free / Warranty: 1 Year(Parts/Labor) 2&3 Year(Part Only) - Free] => Total Price: $1299.0 | Availability: Stock info unavailable
- [Color: Cream & Taupe / Delivery: Curbside - Free / Warranty: 1 Year Extended(Parts/Labor) - $249.95] => Total Price: $1548.95 | Availability: Stock info unavailable
- [Color: Cream & Taupe / Delivery: Curbside - Free / Warranty: 2 Year Extended(Parts/Labor) - $349.95] => Total Price: $1648.95 | Availability: Stock info unavailable
- [Color: Cream & Taupe / Delivery: White Glove - $275 / Warranty: 1 Year(Parts/Labor) 2&3 Year(Part Only) - Free] => Total Price: $1574.0 | Availability: Stock info unavailable
- [Color: Cream & Taupe / Delivery: White Glove - $275 / Warranty: 1 Year Extended(Parts/Labor) - $249.95] => Total Price: $1823.95 | Availability: Stock info unavailable
- [Color: Cream & Taupe / Delivery: White Glove - $275 / Warranty: 2 Year Extended(Parts/Labor) - $349.95] => Total Price: $1923.95 | Availability: Stock info unavailable
- [Color: Black & Grey / Delivery: Curbside - Free / Warranty: 1 Year(Parts/Labor) 2&3 Year(Part Only) - Free] => Total Price: $1299.0 | Availability: Stock info unavailable
- [Color: Black & Grey / Delivery: Curbside - Free / Warranty: 1 Year Extended(Parts/Labor) - $249.95] => Total Price: $1548.95 | Availability: Stock info unavailable
- [Color: Black & Grey / Delivery: Curbside - Free / Warranty: 2 Year Extended(Parts/Labor) - $349.95] => Total Price: $1648.95 | Availability: Stock info unavailable
- [Color: Black & Grey / Delivery: White Glove - $275 / Warranty: 1 Year(Parts/Labor) 2&3 Year(Part Only) - Free] => Total Price: $1574.0 | Availability: Stock info unavailable
- [Color: Black & Grey / Delivery: White Glove - $275 / Warranty: 1 Year Extended(Parts/Labor) - $249.95] => Total Price: $1823.95 | Availability: Stock info unavailable
- [Color: Black & Grey / Delivery: White Glove - $275 / Warranty: 2 Year Extended(Parts/Labor) - $349.95] => Total Price: $1923.95 | Availability: Stock info unavailable",1299.0,Massage Chair,Osaki
osaki-os-monarch,"Product Name: Osaki OS-Monarch
Description: 3D Massage Mechanism L-track Intelligent Body Scanning Lumbar Heat Therapy Zero Gravity Reclining Full Body Compression Massage Specialized Foot Massage Intuitive Remote Control Multi-lingual Support const externalURL = ""https://ota-shawn.github.io/Products/Osaki/Osaki%20OS-Monarch.html""; $(""#externalURL"").load(externalURL, () => { $(""#externalURL"").contents().unwrap(); });
[Available Options & Prices]
- [Color: Brown / Delivery: Curbside Delivery - Free / Warranty: 1 Year (Parts/Labor) 2&3 Year (Parts Only) - Free] => Total Price: $1799.0 | Availability: Stock info unavailable
- [Color: Brown / Delivery: Curbside Delivery - Free / Warranty: 1 Year Extended (Parts/Labor) - $249.95] => Total Price: $2028.95 | Availability: Stock info unavailable
- [Color: Brown / Delivery: Curbside Delivery - Free / Warranty: 2 Year Extended (Parts/Labor) - $349.95] => Total Price: $2148.95 | Availability: Stock info unavailable
- [Color: Brown / Delivery: White Glove Delivery - $275 / Warranty: 1 Year (Parts/Labor) 2&3 Year (Parts Only) - Free] => Total Price: $2074.0 | Availability: Stock info unavailable
- [Color: Brown / Delivery: White Glove Delivery - $275 / Warranty: 1 Year Extended (Parts/Labor) - $249.95] => Total Price: $2323.95 | Availability: Stock info unavailable
- [Color: Brown / Delivery: White Glove Delivery - $275 / Warranty: 2 Year Extended (Parts/Labor) - $349.95] => Total Price: $2423.95 | Availability: Stock info unavailable",1799.0,Massage Chair,Osaki
osaki-os-pro-3d-admiral-ii,"Product Name: Osaki OS-Pro 3D Admiral II
Description: 3D Massage Mechanism SL-Track 6 Massage Styles 15 Auto Programs Zero Gravity Reclining Space Saving Technology Lumbar Heat Therapy Full Body Compression Massage Surround Sound Bluetooth Speakers USB Charger const externalURL = ""https://ota-shawn.github.io/Products/Osaki/Osaki%20OS-Pro%20Admiral%20II.html#L7""; $(""#externalURL"").load(externalURL, () => { $(""#externalURL"").contents().unwrap(); });
[Available Options & Prices]
- [Color: Grey / Delivery: Curbside Delivery - Free / Warranty: 1 Year(Parts/Labor) 2&3 Year(Part Only) - Free] => Total Price: $2999.0 | Availability: Stock info unavailable
- [Color: Grey / Delivery: Curbside Delivery - Free / Warranty: 1 Year Extended(Parts/Labor) - $249.95] => Total Price: $3248.95 | Availability: Stock info unavailable
- [Color: Grey / Delivery: Curbside Delivery - Free / Warranty: 2 Year Extended(Parts/Labor) - $349.95] => Total Price: $3348.95 | Availability: Stock info unavailable
- [Color: Grey / Delivery: White Glove Delivery - $275.00 / Warranty: 1 Year(Parts/Labor) 2&3 Year(Part Only) - Free] => Total Price: $3274.0 | Availability: Stock info unavailable
- [Color: Grey / Delivery: White Glove Delivery - $275.00 / Warranty: 1 Year Extended(Parts/Labor) - $249.95] => Total Price: $3523.95 | Availability: Stock info unavailable
- [Color: Grey / Delivery: White Glove Delivery - $275.00 / Warranty: 2 Year Extended(Parts/Labor) - $349.95] => Total Price: $3623.95 | Availability: Stock info unavailable",2999.0,Massage Chair,Titan
osaki-os-pro-3d-tecno,"Product Name: Osaki OS-Pro 3D Tecno
Description: 3D Massage Mechanism Computerized Body Scanning SL-Track 9 Auto Programs &amp; 5 Massage Styles 38 Air Cell Full Body Compression Zero Gravity Reclining Space Saving Technology Lumbar and Calf Heating Dual Foot Rollers &amp; Calf Kneading Automatic Extendable Footrest Surround Sound Bluetooth Speakers const externalURL = ""https://ota-shawn.github.io/Products/Osaki/Osaki%20OS-Pro%203D%20Tecno.html""; $(""#externalURL"").load(externalURL, () => { $(""#externalURL"").contents().unwrap(); });
[Available Options & Prices]
- [Color: Black / Delivery: Curbside Delivery - Free / Warranty: 1 Year (Parts/Labor) 2&3 Year (Parts Only) - Free] => Total Price: $1699.0 | Availability: Stock info unavailable
- [Color: Black / Delivery: Curbside Delivery - Free / Warranty: 1 Year Extended (Parts/Labor) - $249.95] => Total Price: $1948.95 | Availability: Stock info unavailable
- [Color: Black / Delivery: Curbside Delivery - Free / Warranty: 2 Year Extended (Parts/Labor) - $349.95] => Total Price: $2048.95 | Availability: Stock info unavailable
- [Color: Black / Delivery: White Glove Delivery - $275 / Warranty: 1 Year (Parts/Labor) 2&3 Year (Parts Only) - Free] => Total Price: $1974.0 | Availability: Stock info unavailable
- [Color: Black / Delivery: White Glove Delivery - $275 / Warranty: 1 Year Extended (Parts/Labor) - $249.95] => Total Price: $2223.95 | Availability: Stock info unavailable
- [Color: Black / Delivery: White Glove Delivery - $275 / Warranty: 2 Year Extended (Parts/Labor) - $349.95] => Total Price: $2323.95 | Availability: Stock info unavailable
- [Color: Brown / Delivery: Curbside Delivery - Free / Warranty: 1 Year (Parts/Labor) 2&3 Year (Parts Only) - Free] => Total Price: $1699.0 | Availability: Stock info unavailable
- [Color: Brown / Delivery: Curbside Delivery - Free / Warranty: 1 Year Extended (Parts/Labor) - $249.95] => Total Price: $1948.95 | Availability: Stock info unavailable
- [Color: Brown / Delivery: Curbside Delivery - Free / Warranty: 2 Year Extended (Parts/Labor) - $349.95] => Total Price: $2048.95 | Availability: Stock info unavailable
- [Color: Brown / Delivery: White Glove Delivery - $275 / Warranty: 1 Year (Parts/Labor) 2&3 Year (Parts Only) - Free] => Total Price: $1974.0 | Availability: Stock info unavailable
- [Color: Brown / Delivery: White Glove Delivery - $275 / Warranty: 1 Year Extended (Parts/Labor) - $249.95] => Total Price: $2223.95 | Availability: Stock info unavailable
- [Color: Brown / Delivery: White Glove Delivery - $275 / Warranty: 2 Year Extended (Parts/Labor) - $349.95] => Total Price: $2323.95 | Availability: Stock info unavailable",1699.0,Massage Chair,Osaki
osaki-os-pro-maestro-4d,"Product Name: Osaki OS-Pro Maestro 4D
Description: 4D Massage Mechanism Heated Back Roller Computerized Body Scanning SL-Track 8 Auto Programs &amp; 6 Massage Styles Space Saving Technology Zero Gravity Reclining Deep Calf Kneading Convenient Shortcut Panel Surround Sound Bluetooth Speakers const externalURL = ""https://ota-shawn.github.io/Products/Osaki/Osaki%20OS-Pro%20Maestro.html""; $(""#externalURL"").load(externalURL, () => { $(""#externalURL"").contents().unwrap(); });
[Available Options & Prices]
- [Color: Black & Silver / Delivery: Curbside -Free / Warranty: 5 Year(3 Years Full Service & Additional 2 Years Parts)] => Total Price: $8999.0 | Availability: Stock info unavailable
- [Color: Black & Silver / Delivery: White Glove - $275 / Warranty: 5 Year(3 Years Full Service & Additional 2 Years Parts)] => Total Price: $9274.0 | Availability: Stock info unavailable
- [Color: Brown / Delivery: Curbside -Free / Warranty: 5 Year(3 Years Full Service & Additional 2 Years Parts)] => Total Price: $8999.0 | Availability: Stock info unavailable
- [Color: Brown / Delivery: White Glove - $275 / Warranty: 5 Year(3 Years Full Service & Additional 2 Years Parts)] => Total Price: $9274.0 | Availability: Stock info unavailable
- [Color: Beige / Delivery: Curbside -Free / Warranty: 5 Year(3 Years Full Service & Additional 2 Years Parts)] => Total Price: $8999.0 | Availability: Stock info unavailable
- [Color: Beige / Delivery: White Glove - $275 / Warranty: 5 Year(3 Years Full Service & Additional 2 Years Parts)] => Total Price: $9274.0 | Availability: Stock info unavailable",8999.0,Massage Chair,Titan
osaki-os-pro-maestro-le,"Product Name: Osaki OS-Pro Maestro LE
Description: 4D Massage Mechanism Heated Back Roller Computerized Body Scanning SL-Track 8 Auto Programs &amp; 6 Massage Styles Space Saving Technology Zero Gravity Reclining Deep Calf Kneading Convenient Shortcut Panel Touchscreen Control Surround Sound Bluetooth Speakers USB &amp; Wireless Phone Charger const externalURL = ""https://ota-shawn.github.io/Products/Osaki/Osaki%20OS-Pro%20Maestro%20LE.html""; $(""#externalURL"").load(externalURL, () => { $(""#externalURL"").contents().unwrap(); });
[Available Options & Prices]
- [Color: Black / Delivery: Curbside - Free / Warranty: 5 Year(3 Years Full Service & Additional 2 Years Parts)] => Total Price: $8999.0 | Availability: Stock info unavailable
- [Color: Black / Delivery: White Glove (Installation) - $275 / Warranty: 5 Year(3 Years Full Service & Additional 2 Years Parts)] => Total Price: $9274.0 | Availability: Stock info unavailable
- [Color: Brown / Delivery: Curbside - Free / Warranty: 5 Year(3 Years Full Service & Additional 2 Years Parts)] => Total Price: $8999.0 | Availability: Stock info unavailable
- [Color: Brown / Delivery: White Glove (Installation) - $275 / Warranty: 5 Year(3 Years Full Service & Additional 2 Years Parts)] => Total Price: $9274.0 | Availability: Stock info unavailable
- [Color: Beige / Delivery: Curbside - Free / Warranty: 5 Year(3 Years Full Service & Additional 2 Years Parts)] => Total Price: $8999.0 | Availability: Stock info unavailable
- [Color: Beige / Delivery: White Glove (Installation) - $275 / Warranty: 5 Year(3 Years Full Service & Additional 2 Years Parts)] => Total Price: $9274.0 | Availability: Stock info unavailable",8999.0,Massage Chair,Osaki
osaki-os-pro-soho-ii,"Product Name: Osaki OS-Pro Soho II
Description: Height Adjustable Ottoman 360° Swivel SL-Track Air Compression Hip Massage Convenient Remote Controller 5 Auto Programs 5 Massage Styles const externalURL = ""https://ota-shawn.github.io/Products/Osaki/Osaki%20OS-Pro%20Soho%20II.html""; $(""#externalURL"").load(externalURL, () => { $(""#externalURL"").contents().unwrap(); });
[Available Options & Prices]
- [Color: Brown / Delivery: Curbside Delivery - Free / Warranty: 1 Year (Parts/Labor) 2&3 Year (Parts Only) - Free] => Total Price: $1999.0 | Availability: Stock info unavailable
- [Color: Brown / Delivery: Curbside Delivery - Free / Warranty: 1 Year Extended (Parts/Labor) - $249.95] => Total Price: $2248.95 | Availability: Stock info unavailable
- [Color: Brown / Delivery: Curbside Delivery - Free / Warranty: 2 Year Extended (Parts/Labor) - $349.95] => Total Price: $2348.95 | Availability: Stock info unavailable
- [Color: Brown / Delivery: White Glove Delivery - $275 / Warranty: 1 Year (Parts/Labor) 2&3 Year (Parts Only) - Free] => Total Price: $2274.0 | Availability: Stock info unavailable
- [Color: Brown / Delivery: White Glove Delivery - $275 / Warranty: 1 Year Extended (Parts/Labor) - $249.95] => Total Price: $2523.95 | Availability: Stock info unavailable
- [Color: Brown / Delivery: White Glove Delivery - $275 / Warranty: 2 Year Extended (Parts/Labor) - $349.95] => Total Price: $2623.95 | Availability: Stock info unavailable",1999.0,Massage Chair,Osaki
osaki-os-xt5-shiatsu-foot-massager,"Product Name: Osaki OS-XT5 Shiatsu Foot Massager
Description: Massage Modes Kneading Rollers 22 Cell Compression Therapy Calming Heat Therapy Automatic Massage Timer Intuitive Control Panel Washable Fabric Inserts const externalURL = ""https://ota-shawn.github.io/Products/Others/Osaki%20OS-XT5%20Shiatsu%20Foot%20Massager.html""; $(""#externalURL"").load(externalURL, () => { $(""#externalURL"").contents().unwrap(); });
[Available Options & Prices]
- [Color: Brown] => Total Price: $399.0 | Availability: Stock info unavailable
- [Color: Grey/White] => Total Price: $399.0 | Availability: Stock info unavailable",399.0,Portable Massager,Osaki
osaki-platinum-avalon,"Product Name: Osaki Platinum 4D Avalon
Description: 3D/4D Massage Mechanism Touchscreen Controller AI HealthPro Wireless Phone Charger Intelligent Voice Activation 40 Air Cell Full Body Compression Automatic Leg Extension Deep Calf Kneading Heat Shawl Lumbar Therapy Memory Function Bluetooth speaker --> const externalURL = ""https://ota-shawn.github.io/Products/Osaki/Osaki%203D·4D%20Avalon.html""; $(""#externalURL"").load(externalURL, () => { $(""#externalURL"").contents().unwrap(); });
[Available Options & Prices]
- [Color: Black / Delivery: Curbside Delivery - Free / Warranty: 5 Year(3 Years Full Service & Additional 2 Years Parts)] => Total Price: $8999.0 | Availability: Stock info unavailable
- [Color: Black / Delivery: White Glove Delivery - $275 / Warranty: 5 Year(3 Years Full Service & Additional 2 Years Parts)] => Total Price: $9274.0 | Availability: Stock info unavailable
- [Color: Beige / Delivery: Curbside Delivery - Free / Warranty: 5 Year(3 Years Full Service & Additional 2 Years Parts)] => Total Price: $8999.0 | Availability: Stock info unavailable
- [Color: Beige / Delivery: White Glove Delivery - $275 / Warranty: 5 Year(3 Years Full Service & Additional 2 Years Parts)] => Total Price: $9274.0 | Availability: Stock info unavailable
- [Color: Brown & Pink / Delivery: Curbside Delivery - Free / Warranty: 5 Year(3 Years Full Service & Additional 2 Years Parts)] => Total Price: $8999.0 | Availability: Stock info unavailable
- [Color: Brown & Pink / Delivery: White Glove Delivery - $275 / Warranty: 5 Year(3 Years Full Service & Additional 2 Years Parts)] => Total Price: $9274.0 | Availability: Stock info unavailable
- [Color: Navy / Delivery: Curbside Delivery - Free / Warranty: 5 Year(3 Years Full Service & Additional 2 Years Parts)] => Total Price: $8999.0 | Availability: Stock info unavailable
- [Color: Navy / Delivery: White Glove Delivery - $275 / Warranty: 5 Year(3 Years Full Service & Additional 2 Years Parts)] => Total Price: $9274.0 | Availability: Stock info unavailable
- [Color: Red / Delivery: Curbside Delivery - Free / Warranty: 5 Year(3 Years Full Service & Additional 2 Years Parts)] => Total Price: $8999.0 | Availability: Stock info unavailable
- [Color: Red / Delivery: White Glove Delivery - $275 / Warranty: 5 Year(3 Years Full Service & Additional 2 Years Parts)] => Total Price: $9274.0 | Availability: Stock info unavailable
- [Color: New Brown / Delivery: Curbside Delivery - Free / Warranty: 5 Year(3 Years Full Service & Additional 2 Years Parts)] => Total Price: $8999.0 | Availability: Stock info unavailable
- [Color: New Brown / Delivery: White Glove Delivery - $275 / Warranty: 5 Year(3 Years Full Service & Additional 2 Years Parts)] => Total Price: $9274.0 | Availability: Stock info unavailable",8999.0,Massage Chair,Osaki
osaki-platinum-escape-4d,"Product Name: Osaki Platinum - Escape Duo 4D
Description: 4AI Health Detection 12.3"" HD Touchscreen Controller YouTube Entertainment 4D+4D Smart Mechanism Heated Back Rollers Automatic Body Scan System 18 Auto Massage Programs 11 Stretch Massage Programs 19 Manual Massage Programs SL Flex Track System Automatic Extendable Footrest Side Calf Scrapers And Foot Rollers Lumbar, Seat and Knee Heating Therapy 57-Cell Full Body Air Massage Monster Bluetooth Speakers Intelligent Voice Control Type-C port &amp; Wireless Charger Phone App Control Aromatherapy LED Lighting const externalURL = ""https://ota-shawn.github.io/Products/Osaki/Escape%20Duo.html"" $(""#externalURL"").load(externalURL, () => { $(""#externalURL"").contents().unwrap() })
[Available Options & Prices]
- [Color: Black / Delivery: Curbside - Free / Warranty: 1 Year(Parts/Labor) 2&3 Year(Parts Only) - Free] => Total Price: $15999.0 | Availability: Stock info unavailable
- [Color: Black / Delivery: Curbside - Free / Warranty: 1 Year Extended(Parts/Labor) - $249.95] => Total Price: $16248.95 | Availability: Stock info unavailable
- [Color: Black / Delivery: Curbside - Free / Warranty: 2 Year Extended(Parts/Labor) - $349.95] => Total Price: $16348.95 | Availability: Stock info unavailable
- [Color: Black / Delivery: White Glove -$275 / Warranty: 1 Year(Parts/Labor) 2&3 Year(Parts Only) - Free] => Total Price: $16274.0 | Availability: Stock info unavailable
- [Color: Black / Delivery: White Glove -$275 / Warranty: 1 Year Extended(Parts/Labor) - $249.95] => Total Price: $16523.95 | Availability: Stock info unavailable
- [Color: Black / Delivery: White Glove -$275 / Warranty: 2 Year Extended(Parts/Labor) - $349.95] => Total Price: $16623.95 | Availability: Stock info unavailable
- [Color: Taupe / Delivery: Curbside - Free / Warranty: 1 Year(Parts/Labor) 2&3 Year(Parts Only) - Free] => Total Price: $15999.0 | Availability: Stock info unavailable
- [Color: Taupe / Delivery: Curbside - Free / Warranty: 1 Year Extended(Parts/Labor) - $249.95] => Total Price: $16248.95 | Availability: Stock info unavailable
- [Color: Taupe / Delivery: Curbside - Free / Warranty: 2 Year Extended(Parts/Labor) - $349.95] => Total Price: $16348.95 | Availability: Stock info unavailable
- [Color: Taupe / Delivery: White Glove -$275 / Warranty: 1 Year(Parts/Labor) 2&3 Year(Parts Only) - Free] => Total Price: $16274.0 | Availability: Stock info unavailable
- [Color: Taupe / Delivery: White Glove -$275 / Warranty: 1 Year Extended(Parts/Labor) - $249.95] => Total Price: $16523.95 | Availability: Stock info unavailable
- [Color: Taupe / Delivery: White Glove -$275 / Warranty: 2 Year Extended(Parts/Labor) - $349.95] => Total Price: $16623.95 | Availability: Stock info unavailable
- [Color: Brown / Delivery: Curbside - Free / Warranty: 1 Year(Parts/Labor) 2&3 Year(Parts Only) - Free] => Total Price: $15999.0 | Availability: Stock info unavailable
- [Color: Brown / Delivery: Curbside - Free / Warranty: 1 Year Extended(Parts/Labor) - $249.95] => Total Price: $16248.95 | Availability: Stock info unavailable
- [Color: Brown / Delivery: Curbside - Free / Warranty: 2 Year Extended(Parts/Labor) - $349.95] => Total Price: $16348.95 | Availability: Stock info unavailable
- [Color: Brown / Delivery: White Glove -$275 / Warranty: 1 Year(Parts/Labor) 2&3 Year(Parts Only) - Free] => Total Price: $16274.0 | Availability: Stock info unavailable
- [Color: Brown / Delivery: White Glove -$275 / Warranty: 1 Year Extended(Parts/Labor) - $249.95] => Total Price: $16523.95 | Availability: Stock info unavailable
- [Color: Brown / Delivery: White Glove -$275 / Warranty: 2 Year Extended(Parts/Labor) - $349.95] => Total Price: $16623.95 | Availability: Stock info unavailable",15999.0,Massage Chair,Osaki
osaki-platinum-horizon-4d-pro,"Product Name: Osaki Platinum - Horizon 4D Pro
Description: Automatic Body Scan System 4D Mechanism SL Track System Space Saving Technology Adjustable Shoulder Airbags Arm Paddles / Rollers Triple Action Heating Therapy 24 Auto Massage Programs 32-Cell Full Body Air Massage Wide Seating &amp; Shoulders Automatic Extendable Footrest Relaxing Calf Rollers Specialized Foot Care Wireless Charging Bluetooth Speakers const externalURL = ""https://ota-shawn.github.io/Products/Osaki/Horizon.html"" $(""#externalURL"").load(externalURL, () => { $(""#externalURL"").contents().unwrap() })
[Available Options & Prices]
- [Color: Taupe / Delivery: Curbside Delivery - Free / Warranty: 1 Year(Parts/Labor) 2&3 Year(Parts Only) - Free] => Total Price: $10999.0 | Availability: Stock info unavailable
- [Color: Taupe / Delivery: Curbside Delivery - Free / Warranty: 1 Year Extended(Parts/Labor) - $249.95] => Total Price: $11248.95 | Availability: Stock info unavailable
- [Color: Taupe / Delivery: Curbside Delivery - Free / Warranty: 2 Year Extended(Parts/Labor) - $349.95] => Total Price: $11348.95 | Availability: Stock info unavailable
- [Color: Taupe / Delivery: White Glove Delivery (Installation)- $275 / Warranty: 1 Year(Parts/Labor) 2&3 Year(Parts Only) - Free] => Total Price: $11274.0 | Availability: Stock info unavailable
- [Color: Taupe / Delivery: White Glove Delivery (Installation)- $275 / Warranty: 1 Year Extended(Parts/Labor) - $249.95] => Total Price: $11523.95 | Availability: Stock info unavailable
- [Color: Taupe / Delivery: White Glove Delivery (Installation)- $275 / Warranty: 2 Year Extended(Parts/Labor) - $349.95] => Total Price: $11623.95 | Availability: Stock info unavailable
- [Color: Black / Delivery: Curbside Delivery - Free / Warranty: 1 Year(Parts/Labor) 2&3 Year(Parts Only) - Free] => Total Price: $10999.0 | Availability: Stock info unavailable
- [Color: Black / Delivery: Curbside Delivery - Free / Warranty: 1 Year Extended(Parts/Labor) - $249.95] => Total Price: $11248.95 | Availability: Stock info unavailable
- [Color: Black / Delivery: Curbside Delivery - Free / Warranty: 2 Year Extended(Parts/Labor) - $349.95] => Total Price: $11348.95 | Availability: Stock info unavailable
- [Color: Black / Delivery: White Glove Delivery (Installation)- $275 / Warranty: 1 Year(Parts/Labor) 2&3 Year(Parts Only) - Free] => Total Price: $11274.0 | Availability: Stock info unavailable
- [Color: Black / Delivery: White Glove Delivery (Installation)- $275 / Warranty: 1 Year Extended(Parts/Labor) - $249.95] => Total Price: $11523.95 | Availability: Stock info unavailable
- [Color: Black / Delivery: White Glove Delivery (Installation)- $275 / Warranty: 2 Year Extended(Parts/Labor) - $349.95] => Total Price: $11623.95 | Availability: Stock info unavailable
- [Color: Brown / Delivery: Curbside Delivery - Free / Warranty: 1 Year(Parts/Labor) 2&3 Year(Parts Only) - Free] => Total Price: $10999.0 | Availability: Stock info unavailable
- [Color: Brown / Delivery: Curbside Delivery - Free / Warranty: 1 Year Extended(Parts/Labor) - $249.95] => Total Price: $11248.95 | Availability: Stock info unavailable
- [Color: Brown / Delivery: Curbside Delivery - Free / Warranty: 2 Year Extended(Parts/Labor) - $349.95] => Total Price: $11348.95 | Availability: Stock info unavailable
- [Color: Brown / Delivery: White Glove Delivery (Installation)- $275 / Warranty: 1 Year(Parts/Labor) 2&3 Year(Parts Only) - Free] => Total Price: $11274.0 | Availability: Stock info unavailable
- [Color: Brown / Delivery: White Glove Delivery (Installation)- $275 / Warranty: 1 Year Extended(Parts/Labor) - $249.95] => Total Price: $11523.95 | Availability: Stock info unavailable
- [Color: Brown / Delivery: White Glove Delivery (Installation)- $275 / Warranty: 2 Year Extended(Parts/Labor) - $349.95] => Total Price: $11623.95 | Availability: Stock info unavailable",10999.0,Massage Chair,Osaki Platinum
osaki-platinum-sapphire-4d,"Product Name: Osaki Platinum - Sapphire 4D+
Description: 4D+ Sonic Wave Tech Ultra Mechanism (12 intensity levels) Sonic Wave Foot Reflexology Palm Rolling &amp; Arm Shiatsu 23 Total Massage Programs 13 Sonic Wave Programs 4D Heated Back Rollers Arms &amp; Calves Heating Calf &amp; Foot Rollers Adjustable Shoulder Airbags Extended SL-Track 46-Cell Full Body Air Massage Advanced Body Scan Adjustable LED Lighting 3 Stage Zero Gravity 7"" Touchscreen Display Automatic Foot Extension const externalURL = ""https://ota-shawn.github.io/Products/Osaki/Sapphire.html""; $(""#externalURL"").load(externalURL, () => { $(""#externalURL"").contents().unwrap(); });
[Available Options & Prices]
- [Color: Beige / Delivery: Curbside - Free / Warranty: 5 Year(3 Years Full Service & Additional 2 Years Parts)] => Total Price: $13999.0 | Availability: Stock info unavailable
- [Color: Beige / Delivery: White Glove - $275 / Warranty: 5 Year(3 Years Full Service & Additional 2 Years Parts)] => Total Price: $14274.0 | Availability: Stock info unavailable
- [Color: Black / Delivery: Curbside - Free / Warranty: 5 Year(3 Years Full Service & Additional 2 Years Parts)] => Total Price: $13999.0 | Availability: Stock info unavailable
- [Color: Black / Delivery: White Glove - $275 / Warranty: 5 Year(3 Years Full Service & Additional 2 Years Parts)] => Total Price: $14274.0 | Availability: Stock info unavailable",13999.0,Massage Chair,Osaki Platinum
osaki-platinum-solis-4d,"Product Name: Osaki Platinum Solis Duo 4D+
Description: 4D Dual Mechanism 2 Separate Mech Controller Flex Track System 190° Spinal Decompression Stretch Intelligent Voice Recognition Touchscreen Controller Lumbar Heating Therapy 54 Air Cell Compression 18 Auto Programs &amp; 5 Massage Styles Spinning Calf Rollers Extended Calf Massage HD Bluetooth Surround Speakers Automatic Extendable Footrest LED Mood Lighting Side Control Panel const externalURL = ""https://ota-shawn.github.io/Products/Osaki/Solis.html""; $(""#externalURL"").load(externalURL, () => { $(""#externalURL"").contents().unwrap(); });
[Available Options & Prices]
- [Color: Black / Delivery: Curbside - Free / Warranty: 5 Year(3 Years Full Service & Additional 2 Years Parts)] => Total Price: $11999.0 | Availability: Stock info unavailable
- [Color: Black / Delivery: White Glove - $275 / Warranty: 5 Year(3 Years Full Service & Additional 2 Years Parts)] => Total Price: $12274.0 | Availability: Stock info unavailable
- [Color: Taupe / Delivery: Curbside - Free / Warranty: 5 Year(3 Years Full Service & Additional 2 Years Parts)] => Total Price: $11999.0 | Availability: Stock info unavailable
- [Color: Taupe / Delivery: White Glove - $275 / Warranty: 5 Year(3 Years Full Service & Additional 2 Years Parts)] => Total Price: $12274.0 | Availability: Stock info unavailable
- [Color: Brown / Delivery: Curbside - Free / Warranty: 5 Year(3 Years Full Service & Additional 2 Years Parts)] => Total Price: $11999.0 | Availability: Stock info unavailable
- [Color: Brown / Delivery: White Glove - $275 / Warranty: 5 Year(3 Years Full Service & Additional 2 Years Parts)] => Total Price: $12274.0 | Availability: Stock info unavailable",11999.0,Massage Chair,Osaki
osaki-platinum-vanguard-duo-4d,"Product Name: Osaki Platinum - Vanguard Duo 4D
Description: 4AI Health Detection 12.3"" HD Touchscreen Controller YouTube Entertainment 4D+4D Smart Mechanism Heated Back Rollers Automatic Body Scan System 18 Auto Massage Programs 11 Stretch Massage Programs 19 Manual Massage Programs SL Flex Track System Automatic Extendable Footrest Side Calf Scrapers And Foot Rollers Lumbar, Seat and Knee Heating Therapy 57-Cell Full Body Air Massage Monster Bluetooth Speakers Intelligent Voice Control Type-C port &amp; Wireless Charger Phone App Control Aromatherapy LED Lighting const externalURL = ""https://ota-shawn.github.io/Products/Osaki/Vanguard%20Duo.html""; const $j = jQuery.noConflict(true); $j(""#externalURL"").load(externalURL, () => { $j(""#externalURL"").contents().unwrap(); });
[Available Options & Prices]
- [Color: Brown / Delivery: Curbside - Free / Warranty: 1 Year (Parts/Labor) 2&3 Year (Parts Only) - Free] => Total Price: $15999.0 | Availability: Stock info unavailable
- [Color: Brown / Delivery: Curbside - Free / Warranty: 1 Year Extended (Parts/Labor) - $249.95] => Total Price: $16248.95 | Availability: Stock info unavailable
- [Color: Brown / Delivery: Curbside - Free / Warranty: 2 Year Extended (Parts/Labor) - $349.95] => Total Price: $16348.95 | Availability: Stock info unavailable
- [Color: Brown / Delivery: White Glove - $275 / Warranty: 1 Year (Parts/Labor) 2&3 Year (Parts Only) - Free] => Total Price: $16274.0 | Availability: Stock info unavailable
- [Color: Brown / Delivery: White Glove - $275 / Warranty: 1 Year Extended (Parts/Labor) - $249.95] => Total Price: $16523.95 | Availability: Stock info unavailable
- [Color: Brown / Delivery: White Glove - $275 / Warranty: 2 Year Extended (Parts/Labor) - $349.95] => Total Price: $16623.95 | Availability: Stock info unavailable
- [Color: Black / Delivery: Curbside - Free / Warranty: 1 Year (Parts/Labor) 2&3 Year (Parts Only) - Free] => Total Price: $15999.0 | Availability: Stock info unavailable
- [Color: Black / Delivery: Curbside - Free / Warranty: 1 Year Extended (Parts/Labor) - $249.95] => Total Price: $16248.95 | Availability: Stock info unavailable
- [Color: Black / Delivery: Curbside - Free / Warranty: 2 Year Extended (Parts/Labor) - $349.95] => Total Price: $16348.95 | Availability: Stock info unavailable
- [Color: Black / Delivery: White Glove - $275 / Warranty: 1 Year (Parts/Labor) 2&3 Year (Parts Only) - Free] => Total Price: $16274.0 | Availability: Stock info unavailable
- [Color: Black / Delivery: White Glove - $275 / Warranty: 1 Year Extended (Parts/Labor) - $249.95] => Total Price: $16523.95 | Availability: Stock info unavailable
- [Color: Black / Delivery: White Glove - $275 / Warranty: 2 Year Extended (Parts/Labor) - $349.95] => Total Price: $16623.95 | Availability: Stock info unavailable
- [Color: Taupe / Delivery: Curbside - Free / Warranty: 1 Year (Parts/Labor) 2&3 Year (Parts Only) - Free] => Total Price: $15999.0 | Availability: Stock info unavailable
- [Color: Taupe / Delivery: Curbside - Free / Warranty: 1 Year Extended (Parts/Labor) - $249.95] => Total Price: $16248.95 | Availability: Stock info unavailable
- [Color: Taupe / Delivery: Curbside - Free / Warranty: 2 Year Extended (Parts/Labor) - $349.95] => Total Price: $16348.95 | Availability: Stock info unavailable
- [Color: Taupe / Delivery: White Glove - $275 / Warranty: 1 Year (Parts/Labor) 2&3 Year (Parts Only) - Free] => Total Price: $16274.0 | Availability: Stock info unavailable
- [Color: Taupe / Delivery: White Glove - $275 / Warranty: 1 Year Extended (Parts/Labor) - $249.95] => Total Price: $16523.95 | Availability: Stock info unavailable
- [Color: Taupe / Delivery: White Glove - $275 / Warranty: 2 Year Extended (Parts/Labor) - $349.95] => Total Price: $16623.95 | Availability: Stock info unavailable",15999.0,Massage Chair,Osaki
osaki-pro-4d-epic-le,"Product Name: Osaki Pro 4D Epic LE
Description: Intelligent Health Detection Dual Rail Massage System Intelligent Voice Control 4D Massage Mechanism Smart Body Scan SL-Track System 28-Cell Full Body Air Massage Lumbar &amp; Foot Heating Therapy Triple Foot &amp; Calf Roller Massage Automatic Leg Extension Leg Angle Control const externalURL = ""https://ota-shawn.github.io/Products/Osaki/Epic%20LE.html""; $(""#externalURL"").load(externalURL, () => { $(""#externalURL"").contents().unwrap(); });
[Available Options & Prices]
- [Color: Taupe / Delivery: Curbside Delivery - Free / Warranty: 1 Year (Parts/Labor) 2&3 Year (Parts Only) - Free] => Total Price: $4999.0 | Availability: Stock info unavailable
- [Color: Taupe / Delivery: Curbside Delivery - Free / Warranty: 1 Year Extended (Parts/Labor) - $249.95] => Total Price: $5248.95 | Availability: Stock info unavailable
- [Color: Taupe / Delivery: Curbside Delivery - Free / Warranty: 2 Year Extended (Parts/Labor) - $349.95] => Total Price: $5348.95 | Availability: Stock info unavailable
- [Color: Taupe / Delivery: White Glove Delivery (Installation) - $275 / Warranty: 1 Year (Parts/Labor) 2&3 Year (Parts Only) - Free] => Total Price: $5274.0 | Availability: Stock info unavailable
- [Color: Taupe / Delivery: White Glove Delivery (Installation) - $275 / Warranty: 1 Year Extended (Parts/Labor) - $249.95] => Total Price: $5523.95 | Availability: Stock info unavailable
- [Color: Taupe / Delivery: White Glove Delivery (Installation) - $275 / Warranty: 2 Year Extended (Parts/Labor) - $349.95] => Total Price: $5623.95 | Availability: Stock info unavailable
- [Color: Brown / Delivery: Curbside Delivery - Free / Warranty: 1 Year (Parts/Labor) 2&3 Year (Parts Only) - Free] => Total Price: $4999.0 | Availability: Stock info unavailable
- [Color: Brown / Delivery: Curbside Delivery - Free / Warranty: 1 Year Extended (Parts/Labor) - $249.95] => Total Price: $5248.95 | Availability: Stock info unavailable
- [Color: Brown / Delivery: Curbside Delivery - Free / Warranty: 2 Year Extended (Parts/Labor) - $349.95] => Total Price: $5348.95 | Availability: Stock info unavailable
- [Color: Brown / Delivery: White Glove Delivery (Installation) - $275 / Warranty: 1 Year (Parts/Labor) 2&3 Year (Parts Only) - Free] => Total Price: $5274.0 | Availability: Stock info unavailable
- [Color: Brown / Delivery: White Glove Delivery (Installation) - $275 / Warranty: 1 Year Extended (Parts/Labor) - $249.95] => Total Price: $5523.95 | Availability: Stock info unavailable
- [Color: Brown / Delivery: White Glove Delivery (Installation) - $275 / Warranty: 2 Year Extended (Parts/Labor) - $349.95] => Total Price: $5623.95 | Availability: Stock info unavailable
- [Color: Black / Delivery: Curbside Delivery - Free / Warranty: 1 Year (Parts/Labor) 2&3 Year (Parts Only) - Free] => Total Price: $4999.0 | Availability: Stock info unavailable
- [Color: Black / Delivery: Curbside Delivery - Free / Warranty: 1 Year Extended (Parts/Labor) - $249.95] => Total Price: $5248.95 | Availability: Stock info unavailable
- [Color: Black / Delivery: Curbside Delivery - Free / Warranty: 2 Year Extended (Parts/Labor) - $349.95] => Total Price: $5348.95 | Availability: Stock info unavailable
- [Color: Black / Delivery: White Glove Delivery (Installation) - $275 / Warranty: 1 Year (Parts/Labor) 2&3 Year (Parts Only) - Free] => Total Price: $5274.0 | Availability: Stock info unavailable
- [Color: Black / Delivery: White Glove Delivery (Installation) - $275 / Warranty: 1 Year Extended (Parts/Labor) - $249.95] => Total Price: $5523.95 | Availability: Stock info unavailable
- [Color: Black / Delivery: White Glove Delivery (Installation) - $275 / Warranty: 2 Year Extended (Parts/Labor) - $349.95] => Total Price: $5623.95 | Availability: Stock info unavailable",4999.0,Massage Chair,Osaki
osaki-pro-duomax-4d-3d,"Product Name: Osaki OS-Pro 4D+3D DuoMax (Official 5 Yr Warranty)
Description: Intelligent HealthPro Duo Mech™ 4D+3D Mechanism 8 Roller-Track Massage 2 Heating Cores SL Flex Track Smart Voice Control Body Heat Therapy 36 Air Cell Full Body Compression 20 Auto Programs &amp; 11 Massage Styles Automatic Extendable Footrest Wireless Charging const externalURL = ""https://ota-shawn.github.io/Products/Osaki/OS-Pro%204D%20DuoMax.html""; const $j = jQuery.noConflict(true); $j(""#externalURL"").load(externalURL, () => { $j(""#externalURL"").contents().unwrap(); });
[Available Options & Prices]
- [Color: Brown / Delivery: Curbside - Free / Warranty: 5 Year(3 Years Full Service & Additional 2 Years Parts)] => Total Price: $12999.0 | Availability: Stock info unavailable
- [Color: Brown / Delivery: White Glove (Installation) - $275 / Warranty: 5 Year(3 Years Full Service & Additional 2 Years Parts)] => Total Price: $13274.0 | Availability: Stock info unavailable
- [Color: Taupe / Delivery: Curbside - Free / Warranty: 5 Year(3 Years Full Service & Additional 2 Years Parts)] => Total Price: $12999.0 | Availability: Stock info unavailable
- [Color: Taupe / Delivery: White Glove (Installation) - $275 / Warranty: 5 Year(3 Years Full Service & Additional 2 Years Parts)] => Total Price: $13274.0 | Availability: Stock info unavailable
- [Color: Black / Delivery: Curbside - Free / Warranty: 5 Year(3 Years Full Service & Additional 2 Years Parts)] => Total Price: $12999.0 | Availability: Stock info unavailable
- [Color: Black / Delivery: White Glove (Installation) - $275 / Warranty: 5 Year(3 Years Full Service & Additional 2 Years Parts)] => Total Price: $13274.0 | Availability: Stock info unavailable",12999.0,Massage Chair,Osaki
osaki-pro-os-4d-paragon,"Product Name: Osaki Pro OS-4D Paragon
Description: Intelligent Voice Control 4D Massage Mechanism Heated Back Roller Computerized Body Scanning L-Track Space Saving Technology Zero Gravity Reclining Automatic Extendable Footrest Heating on the Foot Rollers Surround Sound Bluetooth Speakers Intuitive Remote Control const externalURL = ""https://ota-shawn.github.io/Products/Osaki/Osaki%20Pro%20OS-4D%20Paragon.html""; $(""#externalURL"").load(externalURL, () => { $(""#externalURL"").contents().unwrap(); });
[Available Options & Prices]
- [Color: Black / Delivery: Curbside Delivery - Free / Warranty: 3 Year Standard (1yr Parts/Labor & 2 Additional Year Parts Only) - Free] => Total Price: $2999.0 | Availability: Stock info unavailable
- [Color: Black / Delivery: Curbside Delivery - Free / Warranty: 1 Year Extended(Parts/Labor) - $249.95] => Total Price: $3248.95 | Availability: Stock info unavailable
- [Color: Black / Delivery: Curbside Delivery - Free / Warranty: 2 Year Extended(Parts/Labor) - $349.95] => Total Price: $3348.95 | Availability: Stock info unavailable
- [Color: Black / Delivery: White Glove Delivery - $275 / Warranty: 3 Year Standard (1yr Parts/Labor & 2 Additional Year Parts Only) - Free] => Total Price: $3274.0 | Availability: Stock info unavailable
- [Color: Black / Delivery: White Glove Delivery - $275 / Warranty: 1 Year Extended(Parts/Labor) - $249.95] => Total Price: $3523.95 | Availability: Stock info unavailable
- [Color: Black / Delivery: White Glove Delivery - $275 / Warranty: 2 Year Extended(Parts/Labor) - $349.95] => Total Price: $3623.95 | Availability: Stock info unavailable
- [Color: Dark Brown / Delivery: Curbside Delivery - Free / Warranty: 3 Year Standard (1yr Parts/Labor & 2 Additional Year Parts Only) - Free] => Total Price: $2999.0 | Availability: Stock info unavailable
- [Color: Dark Brown / Delivery: Curbside Delivery - Free / Warranty: 1 Year Extended(Parts/Labor) - $249.95] => Total Price: $3248.95 | Availability: Stock info unavailable
- [Color: Dark Brown / Delivery: Curbside Delivery - Free / Warranty: 2 Year Extended(Parts/Labor) - $349.95] => Total Price: $3348.95 | Availability: Stock info unavailable
- [Color: Dark Brown / Delivery: White Glove Delivery - $275 / Warranty: 3 Year Standard (1yr Parts/Labor & 2 Additional Year Parts Only) - Free] => Total Price: $3274.0 | Availability: Stock info unavailable
- [Color: Dark Brown / Delivery: White Glove Delivery - $275 / Warranty: 1 Year Extended(Parts/Labor) - $249.95] => Total Price: $3523.95 | Availability: Stock info unavailable
- [Color: Dark Brown / Delivery: White Glove Delivery - $275 / Warranty: 2 Year Extended(Parts/Labor) - $349.95] => Total Price: $3623.95 | Availability: Stock info unavailable
- [Color: Beige / Delivery: Curbside Delivery - Free / Warranty: 3 Year Standard (1yr Parts/Labor & 2 Additional Year Parts Only) - Free] => Total Price: $2999.0 | Availability: Stock info unavailable
- [Color: Beige / Delivery: Curbside Delivery - Free / Warranty: 1 Year Extended(Parts/Labor) - $249.95] => Total Price: $3248.95 | Availability: Stock info unavailable
- [Color: Beige / Delivery: Curbside Delivery - Free / Warranty: 2 Year Extended(Parts/Labor) - $349.95] => Total Price: $3348.95 | Availability: Stock info unavailable
- [Color: Beige / Delivery: White Glove Delivery - $275 / Warranty: 3 Year Standard (1yr Parts/Labor & 2 Additional Year Parts Only) - Free] => Total Price: $3274.0 | Availability: Stock info unavailable
- [Color: Beige / Delivery: White Glove Delivery - $275 / Warranty: 1 Year Extended(Parts/Labor) - $249.95] => Total Price: $3523.95 | Availability: Stock info unavailable
- [Color: Beige / Delivery: White Glove Delivery - $275 / Warranty: 2 Year Extended(Parts/Labor) - $349.95] => Total Price: $3623.95 | Availability: Stock info unavailable",2999.0,Massage Chair,Osaki
osaki-pro-quest-3d,"Product Name: Osaki Pro Quest 3D
Description: 3D Massage Mechanism Auto Body Scanning 26-Cell Full Body Air Massage SL-Flex Track Extendable Footrest Quiet Massage Safety Sensors Lumbar Heating Therapy Specialized Foot Rollers Customized Massage Program const externalURL = ""https://ota-shawn.github.io/Products/Osaki/Quest.html""; const $j = jQuery.noConflict(true); $j(""#externalURL"").load(externalURL, () => { $j(""#externalURL"").contents().unwrap(); });
[Available Options & Prices]
- [Color: Taupe / Delivery: Curbside - Free / Warranty: 1 Year(Parts/Labor) 2&3 Year(Parts Only) - Free] => Total Price: $4499.0 | Availability: Stock info unavailable
- [Color: Taupe / Delivery: Curbside - Free / Warranty: 1 Year Extended(Parts/Labor) - $249.95] => Total Price: $4748.95 | Availability: Stock info unavailable
- [Color: Taupe / Delivery: Curbside - Free / Warranty: 2 Year Extended(Parts/Labor) - $349.95] => Total Price: $4848.95 | Availability: Stock info unavailable
- [Color: Taupe / Delivery: White Glove (Installation) - $275 / Warranty: 1 Year(Parts/Labor) 2&3 Year(Parts Only) - Free] => Total Price: $4874.0 | Availability: Stock info unavailable
- [Color: Taupe / Delivery: White Glove (Installation) - $275 / Warranty: 1 Year Extended(Parts/Labor) - $249.95] => Total Price: $5023.95 | Availability: Stock info unavailable
- [Color: Taupe / Delivery: White Glove (Installation) - $275 / Warranty: 2 Year Extended(Parts/Labor) - $349.95] => Total Price: $5123.95 | Availability: Stock info unavailable",4499.0,Massage Chair,Osaki
osaki-pro-vivant-5d,"Product Name: Osaki Pro Vivant 5D
Description: Intelligent Health Detection 5D Mechanism With Real Time Precision Flex SL-Track 3-Segment Airbag Armrest Monster Bluetooth Speakers 3-Stage Zero Gravity Reclining Body Scan Technology 38 Cell Full Body Air Massage Heating Therapy Deep Calf Kneading Automatic Extendable Footrest Specialized Foot Rollers Touchscreen Controller const externalURL = ""https://ota-shawn.github.io/Products/Osaki/Vivant.html""; const $j = jQuery.noConflict(true); $j(""#externalURL"").load(externalURL, () => { $j(""#externalURL"").contents().unwrap(); });
[Available Options & Prices]
- [Color: Black / Delivery: Curbside - Free / Warranty: 5 Year(3 Years Full Service & Additional 2 Years Parts)] => Total Price: $9999.0 | Availability: Stock info unavailable
- [Color: Black / Delivery: White Glove (Installation) - $275 / Warranty: 5 Year(3 Years Full Service & Additional 2 Years Parts)] => Total Price: $10274.0 | Availability: Stock info unavailable
- [Color: Taupe / Delivery: Curbside - Free / Warranty: 5 Year(3 Years Full Service & Additional 2 Years Parts)] => Total Price: $9999.0 | Availability: Stock info unavailable
- [Color: Taupe / Delivery: White Glove (Installation) - $275 / Warranty: 5 Year(3 Years Full Service & Additional 2 Years Parts)] => Total Price: $10274.0 | Availability: Stock info unavailable
- [Color: Brown / Delivery: Curbside - Free / Warranty: 5 Year(3 Years Full Service & Additional 2 Years Parts)] => Total Price: $9999.0 | Availability: Stock info unavailable
- [Color: Brown / Delivery: White Glove (Installation) - $275 / Warranty: 5 Year(3 Years Full Service & Additional 2 Years Parts)] => Total Price: $10274.0 | Availability: Stock info unavailable",9999.0,Massage Chair,Osaki
osaki-shoulder-heating-shawl,"Product Name: Osaki Shoulder Heating Shawl
Description: Back Heating Two Vibration Modes 100% Plush Microfiber const externalURL = ""https://ota-shawn.github.io/Products/Osaki/Osaki%20Shoulder%20Heating%20Shawl.html""; $(""#externalURL"").load(externalURL, () => { $(""#externalURL"").contents().unwrap(); });
[Available Options & Prices]
- [Title: Default Title] => Total Price: $99.0 | Availability: Stock info unavailable",99.0,Portable Massager,Osaki
osaki-signature-ii,"Product Name: Osaki Signature II (MO01)
Description: 3D MASSAGE MECHANISM SL-TRACK SYSTEM 20-CELL FULL-BODY AIR MASSAGE SPACE-SAVING TECHNOLOGY SPRING-LOADED EXTENDABLE FOOTREST ZERO GRAVITY RECLINING APP &amp; REMOTE DUAL CONTROL 9 AUTO PROGRAMS &amp; 6 MANUAL MODES LUMBAR HEATING THERAPY BLUETOOTH SPEAKERS &amp; TYPE-C CHARGING Loading Signature II Product Detail... (function () { // 💡 [경로 수정] GitHub 레포지토리의 Signature2 폴더로 타겟 변경 // (실제 GitHub 리포지토리에 생성하신 폴더명과 정확히 일치시켜야 합니다) var baseURL = ""https://RobinChoi00.github.io/Product/SignatureII/""; var v = new Date().getTime(); // Cache Busting (브라우저 캐시 무력화) // 1) CSS Injection if (!$('link[href*=""Signature2/style.css""]').length) { $('head').append(` `); } // 2) Google Fonts Integration (Signature II 디자인 시스템에 맞춘 폰트 로드) $('head').append(` `); // 3) HTML Fetching & Image Path Repairing $.ajax({ url: baseURL + ""index.html"", data: { v: v }, dataType: ""html"", success: function (data) { var parser = new DOMParser(); var doc = parser.parseFromString(data, ""text/html""); var $content = $(doc.body).contents(); // 상대 경로 이미지를 절대 경로(GitHub)로 변환 (Cross-Origin 대응) $content.find('img, video source').each(function () { var src = $(this).attr('src'); if (src && !src.startsWith('http')) { $(this).attr('src', baseURL + src); } }); // 비디오 태그 소스 재로딩 $content.find('video').each(function() { this.load(); }); // XSS 방어 및 중복 실행 방지를 위한 script 태그 제거 $content.find('script').remove(); // 💡 Signature II 앵커에 정제된 HTML 주입 (DOM Injection) $('#Signature2-content-anchor').empty().append($content); // 4) External JS Execution (의자 색상 변경 슬라이더 등의 로직 실행) var script = document.createElement(""script""); script.src = baseURL + ""script.js?v="" + v; script.defer = true; document.body.appendChild(script); }, error: function () { // 💡 에러 메시지 텍스트를 Signature II로 변경 $('#Signature2-content-anchor').html(' Failed to load Signature II content. Please check the network or repository URL. '); } }); })();
[Available Options & Prices]
- [Color: Black/Grey / Delivery: Curbside - Free / Warranty: 1 Year (Parts/Labor) 2&3 Year (Parts Only) - Free] => Total Price: $6999.0 | Availability: Stock info unavailable
- [Color: Black/Grey / Delivery: Curbside - Free / Warranty: 1 Year Extended (Parts/Labor) - $249.95] => Total Price: $7248.95 | Availability: Stock info unavailable
- [Color: Black/Grey / Delivery: Curbside - Free / Warranty: 2 Year Extended (Parts/Labor) - $349.95] => Total Price: $7348.95 | Availability: Stock info unavailable
- [Color: Black/Grey / Delivery: White Glove - $275 / Warranty: 1 Year (Parts/Labor) 2&3 Year (Parts Only) - Free] => Total Price: $7274.0 | Availability: Stock info unavailable
- [Color: Black/Grey / Delivery: White Glove - $275 / Warranty: 1 Year Extended (Parts/Labor) - $249.95] => Total Price: $7523.95 | Availability: Stock info unavailable
- [Color: Black/Grey / Delivery: White Glove - $275 / Warranty: 2 Year Extended (Parts/Labor) - $349.95] => Total Price: $7623.95 | Availability: Stock info unavailable
- [Color: Brown/Beige / Delivery: Curbside - Free / Warranty: 1 Year (Parts/Labor) 2&3 Year (Parts Only) - Free] => Total Price: $6999.0 | Availability: Stock info unavailable
- [Color: Brown/Beige / Delivery: Curbside - Free / Warranty: 1 Year Extended (Parts/Labor) - $249.95] => Total Price: $7248.95 | Availability: Stock info unavailable
- [Color: Brown/Beige / Delivery: Curbside - Free / Warranty: 2 Year Extended (Parts/Labor) - $349.95] => Total Price: $7348.95 | Availability: Stock info unavailable
- [Color: Brown/Beige / Delivery: White Glove - $275 / Warranty: 1 Year (Parts/Labor) 2&3 Year (Parts Only) - Free] => Total Price: $7274.0 | Availability: Stock info unavailable
- [Color: Brown/Beige / Delivery: White Glove - $275 / Warranty: 1 Year Extended (Parts/Labor) - $249.95] => Total Price: $7523.95 | Availability: Stock info unavailable
- [Color: Brown/Beige / Delivery: White Glove - $275 / Warranty: 2 Year Extended (Parts/Labor) - $349.95] => Total Price: $7623.95 | Availability: Stock info unavailable
- [Color: Beige/White / Delivery: Curbside - Free / Warranty: 1 Year (Parts/Labor) 2&3 Year (Parts Only) - Free] => Total Price: $6999.0 | Availability: Stock info unavailable
- [Color: Beige/White / Delivery: Curbside - Free / Warranty: 1 Year Extended (Parts/Labor) - $249.95] => Total Price: $7248.95 | Availability: Stock info unavailable
- [Color: Beige/White / Delivery: Curbside - Free / Warranty: 2 Year Extended (Parts/Labor) - $349.95] => Total Price: $7348.95 | Availability: Stock info unavailable
- [Color: Beige/White / Delivery: White Glove - $275 / Warranty: 1 Year (Parts/Labor) 2&3 Year (Parts Only) - Free] => Total Price: $7274.0 | Availability: Stock info unavailable
- [Color: Beige/White / Delivery: White Glove - $275 / Warranty: 1 Year Extended (Parts/Labor) - $249.95] => Total Price: $7523.95 | Availability: Stock info unavailable
- [Color: Beige/White / Delivery: White Glove - $275 / Warranty: 2 Year Extended (Parts/Labor) - $349.95] => Total Price: $7623.95 | Availability: Stock info unavailable",6999.0,Massage Chair,Osaki
osaki-solo-flex-4d,"Product Name: Osaki Solo Flex 4D
Description: 4D MASSAGE MECHANISM AI HEALTH DETECTION ROBO WALKING TECHNOLOGY 16 AUTO PROGRAMS &amp; 6 MANUAL MODES SPECIALIZED FOOT ROLLERS AUTOMATIC EXTENDABLE CALFREST 14 SAFETY SENSORS TOUCHSCREEN CONTROLLER &amp; INTELLIGENT MEMORY FUNCTION ZERO GRAVITY RECLINING QUALITY BLUETOOTH SPEAKERS Loading Solo Flex Product Detail... (function () { // 💡 [경로 수정] GitHub 레포지토리의 SoloFlex 폴더로 타겟 변경 // (실제 GitHub 리포지토리에 생성하신 폴더명 'SoloFlex'와 정확히 일치시켜야 합니다) var baseURL = ""https://RobinChoi00.github.io/Product/SoloFlex/""; var v = new Date().getTime(); // Cache Busting (브라우저 캐시 무력화) // 1) CSS Injection if (!$('link[href*=""SoloFlex/style.css""]').length) { $('head').append(` `); } // 2) Google Fonts Integration (Solo Flex 디자인 시스템에 맞춘 폰트 로드) $('head').append(` `); // 3) HTML Fetching & Image Path Repairing $.ajax({ url: baseURL + ""index.html"", data: { v: v }, dataType: ""html"", success: function (data) { var parser = new DOMParser(); var doc = parser.parseFromString(data, ""text/html""); var $content = $(doc.body).contents(); // 상대 경로 이미지를 절대 경로(GitHub)로 변환 (Cross-Origin 대응) $content.find('img, video source').each(function () { var src = $(this).attr('src'); if (src && !src.startsWith('http')) { $(this).attr('src', baseURL + src); } }); // 비디오 태그 소스 재로딩 $content.find('video').each(function() { this.load(); }); // XSS 방어 및 중복 실행 방지를 위한 script 태그 제거 $content.find('script').remove(); // 💡 Solo Flex 앵커에 정제된 HTML 주입 (DOM Injection) $('#SoloFlex-content-anchor').empty().append($content); // 4) External JS Execution (의자 스크립트 등 로직 실행 필요 시) var script = document.createElement(""script""); script.src = baseURL + ""script.js?v="" + v; script.defer = true; document.body.appendChild(script); }, error: function () { // 💡 에러 메시지 텍스트를 Solo Flex로 변경 $('#SoloFlex-content-anchor').html(' Failed to load Solo Flex content. Please check the network or repository URL. '); } }); })();
[Available Options & Prices]
- [Color: Black / Delivery: Curbside - Free / Warranty: 1 Year (Parts/Labor) 2&3 Year (Parts Only) - Free] => Total Price: $3999.0 | Availability: Stock info unavailable
- [Color: Black / Delivery: Curbside - Free / Warranty: 1 Year Extended (Parts/Labor) - $249.95] => Total Price: $4248.95 | Availability: Stock info unavailable
- [Color: Black / Delivery: Curbside - Free / Warranty: 2 Year Extended (Parts/Labor) - $349.95] => Total Price: $4348.95 | Availability: Stock info unavailable
- [Color: Black / Delivery: White Glove - $275 / Warranty: 1 Year (Parts/Labor) 2&3 Year (Parts Only) - Free] => Total Price: $4274.0 | Availability: Stock info unavailable
- [Color: Black / Delivery: White Glove - $275 / Warranty: 1 Year Extended (Parts/Labor) - $249.95] => Total Price: $4523.95 | Availability: Stock info unavailable
- [Color: Black / Delivery: White Glove - $275 / Warranty: 2 Year Extended (Parts/Labor) - $349.95] => Total Price: $4623.95 | Availability: Stock info unavailable
- [Color: Brown / Delivery: Curbside - Free / Warranty: 1 Year (Parts/Labor) 2&3 Year (Parts Only) - Free] => Total Price: $3999.0 | Availability: Stock info unavailable
- [Color: Brown / Delivery: Curbside - Free / Warranty: 1 Year Extended (Parts/Labor) - $249.95] => Total Price: $4248.95 | Availability: Stock info unavailable
- [Color: Brown / Delivery: Curbside - Free / Warranty: 2 Year Extended (Parts/Labor) - $349.95] => Total Price: $4348.95 | Availability: Stock info unavailable
- [Color: Brown / Delivery: White Glove - $275 / Warranty: 1 Year (Parts/Labor) 2&3 Year (Parts Only) - Free] => Total Price: $4274.0 | Availability: Stock info unavailable
- [Color: Brown / Delivery: White Glove - $275 / Warranty: 1 Year Extended (Parts/Labor) - $249.95] => Total Price: $4523.95 | Availability: Stock info unavailable
- [Color: Brown / Delivery: White Glove - $275 / Warranty: 2 Year Extended (Parts/Labor) - $349.95] => Total Price: $4623.95 | Availability: Stock info unavailable
- [Color: Taupe / Delivery: Curbside - Free / Warranty: 1 Year (Parts/Labor) 2&3 Year (Parts Only) - Free] => Total Price: $3999.0 | Availability: Stock info unavailable
- [Color: Taupe / Delivery: Curbside - Free / Warranty: 1 Year Extended (Parts/Labor) - $249.95] => Total Price: $4248.95 | Availability: Stock info unavailable
- [Color: Taupe / Delivery: Curbside - Free / Warranty: 2 Year Extended (Parts/Labor) - $349.95] => Total Price: $4348.95 | Availability: Stock info unavailable
- [Color: Taupe / Delivery: White Glove - $275 / Warranty: 1 Year (Parts/Labor) 2&3 Year (Parts Only) - Free] => Total Price: $4274.0 | Availability: Stock info unavailable
- [Color: Taupe / Delivery: White Glove - $275 / Warranty: 1 Year Extended (Parts/Labor) - $249.95] => Total Price: $4523.95 | Availability: Stock info unavailable
- [Color: Taupe / Delivery: White Glove - $275 / Warranty: 2 Year Extended (Parts/Labor) - $349.95] => Total Price: $4623.95 | Availability: Stock info unavailable",3999.0,Massage Chair,Osaki
osaki-somnus-4d-duoflex-ai,"Product Name: Osaki Somnus 4D Duoflex Ai
Description: AI Health Detection Sonic Pulse Massage Dual 4D+4D Massage Mechanism Heated Back Rollers Triple Zone Heating Therapy 20 Auto Massage Programs 12 Manual Massage Programs SL Flex Track System Automatic Extendable Footrest Deep Calf Kneading 48-Cell Full Body Air Massage Monster Bluetooth Speakers Touchscreen Controller Chromotherapy Lighting OTA WiFi Software Update const externalURL = ""https://RobinChoi00.github.io/Product/SomnusDuo/SomnusDuo.html""; $(""#externalURL"").load(externalURL, () => { $(""#externalURL"").contents().unwrap(); // HTML 로드 후 JS 삽입 const script = document.createElement(""script""); script.src = ""https://RobinChoi00.github.io/Product/SomnusDuo/SomnusDuo_script.js""; script.defer = true; document.body.appendChild(script); });
[Available Options & Prices]
- [Color: Black / Delivery: Curbside Delivery - Free / Warranty: 1 Year (Parts/Labor) 2&3 Year (Parts Only) - Free] => Total Price: $13999.0 | Availability: Stock info unavailable
- [Color: Black / Delivery: Curbside Delivery - Free / Warranty: 1 Year Extended (Parts/Labor) - $249.95] => Total Price: $14248.95 | Availability: Stock info unavailable
- [Color: Black / Delivery: Curbside Delivery - Free / Warranty: 2 Year Extended (Parts/Labor) - $349.95] => Total Price: $14348.95 | Availability: Stock info unavailable
- [Color: Black / Delivery: White Glove Delivery - $275 / Warranty: 1 Year (Parts/Labor) 2&3 Year (Parts Only) - Free] => Total Price: $14274.0 | Availability: Stock info unavailable
- [Color: Black / Delivery: White Glove Delivery - $275 / Warranty: 1 Year Extended (Parts/Labor) - $249.95] => Total Price: $14523.95 | Availability: Stock info unavailable
- [Color: Black / Delivery: White Glove Delivery - $275 / Warranty: 2 Year Extended (Parts/Labor) - $349.95] => Total Price: $14623.95 | Availability: Stock info unavailable
- [Color: Brown / Delivery: Curbside Delivery - Free / Warranty: 1 Year (Parts/Labor) 2&3 Year (Parts Only) - Free] => Total Price: $13999.0 | Availability: Stock info unavailable
- [Color: Brown / Delivery: Curbside Delivery - Free / Warranty: 1 Year Extended (Parts/Labor) - $249.95] => Total Price: $14248.95 | Availability: Stock info unavailable
- [Color: Brown / Delivery: Curbside Delivery - Free / Warranty: 2 Year Extended (Parts/Labor) - $349.95] => Total Price: $14348.95 | Availability: Stock info unavailable
- [Color: Brown / Delivery: White Glove Delivery - $275 / Warranty: 1 Year (Parts/Labor) 2&3 Year (Parts Only) - Free] => Total Price: $14274.0 | Availability: Stock info unavailable
- [Color: Brown / Delivery: White Glove Delivery - $275 / Warranty: 1 Year Extended (Parts/Labor) - $249.95] => Total Price: $14523.95 | Availability: Stock info unavailable
- [Color: Brown / Delivery: White Glove Delivery - $275 / Warranty: 2 Year Extended (Parts/Labor) - $349.95] => Total Price: $14623.95 | Availability: Stock info unavailable",13999.0,Massage Chair,Osaki
osaki-sonic-pulse-percussion-massager,"Product Name: Osaki Sonic Pulse Percussion Massager
Description: const externalURL = ""https://ota-shawn.github.io/Products/Others/Sonic%20Pulse%20Percussion%20Massager.html"" $(""#externalURL"").load(externalURL, () => { $(""#externalURL"").contents().unwrap() })
[Available Options & Prices]
- [Title: Default Title] => Total Price: $199.0 | Availability: Stock info unavailable",199.0,Portable Massager,Osaki
osaki-sonno-xt-1-gravzero-leather-recliner,"Product Name: Osaki Sonno XT-1, GravZero, Vegan Leather, Recliner
Description: const externalURL = ""https://ota-shawn.github.io/Products/Osaki/Osaki%20Sonno%20XT-1%20GravZero%20Recliner.html""; const $j = jQuery.noConflict(true); $j(""#externalURL"").load(externalURL, () => { $j(""#externalURL"").contents().unwrap(); });
[Available Options & Prices]
- [Color: Brown / Warranty: 5 Year(3 Years Full Service & Additional 2 Years Parts)] => Total Price: $1999.0 | Availability: Stock info unavailable",1999.0,Reclining Chair,Osaki
osaki-trion-flex-duo-massage-chair,"Product Name: Osaki OS-Trion Flex Duo 4D+3D (Official 5 Yr Warranty)
Description: Walking Technology Duo Mech™ 4D+3D Mechanism SL Flex Track Intelligent Health Detection 3 Arm Rollers 4D Massage Mechanism Body Scan Technology Smart Voice Control Lumbar &amp; Calves Heat Therapy 50 Air Cell Full Body Compression 12 Auto Programs &amp; 6 Massage Styles Heated Foot Rollers Automatic Extendable Footrest const externalURL = ""https://ota-shawn.github.io/Products/Osaki/Trion%20Flex%20Duo.html""; const $j = jQuery.noConflict(true); $j(""#externalURL"").load(externalURL, () => { $j(""#externalURL"").contents().unwrap(); });
[Available Options & Prices]
- [Color: Black / Delivery: Curbside - Free / Warranty: 5 Year(3 Years Full Service & Additional 2 Years Parts)] => Total Price: $9999.0 | Availability: Stock info unavailable
- [Color: Black / Delivery: White Glove (Installation) - $275 / Warranty: 5 Year(3 Years Full Service & Additional 2 Years Parts)] => Total Price: $10274.0 | Availability: Stock info unavailable
- [Color: Brown / Delivery: Curbside - Free / Warranty: 5 Year(3 Years Full Service & Additional 2 Years Parts)] => Total Price: $9999.0 | Availability: Stock info unavailable
- [Color: Brown / Delivery: White Glove (Installation) - $275 / Warranty: 5 Year(3 Years Full Service & Additional 2 Years Parts)] => Total Price: $10274.0 | Availability: Stock info unavailable
- [Color: Taupe / Delivery: Curbside - Free / Warranty: 5 Year(3 Years Full Service & Additional 2 Years Parts)] => Total Price: $9999.0 | Availability: Stock info unavailable
- [Color: Taupe / Delivery: White Glove (Installation) - $275 / Warranty: 5 Year(3 Years Full Service & Additional 2 Years Parts)] => Total Price: $10274.0 | Availability: Stock info unavailable",9999.0,Massage Chair,Osaki
osaki-ultima-4d-chair,"Product Name: Osaki OP-4D Ultima Massage Chair
Description: 4D Massage Mechanism Intelligent Voice Control Computerized Body Scanning SL-Track 48 Air Cell Full Body Compression Zero Gravity Reclining Space Saving Technology Lumbar &amp; Calf Heating 12 Auto Programs with 6 Massage Styles Automatic Extendable Footrest Triple Action Foot Massager Touchscreen Controller Shortcut Panel Surround Sound Bluetooth Speakers const externalURL = ""https://ota-shawn.github.io/Products/Osaki/Osaki%20OP-4D%20Ultima.html""; $(""#externalURL"").load(externalURL, () => { $(""#externalURL"").contents().unwrap(); });
[Available Options & Prices]
- [Color: Black / Delivery: Curbside Delivery - Free / Warranty: 5 Year(3 Years Full Service & Additional 2 Years Parts)] => Total Price: $3499.0 | Availability: Stock info unavailable
- [Color: Black / Delivery: White Glove Delivery - $275 / Warranty: 5 Year(3 Years Full Service & Additional 2 Years Parts)] => Total Price: $3774.0 | Availability: Stock info unavailable
- [Color: Brown / Delivery: Curbside Delivery - Free / Warranty: 5 Year(3 Years Full Service & Additional 2 Years Parts)] => Total Price: $3499.0 | Availability: Stock info unavailable
- [Color: Brown / Delivery: White Glove Delivery - $275 / Warranty: 5 Year(3 Years Full Service & Additional 2 Years Parts)] => Total Price: $3774.0 | Availability: Stock info unavailable
- [Color: Beige / Delivery: Curbside Delivery - Free / Warranty: 5 Year(3 Years Full Service & Additional 2 Years Parts)] => Total Price: $3499.0 | Availability: Stock info unavailable
- [Color: Beige / Delivery: White Glove Delivery - $275 / Warranty: 5 Year(3 Years Full Service & Additional 2 Years Parts)] => Total Price: $3774.0 | Availability: Stock info unavailable",3499.0,Massage Chair,Osaki
osaki-vibe-4d,"Product Name: Osaki Vibe 4D
Description: 4D Massage Mechanism Automatic Body Scan Deep Calf-Kneading Space-Saving Technology 3-Stage Zero Gravity SL-Track System 24 Auto Programs 6 Manual Programs 32-Cell Full Body Air Massage 3 Specialized Foot Rollers Automatic Extendable Footrest Lumbar and Feet Heat Therapy Hand Reflexology Touchscreen Controller Removable Headrest Wireless Charging Surface Built-In Bluetooth Speakers Convenient Shortcut Panels LED Lighting Detail const externalURL = ""https://ota-shawn.github.io/Products/Osaki/Vibe%204D.html"" $(""#externalURL"").load(externalURL, () => { $(""#externalURL"").contents().unwrap() })
[Available Options & Prices]
- [Color: Black / Delivery: Curbside Delivery - Free / Warranty: 1 Year(Part/Labor) 2&3 Year(Parts Only) - Free] => Total Price: $3499.0 | Availability: Stock info unavailable
- [Color: Black / Delivery: Curbside Delivery - Free / Warranty: 1 Year Extended(Parts/Labor) - $249.95] => Total Price: $3748.95 | Availability: Stock info unavailable
- [Color: Black / Delivery: Curbside Delivery - Free / Warranty: 2 Year Extended(Parts/Labor) - $349.95] => Total Price: $3848.95 | Availability: Stock info unavailable
- [Color: Black / Delivery: White Glove Delivery - $275 / Warranty: 1 Year(Part/Labor) 2&3 Year(Parts Only) - Free] => Total Price: $3774.0 | Availability: Stock info unavailable
- [Color: Black / Delivery: White Glove Delivery - $275 / Warranty: 1 Year Extended(Parts/Labor) - $249.95] => Total Price: $4023.95 | Availability: Stock info unavailable
- [Color: Black / Delivery: White Glove Delivery - $275 / Warranty: 2 Year Extended(Parts/Labor) - $349.95] => Total Price: $4123.95 | Availability: Stock info unavailable
- [Color: Brown / Delivery: Curbside Delivery - Free / Warranty: 1 Year(Part/Labor) 2&3 Year(Parts Only) - Free] => Total Price: $3499.0 | Availability: Stock info unavailable
- [Color: Brown / Delivery: Curbside Delivery - Free / Warranty: 1 Year Extended(Parts/Labor) - $249.95] => Total Price: $3748.95 | Availability: Stock info unavailable
- [Color: Brown / Delivery: Curbside Delivery - Free / Warranty: 2 Year Extended(Parts/Labor) - $349.95] => Total Price: $3848.95 | Availability: Stock info unavailable
- [Color: Brown / Delivery: White Glove Delivery - $275 / Warranty: 1 Year(Part/Labor) 2&3 Year(Parts Only) - Free] => Total Price: $3774.0 | Availability: Stock info unavailable
- [Color: Brown / Delivery: White Glove Delivery - $275 / Warranty: 1 Year Extended(Parts/Labor) - $249.95] => Total Price: $4023.95 | Availability: Stock info unavailable
- [Color: Brown / Delivery: White Glove Delivery - $275 / Warranty: 2 Year Extended(Parts/Labor) - $349.95] => Total Price: $4123.95 | Availability: Stock info unavailable
- [Color: Taupe / Delivery: Curbside Delivery - Free / Warranty: 1 Year(Part/Labor) 2&3 Year(Parts Only) - Free] => Total Price: $3499.0 | Availability: Stock info unavailable
- [Color: Taupe / Delivery: Curbside Delivery - Free / Warranty: 1 Year Extended(Parts/Labor) - $249.95] => Total Price: $3748.95 | Availability: Stock info unavailable
- [Color: Taupe / Delivery: Curbside Delivery - Free / Warranty: 2 Year Extended(Parts/Labor) - $349.95] => Total Price: $3848.95 | Availability: Stock info unavailable
- [Color: Taupe / Delivery: White Glove Delivery - $275 / Warranty: 1 Year(Part/Labor) 2&3 Year(Parts Only) - Free] => Total Price: $3774.0 | Availability: Stock info unavailable
- [Color: Taupe / Delivery: White Glove Delivery - $275 / Warranty: 1 Year Extended(Parts/Labor) - $249.95] => Total Price: $4023.95 | Availability: Stock info unavailable
- [Color: Taupe / Delivery: White Glove Delivery - $275 / Warranty: 2 Year Extended(Parts/Labor) - $349.95] => Total Price: $4123.95 | Availability: Stock info unavailable",3499.0,Massage Chair,Osaki
osaki-vista-4d,"Product Name: Osaki Vista 4D
Description: 4D Massage Mechanism Wide Seating &amp; Shoulders 53” SL Track Double Guide Rail Automatic Body Scan Space Saving Technology Adjustable Shoulder Airbags Triple Foot Reflexology Lumbar Heating 24 Auto Massage Programs 32-Cell Full Body Air Massage Automatic Extendable Footrest Zero Gravity Wireless Charging Bluetooth Speakers const externalURL = ""https://RobinChoi00.github.io/Product/Vista4D/Vista4D.html""; $(""#externalURL"").load(externalURL, () => { $(""#externalURL"").contents().unwrap(); // HTML 로드 후 JS 삽입 const script = document.createElement(""script""); script.src = ""https://RobinChoi00.github.io/Product/Vista4D/Vista4D_script.js""; script.defer = true; document.body.appendChild(script); });
[Available Options & Prices]
- [Color: Black / Delivery: Curbside Delivery - Free / Warranty: 1 Year (Parts/Labor) 2&3 Year (Parts Only) - Free] => Total Price: $9999.0 | Availability: Stock info unavailable
- [Color: Black / Delivery: Curbside Delivery - Free / Warranty: 1 Year Extended (Parts/Labor) - $249.95] => Total Price: $10248.95 | Availability: Stock info unavailable
- [Color: Black / Delivery: Curbside Delivery - Free / Warranty: 2 Year Extended (Parts/Labor) - $349.95] => Total Price: $10348.95 | Availability: Stock info unavailable
- [Color: Black / Delivery: White Glove Delivery - $275 / Warranty: 1 Year (Parts/Labor) 2&3 Year (Parts Only) - Free] => Total Price: $10274.0 | Availability: Stock info unavailable
- [Color: Black / Delivery: White Glove Delivery - $275 / Warranty: 1 Year Extended (Parts/Labor) - $249.95] => Total Price: $10523.95 | Availability: Stock info unavailable
- [Color: Black / Delivery: White Glove Delivery - $275 / Warranty: 2 Year Extended (Parts/Labor) - $349.95] => Total Price: $10623.95 | Availability: Stock info unavailable
- [Color: Brown / Delivery: Curbside Delivery - Free / Warranty: 1 Year (Parts/Labor) 2&3 Year (Parts Only) - Free] => Total Price: $9999.0 | Availability: Stock info unavailable
- [Color: Brown / Delivery: Curbside Delivery - Free / Warranty: 1 Year Extended (Parts/Labor) - $249.95] => Total Price: $10248.95 | Availability: Stock info unavailable
- [Color: Brown / Delivery: Curbside Delivery - Free / Warranty: 2 Year Extended (Parts/Labor) - $349.95] => Total Price: $10348.95 | Availability: Stock info unavailable
- [Color: Brown / Delivery: White Glove Delivery - $275 / Warranty: 1 Year (Parts/Labor) 2&3 Year (Parts Only) - Free] => Total Price: $10274.0 | Availability: Stock info unavailable
- [Color: Brown / Delivery: White Glove Delivery - $275 / Warranty: 1 Year Extended (Parts/Labor) - $249.95] => Total Price: $10523.95 | Availability: Stock info unavailable
- [Color: Brown / Delivery: White Glove Delivery - $275 / Warranty: 2 Year Extended (Parts/Labor) - $349.95] => Total Price: $10623.95 | Availability: Stock info unavailable",9999.0,Massage Chair,Osaki
osaki-ziva,"Product Name: Osaki Ziva
Description: 2D Massage Mechanism 24 Cell Full Body Air Massage Automatic Body Scan 12 Auto Massage Modes 5 Manual Massage Modes SL Track Touchscreen Controller Lumbar Heating Zero Gravity Space Saving Spring-loaded Extendable Footrest Foot Rollers Bluetooth Speakers const externalURL = ""https://ota-shawn.github.io/Products/Osaki/Osaki%20Ziva.html"" $(""#externalURL"").load(externalURL, () => { $(""#externalURL"").contents().unwrap() })
[Available Options & Prices]
- [Color: Brown / Delivery: Curbside Delivery - Free / Warranty: 1 Year(Parts/Labor) 2&3 Year(Parts Only) - Free] => Total Price: $1999.0 | Availability: Stock info unavailable
- [Color: Brown / Delivery: Curbside Delivery - Free / Warranty: 1 Year Extended(Parts/Labor) - $249.95] => Total Price: $2248.95 | Availability: Stock info unavailable
- [Color: Brown / Delivery: Curbside Delivery - Free / Warranty: 2 Year Extended(Parts/Labor) - $349.95] => Total Price: $2348.95 | Availability: Stock info unavailable
- [Color: Brown / Delivery: White Glove Delivery (Installation)- $275 / Warranty: 1 Year(Parts/Labor) 2&3 Year(Parts Only) - Free] => Total Price: $2274.0 | Availability: Stock info unavailable
- [Color: Brown / Delivery: White Glove Delivery (Installation)- $275 / Warranty: 1 Year Extended(Parts/Labor) - $249.95] => Total Price: $2523.95 | Availability: Stock info unavailable
- [Color: Brown / Delivery: White Glove Delivery (Installation)- $275 / Warranty: 2 Year Extended(Parts/Labor) - $349.95] => Total Price: $2623.95 | Availability: Stock info unavailable
- [Color: Taupe / Delivery: Curbside Delivery - Free / Warranty: 1 Year(Parts/Labor) 2&3 Year(Parts Only) - Free] => Total Price: $1999.0 | Availability: Stock info unavailable
- [Color: Taupe / Delivery: Curbside Delivery - Free / Warranty: 1 Year Extended(Parts/Labor) - $249.95] => Total Price: $2248.95 | Availability: Stock info unavailable
- [Color: Taupe / Delivery: Curbside Delivery - Free / Warranty: 2 Year Extended(Parts/Labor) - $349.95] => Total Price: $2348.95 | Availability: Stock info unavailable
- [Color: Taupe / Delivery: White Glove Delivery (Installation)- $275 / Warranty: 1 Year(Parts/Labor) 2&3 Year(Parts Only) - Free] => Total Price: $2274.0 | Availability: Stock info unavailable
- [Color: Taupe / Delivery: White Glove Delivery (Installation)- $275 / Warranty: 1 Year Extended(Parts/Labor) - $249.95] => Total Price: $2523.95 | Availability: Stock info unavailable
- [Color: Taupe / Delivery: White Glove Delivery (Installation)- $275 / Warranty: 2 Year Extended(Parts/Labor) - $349.95] => Total Price: $2623.95 | Availability: Stock info unavailable
- [Color: Black / Delivery: Curbside Delivery - Free / Warranty: 1 Year(Parts/Labor) 2&3 Year(Parts Only) - Free] => Total Price: $1999.0 | Availability: Stock info unavailable
- [Color: Black / Delivery: Curbside Delivery - Free / Warranty: 1 Year Extended(Parts/Labor) - $249.95] => Total Price: $2248.95 | Availability: Stock info unavailable
- [Color: Black / Delivery: Curbside Delivery - Free / Warranty: 2 Year Extended(Parts/Labor) - $349.95] => Total Price: $2348.95 | Availability: Stock info unavailable
- [Color: Black / Delivery: White Glove Delivery (Installation)- $275 / Warranty: 1 Year(Parts/Labor) 2&3 Year(Parts Only) - Free] => Total Price: $2274.0 | Availability: Stock info unavailable
- [Color: Black / Delivery: White Glove Delivery (Installation)- $275 / Warranty: 1 Year Extended(Parts/Labor) - $249.95] => Total Price: $2523.95 | Availability: Stock info unavailable
- [Color: Black / Delivery: White Glove Delivery (Installation)- $275 / Warranty: 2 Year Extended(Parts/Labor) - $349.95] => Total Price: $2623.95 | Availability: Stock info unavailable",1999.0,Massage Chair,Osaki
package-deal-cleaner-massage-chair-cover,"Product Name: Package Deal (Cleaner + Massage Chair Cover)
Description: const externalURL = ""https://ota-shawn.github.io/Products/Others/Cleaner&Cover%20Bundle.html""; All in one package including cleaning kit and massage chair cover.
[Available Options & Prices]
- [Chair Cover Style: Standard] => Total Price: $59.99 | Availability: Stock info unavailable
- [Chair Cover Style: Titan] => Total Price: $59.99 | Availability: Stock info unavailable
- [Chair Cover Style: Osaki] => Total Price: $59.99 | Availability: Stock info unavailable",59.99,Accessory,Osaki
pinnacle-5d-duoflex-ai,"Product Name: Pinnacle 5D DuoFlex AI
Description: AI Health Detection 12.3"" HD Touchscreen Controller YouTube Entertainment 5D+4D Smart Mechanism Heated Back Rollers Automatic Body Scan System 18 Auto Massage Programs 19 Manual Massage Programs SL Flex Track System Automatic Extendable Footrest Side Calf Scrapers And Foot Rollers Lumbar, Seat and Knee Heating Therapy 57-Cell Full Body Air Massage Monster Bluetooth Speakers Intelligent Voice Control Type-C port &amp; Wireless Charger Phone App Control Aromatherapy LED Lighting const externalURL = ""https://ota-shawn.github.io/Products/Osaki/Pinnacle%205D%20DuoFlex%20AI.html""; $(""#externalURL"").load(externalURL, () => { $(""#externalURL"").contents().unwrap(); });
[Available Options & Prices]
- [Color: Brown / Delivery: Curbside - Free / Warranty: 1 Year (Parts/Labor) 2&3 Year (Parts Only) - Free] => Total Price: $16999.0 | Availability: Stock info unavailable
- [Color: Brown / Delivery: Curbside - Free / Warranty: 1 Year Extended (Parts/Labor) - $249.95] => Total Price: $17248.95 | Availability: Stock info unavailable
- [Color: Brown / Delivery: Curbside - Free / Warranty: 2 Year Extended (Parts/Labor) - $349.95] => Total Price: $17348.95 | Availability: Stock info unavailable
- [Color: Brown / Delivery: White Glove - $275 / Warranty: 1 Year (Parts/Labor) 2&3 Year (Parts Only) - Free] => Total Price: $17274.0 | Availability: Stock info unavailable
- [Color: Brown / Delivery: White Glove - $275 / Warranty: 1 Year Extended (Parts/Labor) - $249.95] => Total Price: $17523.95 | Availability: Stock info unavailable
- [Color: Brown / Delivery: White Glove - $275 / Warranty: 2 Year Extended (Parts/Labor) - $349.95] => Total Price: $17623.95 | Availability: Stock info unavailable
- [Color: Black / Delivery: Curbside - Free / Warranty: 1 Year (Parts/Labor) 2&3 Year (Parts Only) - Free] => Total Price: $16999.0 | Availability: Stock info unavailable
- [Color: Black / Delivery: Curbside - Free / Warranty: 1 Year Extended (Parts/Labor) - $249.95] => Total Price: $17248.95 | Availability: Stock info unavailable
- [Color: Black / Delivery: Curbside - Free / Warranty: 2 Year Extended (Parts/Labor) - $349.95] => Total Price: $17348.95 | Availability: Stock info unavailable
- [Color: Black / Delivery: White Glove - $275 / Warranty: 1 Year (Parts/Labor) 2&3 Year (Parts Only) - Free] => Total Price: $17274.0 | Availability: Stock info unavailable
- [Color: Black / Delivery: White Glove - $275 / Warranty: 1 Year Extended (Parts/Labor) - $249.95] => Total Price: $17523.95 | Availability: Stock info unavailable
- [Color: Black / Delivery: White Glove - $275 / Warranty: 2 Year Extended (Parts/Labor) - $349.95] => Total Price: $17623.95 | Availability: Stock info unavailable
- [Color: Taupe / Delivery: Curbside - Free / Warranty: 1 Year (Parts/Labor) 2&3 Year (Parts Only) - Free] => Total Price: $16999.0 | Availability: Stock info unavailable
- [Color: Taupe / Delivery: Curbside - Free / Warranty: 1 Year Extended (Parts/Labor) - $249.95] => Total Price: $17248.95 | Availability: Stock info unavailable
- [Color: Taupe / Delivery: Curbside - Free / Warranty: 2 Year Extended (Parts/Labor) - $349.95] => Total Price: $17348.95 | Availability: Stock info unavailable
- [Color: Taupe / Delivery: White Glove - $275 / Warranty: 1 Year (Parts/Labor) 2&3 Year (Parts Only) - Free] => Total Price: $17274.0 | Availability: Stock info unavailable
- [Color: Taupe / Delivery: White Glove - $275 / Warranty: 1 Year Extended (Parts/Labor) - $249.95] => Total Price: $17523.95 | Availability: Stock info unavailable
- [Color: Taupe / Delivery: White Glove - $275 / Warranty: 2 Year Extended (Parts/Labor) - $349.95] => Total Price: $17623.95 | Availability: Stock info unavailable",16999.0,Massage Chair,Osaki
sabine-swivel-chair,"Product Name: Sabine Swivel Chair
Description: 
[Available Options & Prices]
- [Color: Beige / Fablic: Linen / Warranty: 1 year (parts only)] => Total Price: $799.0 | Availability: Stock info unavailable
- [Color: Light Gray / Fablic: Linen / Warranty: 1 year (parts only)] => Total Price: $799.0 | Availability: Stock info unavailable
- [Color: Dark Gray / Fablic: Linen / Warranty: 1 year (parts only)] => Total Price: $799.0 | Availability: Stock info unavailable
- [Color: Blue / Fablic: Linen / Warranty: 1 year (parts only)] => Total Price: $799.0 | Availability: Stock info unavailable",799.0,Patio Chair,Dura Patio
serene-recliner-leathaire,"Product Name: Serene Recliner (Leathaire)
Description: 4D Massage Mechanism Intelligent Voice Control Touchscreen Controller Automatic Body Scan Deep Calf Kneading Kneading Foot Massage Quiet Massage Chair Hand Reflexology 16 Auto Programs 35 Manual Programs SL-Track System Lumbar Heating Therapy 2-Stage Zero Gravity Space-Saving Technology Automatic Extendable Footrest 34-Cell Full Body Air Massage Removable Headrest Bluetooth Speakers Shortcut Panels LED Lighting --> const externalURL = ""https://ota-shawn.github.io/Products/Others/Serene%20Recliner(Leathaire).html"" $(""#externalURL"").load(externalURL, () => { $(""#externalURL"").contents().unwrap() })
[Available Options & Prices]
- [Color: Gray] => Total Price: $1299.0 | Availability: Stock info unavailable
- [Color: Taupe] => Total Price: $1299.0 | Availability: Stock info unavailable
- [Color: Cream] => Total Price: $1299.0 | Availability: Stock info unavailable",1299.0,Reclining Chair,Osaki
serene-recliner-linen,"Product Name: Serene Recliner (Linen)
Description: const externalURL = ""https://ota-shawn.github.io/Products/Others/Serene%20Recliner(Linen).html"" $(""#externalURL"").load(externalURL, () => { $(""#externalURL"").contents().unwrap() })
[Available Options & Prices]
- [Color: LIGHT GREY] => Total Price: $1199.0 | Availability: Stock info unavailable
- [Color: BEIGE] => Total Price: $1199.0 | Availability: Stock info unavailable",1199.0,Reclining Chair,Osaki
serene-recliner-vegan-leather,"Product Name: Serene Recliner (Vegan Leather)
Description: 4D Massage Mechanism Intelligent Voice Control Touchscreen Controller Automatic Body Scan Deep Calf Kneading Kneading Foot Massage Quiet Massage Chair Hand Reflexology 16 Auto Programs 35 Manual Programs SL-Track System Lumbar Heating Therapy 2-Stage Zero Gravity Space-Saving Technology Automatic Extendable Footrest 34-Cell Full Body Air Massage Removable Headrest Bluetooth Speakers Shortcut Panels LED Lighting --> const externalURL = ""https://ota-shawn.github.io/Products/Others/Serene%20Recliner(Vegan%20Leather).html"" $(""#externalURL"").load(externalURL, () => { $(""#externalURL"").contents().unwrap() })
[Available Options & Prices]
- [Color: Black] => Total Price: $1199.0 | Availability: Stock info unavailable
- [Color: Dark Brown] => Total Price: $1199.0 | Availability: Stock info unavailable",1199.0,Reclining Chair,Osaki
shogun-duo-4d-massage-chair,"Product Name: Kanji 4D Shogun Duo
Description: Intelligent HealthPro Duo Mech™ 4D+3D Mechanism 8 Roller-Track Massage 2 Heating Cores SL Flex Track Smart Voice Control Body Heat Therapy 32 Air Cell Full Body Compression 20 Auto Programs &amp; 11 Massage Styles Automatic Extendable Footrest Wireless Charging const externalURL = ""https://ota-shawn.github.io/Products/Kanji/Shogun.html""; const $j = jQuery.noConflict(true); $j(""#externalURL"").load(externalURL, () => { $j(""#externalURL"").contents().unwrap(); });
[Available Options & Prices]
- [Color: Black / Delivery: Curbside - Free / Warranty: 1 Year(Parts/Labor) 2&3 Year(Parts Only) - Free] => Total Price: $14999.0 | Availability: Stock info unavailable
- [Color: Black / Delivery: Curbside - Free / Warranty: 1 Year Extended(Parts/Labor) - $249.95] => Total Price: $15248.95 | Availability: Stock info unavailable
- [Color: Black / Delivery: Curbside - Free / Warranty: 2 Year Extended(Parts/Labor) - $349.95] => Total Price: $15348.95 | Availability: Stock info unavailable
- [Color: Black / Delivery: White Glove (Installation) - $275 / Warranty: 1 Year(Parts/Labor) 2&3 Year(Parts Only) - Free] => Total Price: $15274.0 | Availability: Stock info unavailable
- [Color: Black / Delivery: White Glove (Installation) - $275 / Warranty: 1 Year Extended(Parts/Labor) - $249.95] => Total Price: $15523.95 | Availability: Stock info unavailable
- [Color: Black / Delivery: White Glove (Installation) - $275 / Warranty: 2 Year Extended(Parts/Labor) - $349.95] => Total Price: $15623.95 | Availability: Stock info unavailable
- [Color: Taupe / Delivery: Curbside - Free / Warranty: 1 Year(Parts/Labor) 2&3 Year(Parts Only) - Free] => Total Price: $14999.0 | Availability: Stock info unavailable
- [Color: Taupe / Delivery: Curbside - Free / Warranty: 1 Year Extended(Parts/Labor) - $249.95] => Total Price: $15248.95 | Availability: Stock info unavailable
- [Color: Taupe / Delivery: Curbside - Free / Warranty: 2 Year Extended(Parts/Labor) - $349.95] => Total Price: $15348.95 | Availability: Stock info unavailable
- [Color: Taupe / Delivery: White Glove (Installation) - $275 / Warranty: 1 Year(Parts/Labor) 2&3 Year(Parts Only) - Free] => Total Price: $15274.0 | Availability: Stock info unavailable
- [Color: Taupe / Delivery: White Glove (Installation) - $275 / Warranty: 1 Year Extended(Parts/Labor) - $249.95] => Total Price: $15523.95 | Availability: Stock info unavailable
- [Color: Taupe / Delivery: White Glove (Installation) - $275 / Warranty: 2 Year Extended(Parts/Labor) - $349.95] => Total Price: $15623.95 | Availability: Stock info unavailable",14999.0,Massage Chair,Kanji
side-tabledarkbrown,"Product Name: Side Table(Darkbrown)
Description: <!-- .section-content{margin-left:auto;margin-right:auto;max-width:980px;} .section-wrapper{justify-content:space-between} .feature-row:after { content: """"; display: table; clear: both; } .head-text-midium{ font-size: 25px; font-weight: 600; padding: 10px; } .head-text-large{ font-size: 30px; font-weight: 600; } .body-text-1{ font-size: 16px; margin: 50px 30px 0 0; } .body-text-2{ font-size: 12px; } .body-text-1{ font-size: 16px; } .body-text-3{ font-size: 16px; } .feature-row-4 { display:flex; flex-wrap:wrap; } .feature-row-4 > * { width:100%; padding:1rem; } .feature-row-5{ display:flex; flex-wrap:wrap; } .feature-row-5 > * { width:100%; padding:1rem; } .feature-row-6{ display:flex; flex-wrap:wrap; } .feature-row-6 > * { width:100%; } .feature-row-7{ display:flex; flex-wrap:wrap; padding-top:30px; padding-right: 30px; } .feature-row-7 > *:nth-child(1) { width:20%; } .feature-row-7 > *:nth-child(2) { width:80%; } .feature-row-8{ display:flex; flex-wrap:wrap; } .feature-row-8 > * { width:25%; padding:1rem; } .feature-row-8 img{ width:130px; height: auto; margin-left: auto; margin-right: auto; } .feature-row-9{ display:flex; flex-wrap:wrap; } .feature-row-9 > * { width:25%; padding:1rem; } .feature-row-9 img{ width:200px; height: auto; margin-left: auto; margin-right: auto; } .img-midium{ width: 70%; height: auto; margin-left: auto; margin-right: auto; } .img-midium-2{ width: 50%; height: auto; margin-left: auto; margin-right: auto; } .img-small{ width:60px; height: auto; } .img-shadow{ -webkit-box-shadow: -15px 15px 0px #699d6f; border-radius:0px; } .color-brown{color:#855b49;} .color-blue{color: #3a577b;} .color-red{color:#d5432a;} .color-grey{color: #888889;} .color-pink{color:#dd618f;} .color-marho{color: #815e38;} .color-green{color: #64936e;} .pad-top-50{padding-top:50px;} .pad-top-30{padding-top:30px;} .pad-top-10{padding-top:10px;} .pad-bot-50{padding-bottom: 50px;} .pad-bot-30{padding-bottom: 30px;} .pad-bot-10{padding-bottom: 10px;} .pad-bot-15{padding-bottom: 15px;} .pad-left-10{padding-left: 10px;} .pad-left-15{padding-left: 15px;} .pad-left-30{padding-left: 30px;} .pad-right-30{padding-right: 30px;} .pad-1r{padding: 1rem;} .pad-10{padding: 10px;} .pad-20{padding: 20px;} .pad-30{padding: 30px;} .mar-top-50{margin-top: 50px;} .mar-bot-50{margin-bottom: 50px;} .mar-top-30{margin-top: 30px;} .mar-bot-30{margin-bottom: 30px;} .mar-right-30{margin-right: 30px;} .mar-left-30{margin-left: 30px;} .mar-auto{margin: auto;} .bag-color-grey{background-color: #dbdbdb;} .sub-text{ font-size:17px; font-weight: 600; } .head-demen{ font-size: 30px; font-weight: 600; text-align: center; } .head-text-pad{ padding:10px 30px; } .body-text-pad{ padding:10px 30px; } /*----------------------------------------------- .media-scroller{ --spacer:10px; display: grid; gap: var(--spacer); grid-auto-flow: column; grid-auto-columns: 19%; padding: 0 var(--spacer) var(--spacer); overscroll-behavior-inline:contain; } .media-element{ display: grid; grid-template-rows: min-content; gap:var(--spacer); padding: var(--spacer); } .media-element img{ width:130px; height: auto; margin-left: auto; margin-right: auto; } */ .bor-left{border-left: 2px solid #d1d1d1;} .cap-title{ text-align: center; font-size: 14px; font-weight: 600; } .color-title{ text-align: center; font-size: 16px; font-weight: 400; } /*-----------------------------------------------*/ @media (min-width:768px) { .feature-row-4 > *:nth-child(1) { width:50%; } .feature-row-4 > *:nth-child(2) { width:50%; order:-1; } .feature-row-5 > * { width:50%; } .feature-row-6 > *:nth-child(1) { width:40%; } .feature-row-6 > *:nth-child(2) { width:60%; } .feature-row-7{ padding-top:0px; } .feature-row-7 > *:nth-child(1) { width:15%; } .feature-row-7 > *:nth-child(2) { width:85%; } } @media screen and (max-width: 800px) { .body-text-1{ margin: 30px 0 0 0; } .body-text-2{ margin-right: 0px; } .head-text-long{ margin-top:-10px; } .head-text-midium{ font-size: 20px; } .img-small{ width:80px; height: auto; } .feature-row-8{ display:flex; flex-wrap:wrap; } .feature-row-8 > * { width:25%; padding:5px; /*margin-left: auto; margin-right: auto;*/ } .feature-row-8 img{ width:50px; height: auto; margin-left: auto; margin-right: auto; } .feature-row-9{ display:flex; flex-wrap:wrap; } .feature-row-9 > * { width:50%; padding:5px; /*margin-left: auto; margin-right: auto;*/ } .feature-row-9 img{ width:150px; height: auto; margin-left: auto; margin-right: auto; } .cap-title{ text-align: center; font-size: 9px; font-weight: 600; } .head-text-pad{ padding:30px 0 10px 0; } .body-text-pad{ padding:10px 0; } } --> Color-Stay Tech Weather Resistant Low Maintenance 20-Year Warranty Made Out of Recycled Materials Our Adirondack Side Table is made out of High Density Polyethylene (HDPE) , which are recycled plastic that are made mainly from post-consumer products. The HDPE material is also recycleable at the end of its life, making the chair eco-friendly. Weather Resistant Created to withstand various weather conditions such as rain, wind, sun, and extreme temperatures without getting deteriorating in quality. The screws in the chair are made out of 304 Stainless Steel, which ensure weather-resistant and waterproof. Color-Stay Tech UV inhibitors, stabilizers, and light stable pigments protect our lumber from harmful environmental degradation. 20-Year Warranty Guarantees any repairments or replacements of any defects or malfunctions that may arixe in the chair during the 20-year period from the date of purchase. ** Guarantees any repairments or replacements of any defects or malfunctions that may arixe in the chair during the 20-year period from the date of purchase. Low Maintenance Requires minimal upkeep and care to keep it in good ondition without requiring frequent repairs. Designed to be easy to clean. White Mahogany Dark Brown Grey Dimensions
[Available Options & Prices]
- [Color: Darkbrown] => Total Price: $69.0 | Availability: Stock info unavailable
- [Color: White] => Total Price: $69.0 | Availability: Stock info unavailable
- [Color: Grey] => Total Price: $69.0 | Availability: Stock info unavailable
- [Color: Mahogany] => Total Price: $69.0 | Availability: Stock info unavailable",69.0,Package,Durapatio
side-tablegrey,"Product Name: Side Table(Grey)
Description: <!-- .section-content{margin-left:auto;margin-right:auto;max-width:980px;} .section-wrapper{justify-content:space-between} .feature-row:after { content: """"; display: table; clear: both; } .head-text-midium{ font-size: 25px; font-weight: 600; padding: 10px; } .head-text-large{ font-size: 30px; font-weight: 600; } .body-text-1{ font-size: 16px; margin: 50px 30px 0 0; } .body-text-2{ font-size: 12px; } .body-text-1{ font-size: 16px; } .body-text-3{ font-size: 16px; } .feature-row-4 { display:flex; flex-wrap:wrap; } .feature-row-4 > * { width:100%; padding:1rem; } .feature-row-5{ display:flex; flex-wrap:wrap; } .feature-row-5 > * { width:100%; padding:1rem; } .feature-row-6{ display:flex; flex-wrap:wrap; } .feature-row-6 > * { width:100%; } .feature-row-7{ display:flex; flex-wrap:wrap; padding-top:30px; padding-right: 30px; } .feature-row-7 > *:nth-child(1) { width:20%; } .feature-row-7 > *:nth-child(2) { width:80%; } .feature-row-8{ display:flex; flex-wrap:wrap; } .feature-row-8 > * { width:25%; padding:1rem; } .feature-row-8 img{ width:130px; height: auto; margin-left: auto; margin-right: auto; } .feature-row-9{ display:flex; flex-wrap:wrap; } .feature-row-9 > * { width:25%; padding:1rem; } .feature-row-9 img{ width:200px; height: auto; margin-left: auto; margin-right: auto; } .img-midium{ width: 70%; height: auto; margin-left: auto; margin-right: auto; } .img-midium-2{ width: 50%; height: auto; margin-left: auto; margin-right: auto; } .img-small{ width:60px; height: auto; } .img-shadow{ -webkit-box-shadow: -15px 15px 0px #699d6f; border-radius:0px; } .color-brown{color:#855b49;} .color-blue{color: #3a577b;} .color-red{color:#d5432a;} .color-grey{color: #888889;} .color-pink{color:#dd618f;} .color-marho{color: #815e38;} .color-green{color: #64936e;} .pad-top-50{padding-top:50px;} .pad-top-30{padding-top:30px;} .pad-top-10{padding-top:10px;} .pad-bot-50{padding-bottom: 50px;} .pad-bot-30{padding-bottom: 30px;} .pad-bot-10{padding-bottom: 10px;} .pad-bot-15{padding-bottom: 15px;} .pad-left-10{padding-left: 10px;} .pad-left-15{padding-left: 15px;} .pad-left-30{padding-left: 30px;} .pad-right-30{padding-right: 30px;} .pad-1r{padding: 1rem;} .pad-10{padding: 10px;} .pad-20{padding: 20px;} .pad-30{padding: 30px;} .mar-top-50{margin-top: 50px;} .mar-bot-50{margin-bottom: 50px;} .mar-top-30{margin-top: 30px;} .mar-bot-30{margin-bottom: 30px;} .mar-right-30{margin-right: 30px;} .mar-left-30{margin-left: 30px;} .mar-auto{margin: auto;} .bag-color-grey{background-color: #dbdbdb;} .sub-text{ font-size:17px; font-weight: 600; } .head-demen{ font-size: 30px; font-weight: 600; text-align: center; } .head-text-pad{ padding:10px 30px; } .body-text-pad{ padding:10px 30px; } /*----------------------------------------------- .media-scroller{ --spacer:10px; display: grid; gap: var(--spacer); grid-auto-flow: column; grid-auto-columns: 19%; padding: 0 var(--spacer) var(--spacer); overscroll-behavior-inline:contain; } .media-element{ display: grid; grid-template-rows: min-content; gap:var(--spacer); padding: var(--spacer); } .media-element img{ width:130px; height: auto; margin-left: auto; margin-right: auto; } */ .bor-left{border-left: 2px solid #d1d1d1;} .cap-title{ text-align: center; font-size: 14px; font-weight: 600; } .color-title{ text-align: center; font-size: 16px; font-weight: 400; } /*-----------------------------------------------*/ @media (min-width:768px) { .feature-row-4 > *:nth-child(1) { width:50%; } .feature-row-4 > *:nth-child(2) { width:50%; order:-1; } .feature-row-5 > * { width:50%; } .feature-row-6 > *:nth-child(1) { width:40%; } .feature-row-6 > *:nth-child(2) { width:60%; } .feature-row-7{ padding-top:0px; } .feature-row-7 > *:nth-child(1) { width:15%; } .feature-row-7 > *:nth-child(2) { width:85%; } } @media screen and (max-width: 800px) { .body-text-1{ margin: 30px 0 0 0; } .body-text-2{ margin-right: 0px; } .head-text-long{ margin-top:-10px; } .head-text-midium{ font-size: 20px; } .img-small{ width:80px; height: auto; } .feature-row-8{ display:flex; flex-wrap:wrap; } .feature-row-8 > * { width:25%; padding:5px; /*margin-left: auto; margin-right: auto;*/ } .feature-row-8 img{ width:50px; height: auto; margin-left: auto; margin-right: auto; } .feature-row-9{ display:flex; flex-wrap:wrap; } .feature-row-9 > * { width:50%; padding:5px; /*margin-left: auto; margin-right: auto;*/ } .feature-row-9 img{ width:150px; height: auto; margin-left: auto; margin-right: auto; } .cap-title{ text-align: center; font-size: 9px; font-weight: 600; } .head-text-pad{ padding:30px 0 10px 0; } .body-text-pad{ padding:10px 0; } } --> Color-Stay Tech Weather Resistant Low Maintenance 20-Year Warranty Made Out of Recycled Materials Our Adirondack Side Table is made out of High Density Polyethylene (HDPE) , which are recycled plastic that are made mainly from post-consumer products. The HDPE material is also recycleable at the end of its life, making the chair eco-friendly. Weather Resistant Created to withstand various weather conditions such as rain, wind, sun, and extreme temperatures without getting deteriorating in quality. The screws in the chair are made out of 304 Stainless Steel, which ensure weather-resistant and waterproof. Color-Stay Tech UV inhibitors, stabilizers, and light stable pigments protect our lumber from harmful environmental degradation. 20-Year Warranty Guarantees any repairments or replacements of any defects or malfunctions that may arixe in the chair during the 20-year period from the date of purchase. ** Guarantees any repairments or replacements of any defects or malfunctions that may arixe in the chair during the 20-year period from the date of purchase. Low Maintenance Requires minimal upkeep and care to keep it in good ondition without requiring frequent repairs. Designed to be easy to clean. White Mahogany Dark Brown Grey Dimensions
[Available Options & Prices]
- [Color: Grey] => Total Price: $69.0 | Availability: Stock info unavailable
- [Color: Mahogany] => Total Price: $69.0 | Availability: Stock info unavailable
- [Color: Darkbrown] => Total Price: $69.0 | Availability: Stock info unavailable
- [Color: White] => Total Price: $69.0 | Availability: Stock info unavailable",69.0,Package,Durapatio
side-tablemahogany,"Product Name: Side Table(Mahogany)
Description: <!-- .section-content{margin-left:auto;margin-right:auto;max-width:980px;} .section-wrapper{justify-content:space-between} .feature-row:after { content: """"; display: table; clear: both; } .head-text-midium{ font-size: 25px; font-weight: 600; padding: 10px; } .head-text-large{ font-size: 30px; font-weight: 600; } .body-text-1{ font-size: 16px; margin: 50px 30px 0 0; } .body-text-2{ font-size: 12px; } .body-text-1{ font-size: 16px; } .body-text-3{ font-size: 16px; } .feature-row-4 { display:flex; flex-wrap:wrap; } .feature-row-4 > * { width:100%; padding:1rem; } .feature-row-5{ display:flex; flex-wrap:wrap; } .feature-row-5 > * { width:100%; padding:1rem; } .feature-row-6{ display:flex; flex-wrap:wrap; } .feature-row-6 > * { width:100%; } .feature-row-7{ display:flex; flex-wrap:wrap; padding-top:30px; padding-right: 30px; } .feature-row-7 > *:nth-child(1) { width:20%; } .feature-row-7 > *:nth-child(2) { width:80%; } .feature-row-8{ display:flex; flex-wrap:wrap; } .feature-row-8 > * { width:25%; padding:1rem; } .feature-row-8 img{ width:130px; height: auto; margin-left: auto; margin-right: auto; } .feature-row-9{ display:flex; flex-wrap:wrap; } .feature-row-9 > * { width:25%; padding:1rem; } .feature-row-9 img{ width:200px; height: auto; margin-left: auto; margin-right: auto; } .img-midium{ width: 70%; height: auto; margin-left: auto; margin-right: auto; } .img-midium-2{ width: 50%; height: auto; margin-left: auto; margin-right: auto; } .img-small{ width:60px; height: auto; } .img-shadow{ -webkit-box-shadow: -15px 15px 0px #699d6f; border-radius:0px; } .color-brown{color:#855b49;} .color-blue{color: #3a577b;} .color-red{color:#d5432a;} .color-grey{color: #888889;} .color-pink{color:#dd618f;} .color-marho{color: #815e38;} .color-green{color: #64936e;} .pad-top-50{padding-top:50px;} .pad-top-30{padding-top:30px;} .pad-top-10{padding-top:10px;} .pad-bot-50{padding-bottom: 50px;} .pad-bot-30{padding-bottom: 30px;} .pad-bot-10{padding-bottom: 10px;} .pad-bot-15{padding-bottom: 15px;} .pad-left-10{padding-left: 10px;} .pad-left-15{padding-left: 15px;} .pad-left-30{padding-left: 30px;} .pad-right-30{padding-right: 30px;} .pad-1r{padding: 1rem;} .pad-10{padding: 10px;} .pad-20{padding: 20px;} .pad-30{padding: 30px;} .mar-top-50{margin-top: 50px;} .mar-bot-50{margin-bottom: 50px;} .mar-top-30{margin-top: 30px;} .mar-bot-30{margin-bottom: 30px;} .mar-right-30{margin-right: 30px;} .mar-left-30{margin-left: 30px;} .mar-auto{margin: auto;} .bag-color-grey{background-color: #dbdbdb;} .sub-text{ font-size:17px; font-weight: 600; } .head-demen{ font-size: 30px; font-weight: 600; text-align: center; } .head-text-pad{ padding:10px 30px; } .body-text-pad{ padding:10px 30px; } /*----------------------------------------------- .media-scroller{ --spacer:10px; display: grid; gap: var(--spacer); grid-auto-flow: column; grid-auto-columns: 19%; padding: 0 var(--spacer) var(--spacer); overscroll-behavior-inline:contain; } .media-element{ display: grid; grid-template-rows: min-content; gap:var(--spacer); padding: var(--spacer); } .media-element img{ width:130px; height: auto; margin-left: auto; margin-right: auto; } */ .bor-left{border-left: 2px solid #d1d1d1;} .cap-title{ text-align: center; font-size: 14px; font-weight: 600; } .color-title{ text-align: center; font-size: 16px; font-weight: 400; } /*-----------------------------------------------*/ @media (min-width:768px) { .feature-row-4 > *:nth-child(1) { width:50%; } .feature-row-4 > *:nth-child(2) { width:50%; order:-1; } .feature-row-5 > * { width:50%; } .feature-row-6 > *:nth-child(1) { width:40%; } .feature-row-6 > *:nth-child(2) { width:60%; } .feature-row-7{ padding-top:0px; } .feature-row-7 > *:nth-child(1) { width:15%; } .feature-row-7 > *:nth-child(2) { width:85%; } } @media screen and (max-width: 800px) { .body-text-1{ margin: 30px 0 0 0; } .body-text-2{ margin-right: 0px; } .head-text-long{ margin-top:-10px; } .head-text-midium{ font-size: 20px; } .img-small{ width:80px; height: auto; } .feature-row-8{ display:flex; flex-wrap:wrap; } .feature-row-8 > * { width:25%; padding:5px; /*margin-left: auto; margin-right: auto;*/ } .feature-row-8 img{ width:50px; height: auto; margin-left: auto; margin-right: auto; } .feature-row-9{ display:flex; flex-wrap:wrap; } .feature-row-9 > * { width:50%; padding:5px; /*margin-left: auto; margin-right: auto;*/ } .feature-row-9 img{ width:150px; height: auto; margin-left: auto; margin-right: auto; } .cap-title{ text-align: center; font-size: 9px; font-weight: 600; } .head-text-pad{ padding:30px 0 10px 0; } .body-text-pad{ padding:10px 0; } } --> Color-Stay Tech Weather Resistant Low Maintenance 20-Year Warranty Made Out of Recycled Materials Our Adirondack Side Table is made out of High Density Polyethylene (HDPE) , which are recycled plastic that are made mainly from post-consumer products. The HDPE material is also recycleable at the end of its life, making the chair eco-friendly. Weather Resistant Created to withstand various weather conditions such as rain, wind, sun, and extreme temperatures without getting deteriorating in quality. The screws in the chair are made out of 304 Stainless Steel, which ensure weather-resistant and waterproof. Color-Stay Tech UV inhibitors, stabilizers, and light stable pigments protect our lumber from harmful environmental degradation. 20-Year Warranty Guarantees any repairments or replacements of any defects or malfunctions that may arixe in the chair during the 20-year period from the date of purchase. ** Guarantees any repairments or replacements of any defects or malfunctions that may arixe in the chair during the 20-year period from the date of purchase. Low Maintenance Requires minimal upkeep and care to keep it in good ondition without requiring frequent repairs. Designed to be easy to clean. White Mahogany Dark Brown Grey Dimensions
[Available Options & Prices]
- [Color: Mahogany] => Total Price: $69.0 | Availability: Stock info unavailable
- [Color: Grey] => Total Price: $69.0 | Availability: Stock info unavailable
- [Color: White] => Total Price: $69.0 | Availability: Stock info unavailable
- [Color: Darkbrown] => Total Price: $69.0 | Availability: Stock info unavailable",69.0,Package,Durapatio
tesoro-3d,"Product Name: Tesoro 3D
Description: 3D Massage Mechanism 3 Stage Zero Gravity SL Track Space Saving Technology 30-Cell Full Body Air Massage Lumbar &amp; Heat Therapy 12 Auto Massage Programs 6 Manual Programs Specialized &amp; Foot Rollers Spring-Loaded Extendable Footrest Bluetooth Speakers const externalURL = ""https://ota-shawn.github.io/Products/Titan/Tesoro.html""; $(""#externalURL"").load(externalURL, () => { $(""#externalURL"").contents().unwrap(); });
[Available Options & Prices]
- [Color: Black / Delivery: Curbside - Free / Warranty: 1 Year (Parts/Labor) 2&3 Year (Parts Only) - Free] => Total Price: $5499.0 | Availability: Stock info unavailable
- [Color: Black / Delivery: Curbside - Free / Warranty: 1 Year Extended (Parts/Labor) - $249.95] => Total Price: $5748.95 | Availability: Stock info unavailable
- [Color: Black / Delivery: Curbside - Free / Warranty: 2 Year Extended (Parts/Labor) - $349.95] => Total Price: $5848.95 | Availability: Stock info unavailable
- [Color: Black / Delivery: White Glove - $275 / Warranty: 1 Year (Parts/Labor) 2&3 Year (Parts Only) - Free] => Total Price: $5774.0 | Availability: Stock info unavailable
- [Color: Black / Delivery: White Glove - $275 / Warranty: 1 Year Extended (Parts/Labor) - $249.95] => Total Price: $6023.95 | Availability: Stock info unavailable
- [Color: Black / Delivery: White Glove - $275 / Warranty: 2 Year Extended (Parts/Labor) - $349.95] => Total Price: $6123.95 | Availability: Stock info unavailable
- [Color: Taupe / Delivery: Curbside - Free / Warranty: 1 Year (Parts/Labor) 2&3 Year (Parts Only) - Free] => Total Price: $5499.0 | Availability: Stock info unavailable
- [Color: Taupe / Delivery: Curbside - Free / Warranty: 1 Year Extended (Parts/Labor) - $249.95] => Total Price: $5748.95 | Availability: Stock info unavailable
- [Color: Taupe / Delivery: Curbside - Free / Warranty: 2 Year Extended (Parts/Labor) - $349.95] => Total Price: $5848.95 | Availability: Stock info unavailable
- [Color: Taupe / Delivery: White Glove - $275 / Warranty: 1 Year (Parts/Labor) 2&3 Year (Parts Only) - Free] => Total Price: $5774.0 | Availability: Stock info unavailable
- [Color: Taupe / Delivery: White Glove - $275 / Warranty: 1 Year Extended (Parts/Labor) - $249.95] => Total Price: $6023.95 | Availability: Stock info unavailable
- [Color: Taupe / Delivery: White Glove - $275 / Warranty: 2 Year Extended (Parts/Labor) - $349.95] => Total Price: $6123.95 | Availability: Stock info unavailable",5499.0,Massage Chair,Titan
therabed-v2,"Product Name: Therabed V2
Description: 3D Massage Mechanism Intelligent Voice Control Height Adjustments Calf &amp; Feet Air Compression Heating Therapy 16 Auto Massage Modes 6 Manual Massage Modes 6 Manual Programs const externalURL = ""https://ota-shawn.github.io/Products/Others/Therabed%20V2.html"" $(""#externalURL"").load(externalURL, () => { $(""#externalURL"").contents().unwrap() })
[Available Options & Prices]
- [Color: Taupe / Delivery: Curbside Delivery - Free / Warranty: 1 Year(Parts/Labor) 2&3 Year(Parts Only) - Free] => Total Price: $3999.0 | Availability: Stock info unavailable
- [Color: Taupe / Delivery: Curbside Delivery - Free / Warranty: 1 Year Extended(Parts/Labor) - $249.95] => Total Price: $4248.95 | Availability: Stock info unavailable
- [Color: Taupe / Delivery: Curbside Delivery - Free / Warranty: 2 Year Extended(Parts/Labor) - $349.95] => Total Price: $4348.95 | Availability: Stock info unavailable
- [Color: Taupe / Delivery: White Glove Delivery (Installation)- $275 / Warranty: 1 Year(Parts/Labor) 2&3 Year(Parts Only) - Free] => Total Price: $4274.0 | Availability: Stock info unavailable
- [Color: Taupe / Delivery: White Glove Delivery (Installation)- $275 / Warranty: 1 Year Extended(Parts/Labor) - $249.95] => Total Price: $4523.95 | Availability: Stock info unavailable
- [Color: Taupe / Delivery: White Glove Delivery (Installation)- $275 / Warranty: 2 Year Extended(Parts/Labor) - $349.95] => Total Price: $4623.95 | Availability: Stock info unavailable",3999.0,Massage Bed,Osaki
ti-h7,"Product Name: Ti-H7
Description: 8 Fixed Massage Rollers Heated Therapy 20 Cell Full Body Air Massage 2-Stage Zero Gravity Space-Saving Technology Spring-Loaded Extendable Footrest Built-In Bluetooth Speakers Convenient USB Port Shortcut Panels Tablet Remote const externalURL = ""https://ota-shawn.github.io/Products/Titan/Ti-H7.html"" $(""#externalURL"").load(externalURL, () => { $(""#externalURL"").contents().unwrap() })
[Available Options & Prices]
- [Color: Black / Delivery: Curbside Delivery - Free / Warranty: 1 Year(Part/Labor) 2&3 Year(Parts Only) - Free] => Total Price: $1499.0 | Availability: Stock info unavailable
- [Color: Black / Delivery: Curbside Delivery - Free / Warranty: 1 Year Extended(Parts/Labor) - $249.95] => Total Price: $1748.95 | Availability: Stock info unavailable
- [Color: Black / Delivery: Curbside Delivery - Free / Warranty: 2 Year Extended(Parts/Labor) - $349.95] => Total Price: $1848.95 | Availability: Stock info unavailable
- [Color: Black / Delivery: White Glove Delivery (Installation) - $275 / Warranty: 1 Year(Part/Labor) 2&3 Year(Parts Only) - Free] => Total Price: $1774.0 | Availability: Stock info unavailable
- [Color: Black / Delivery: White Glove Delivery (Installation) - $275 / Warranty: 1 Year Extended(Parts/Labor) - $249.95] => Total Price: $2023.95 | Availability: Stock info unavailable
- [Color: Black / Delivery: White Glove Delivery (Installation) - $275 / Warranty: 2 Year Extended(Parts/Labor) - $349.95] => Total Price: $2123.95 | Availability: Stock info unavailable
- [Color: Brown / Delivery: Curbside Delivery - Free / Warranty: 1 Year(Part/Labor) 2&3 Year(Parts Only) - Free] => Total Price: $1499.0 | Availability: Stock info unavailable
- [Color: Brown / Delivery: Curbside Delivery - Free / Warranty: 1 Year Extended(Parts/Labor) - $249.95] => Total Price: $1748.95 | Availability: Stock info unavailable
- [Color: Brown / Delivery: Curbside Delivery - Free / Warranty: 2 Year Extended(Parts/Labor) - $349.95] => Total Price: $1848.95 | Availability: Stock info unavailable
- [Color: Brown / Delivery: White Glove Delivery (Installation) - $275 / Warranty: 1 Year(Part/Labor) 2&3 Year(Parts Only) - Free] => Total Price: $1774.0 | Availability: Stock info unavailable
- [Color: Brown / Delivery: White Glove Delivery (Installation) - $275 / Warranty: 1 Year Extended(Parts/Labor) - $249.95] => Total Price: $2023.95 | Availability: Stock info unavailable
- [Color: Brown / Delivery: White Glove Delivery (Installation) - $275 / Warranty: 2 Year Extended(Parts/Labor) - $349.95] => Total Price: $2123.95 | Availability: Stock info unavailable",1499.0,Massage Chair,Titan
ti-regal,"Product Name: Ti-Regal
Description: 8 Fixed Massage Rollers Heated Therapy 20 Cell Full Body Air Massage 2-Stage Zero Gravity Space-Saving Technology Spring-Loaded Extendable Footrest Built-In Bluetooth Speakers Convenient USB Port Shortcut Panels Tablet Remote const externalURL = ""https://ota-shawn.github.io/Products/Titan/Ti-Regal.html"" $(""#externalURL"").load(externalURL, () => { $(""#externalURL"").contents().unwrap() })
[Available Options & Prices]
- [Color: Grey / Delivery: Curbside Delivery - Free / Warranty: 1 Year (Parts/Labor) 2&3 Year (Parts Only) - Free] => Total Price: $2999.0 | Availability: Stock info unavailable
- [Color: Grey / Delivery: Curbside Delivery - Free / Warranty: 1 Year Extended (Parts/Labor) - $249.95] => Total Price: $3248.95 | Availability: Stock info unavailable
- [Color: Grey / Delivery: Curbside Delivery - Free / Warranty: 2 Year Extended (Parts/Labor) - $349.95] => Total Price: $3348.95 | Availability: Stock info unavailable
- [Color: Grey / Delivery: White Glove Delivery - $275 / Warranty: 1 Year (Parts/Labor) 2&3 Year (Parts Only) - Free] => Total Price: $3274.0 | Availability: Stock info unavailable
- [Color: Grey / Delivery: White Glove Delivery - $275 / Warranty: 1 Year Extended (Parts/Labor) - $249.95] => Total Price: $3523.95 | Availability: Stock info unavailable
- [Color: Grey / Delivery: White Glove Delivery - $275 / Warranty: 2 Year Extended (Parts/Labor) - $349.95] => Total Price: $3623.95 | Availability: Stock info unavailable
- [Color: Black / Delivery: Curbside Delivery - Free / Warranty: 1 Year (Parts/Labor) 2&3 Year (Parts Only) - Free] => Total Price: $2999.0 | Availability: Stock info unavailable
- [Color: Black / Delivery: Curbside Delivery - Free / Warranty: 1 Year Extended (Parts/Labor) - $249.95] => Total Price: $3248.95 | Availability: Stock info unavailable
- [Color: Black / Delivery: Curbside Delivery - Free / Warranty: 2 Year Extended (Parts/Labor) - $349.95] => Total Price: $3348.95 | Availability: Stock info unavailable
- [Color: Black / Delivery: White Glove Delivery - $275 / Warranty: 1 Year (Parts/Labor) 2&3 Year (Parts Only) - Free] => Total Price: $3274.0 | Availability: Stock info unavailable
- [Color: Black / Delivery: White Glove Delivery - $275 / Warranty: 1 Year Extended (Parts/Labor) - $249.95] => Total Price: $3523.95 | Availability: Stock info unavailable
- [Color: Black / Delivery: White Glove Delivery - $275 / Warranty: 2 Year Extended (Parts/Labor) - $349.95] => Total Price: $3623.95 | Availability: Stock info unavailable
- [Color: Brown / Delivery: Curbside Delivery - Free / Warranty: 1 Year (Parts/Labor) 2&3 Year (Parts Only) - Free] => Total Price: $2999.0 | Availability: Stock info unavailable
- [Color: Brown / Delivery: Curbside Delivery - Free / Warranty: 1 Year Extended (Parts/Labor) - $249.95] => Total Price: $3248.95 | Availability: Stock info unavailable
- [Color: Brown / Delivery: Curbside Delivery - Free / Warranty: 2 Year Extended (Parts/Labor) - $349.95] => Total Price: $3348.95 | Availability: Stock info unavailable
- [Color: Brown / Delivery: White Glove Delivery - $275 / Warranty: 1 Year (Parts/Labor) 2&3 Year (Parts Only) - Free] => Total Price: $3274.0 | Availability: Stock info unavailable
- [Color: Brown / Delivery: White Glove Delivery - $275 / Warranty: 1 Year Extended (Parts/Labor) - $249.95] => Total Price: $3523.95 | Availability: Stock info unavailable
- [Color: Brown / Delivery: White Glove Delivery - $275 / Warranty: 2 Year Extended (Parts/Labor) - $349.95] => Total Price: $3623.95 | Availability: Stock info unavailable",2999.0,Massage Chair,Titan
ti-royale,"Product Name: Ti-Royale
Description: 8 Fixed Massage Rollers Heated Therapy 20 Cell Full Body Air Massage 2-Stage Zero Gravity Space-Saving Technology Spring-Loaded Extendable Footrest Built-In Bluetooth Speakers Convenient USB Port Shortcut Panels Tablet Remote const externalURL = ""https://ota-shawn.github.io/Products/Titan/Ti-Royale.html"" $(""#externalURL"").load(externalURL, () => { $(""#externalURL"").contents().unwrap() })
[Available Options & Prices]
- [Color: Black / Delivery: Curbside Delivery - Free / Warranty: 1 Year (Parts/Labor) 2&3 Year (Parts Only) - Free] => Total Price: $2499.0 | Availability: Stock info unavailable
- [Color: Black / Delivery: Curbside Delivery - Free / Warranty: 1 Year Extended (Parts/Labor) - $249.95] => Total Price: $2748.95 | Availability: Stock info unavailable
- [Color: Black / Delivery: Curbside Delivery - Free / Warranty: 2 Year Extended (Parts/Labor) - $349.95] => Total Price: $2848.95 | Availability: Stock info unavailable
- [Color: Black / Delivery: White Glove Delivery - $275 / Warranty: 1 Year (Parts/Labor) 2&3 Year (Parts Only) - Free] => Total Price: $2774.0 | Availability: Stock info unavailable
- [Color: Black / Delivery: White Glove Delivery - $275 / Warranty: 1 Year Extended (Parts/Labor) - $249.95] => Total Price: $3023.95 | Availability: Stock info unavailable
- [Color: Black / Delivery: White Glove Delivery - $275 / Warranty: 2 Year Extended (Parts/Labor) - $349.95] => Total Price: $3123.95 | Availability: Stock info unavailable
- [Color: Brown / Delivery: Curbside Delivery - Free / Warranty: 1 Year (Parts/Labor) 2&3 Year (Parts Only) - Free] => Total Price: $2499.0 | Availability: Stock info unavailable
- [Color: Brown / Delivery: Curbside Delivery - Free / Warranty: 1 Year Extended (Parts/Labor) - $249.95] => Total Price: $2748.95 | Availability: Stock info unavailable
- [Color: Brown / Delivery: Curbside Delivery - Free / Warranty: 2 Year Extended (Parts/Labor) - $349.95] => Total Price: $2848.95 | Availability: Stock info unavailable
- [Color: Brown / Delivery: White Glove Delivery - $275 / Warranty: 1 Year (Parts/Labor) 2&3 Year (Parts Only) - Free] => Total Price: $2774.0 | Availability: Stock info unavailable
- [Color: Brown / Delivery: White Glove Delivery - $275 / Warranty: 1 Year Extended (Parts/Labor) - $249.95] => Total Price: $3023.95 | Availability: Stock info unavailable
- [Color: Brown / Delivery: White Glove Delivery - $275 / Warranty: 2 Year Extended (Parts/Labor) - $349.95] => Total Price: $3123.95 | Availability: Stock info unavailable",2499.0,Massage Chair,Titan
titan-3d-prestige,"Product Name: Titan 3D Prestige
Description: 3D Massage Mechanism Computer Body Scan System SL-Track Full Body Compression Massage 6 Auto Programs &amp; 6 Massage Styles Lumbar Heat Therapy Zero Gravity Reclining Space Saving Technology Extendable Footrest Surround Sound Bluetooth Speakers const externalURL = ""https://ota-shawn.github.io/Products/Titan/Titan%20Pro-Prestige%203D.html""; $(""#externalURL"").load(externalURL, () => { $(""#externalURL"").contents().unwrap(); });
[Available Options & Prices]
- [Color: Black / Delivery: Curbside Delivery - Free / Warranty: 1 Year(Parts/Labor) 2&3 Year(Parts Only) - Free] => Total Price: $4999.0 | Availability: Stock info unavailable
- [Color: Black / Delivery: Curbside Delivery - Free / Warranty: 1 Year Extended(Parts/Labor) - $249.95] => Total Price: $5248.95 | Availability: Stock info unavailable
- [Color: Black / Delivery: Curbside Delivery - Free / Warranty: 2 Year Extended(Parts/Labor) - $349.95] => Total Price: $5348.95 | Availability: Stock info unavailable
- [Color: Black / Delivery: White Glove Delivery - $275 / Warranty: 1 Year(Parts/Labor) 2&3 Year(Parts Only) - Free] => Total Price: $5274.0 | Availability: Stock info unavailable
- [Color: Black / Delivery: White Glove Delivery - $275 / Warranty: 1 Year Extended(Parts/Labor) - $249.95] => Total Price: $5523.95 | Availability: Stock info unavailable
- [Color: Black / Delivery: White Glove Delivery - $275 / Warranty: 2 Year Extended(Parts/Labor) - $349.95] => Total Price: $5623.95 | Availability: Stock info unavailable
- [Color: Brown / Delivery: Curbside Delivery - Free / Warranty: 1 Year(Parts/Labor) 2&3 Year(Parts Only) - Free] => Total Price: $4999.0 | Availability: Stock info unavailable
- [Color: Brown / Delivery: Curbside Delivery - Free / Warranty: 1 Year Extended(Parts/Labor) - $249.95] => Total Price: $5248.95 | Availability: Stock info unavailable
- [Color: Brown / Delivery: Curbside Delivery - Free / Warranty: 2 Year Extended(Parts/Labor) - $349.95] => Total Price: $5348.95 | Availability: Stock info unavailable
- [Color: Brown / Delivery: White Glove Delivery - $275 / Warranty: 1 Year(Parts/Labor) 2&3 Year(Parts Only) - Free] => Total Price: $5274.0 | Availability: Stock info unavailable
- [Color: Brown / Delivery: White Glove Delivery - $275 / Warranty: 1 Year Extended(Parts/Labor) - $249.95] => Total Price: $5523.95 | Availability: Stock info unavailable
- [Color: Brown / Delivery: White Glove Delivery - $275 / Warranty: 2 Year Extended(Parts/Labor) - $349.95] => Total Price: $5623.95 | Availability: Stock info unavailable
- [Color: Taupe / Delivery: Curbside Delivery - Free / Warranty: 1 Year(Parts/Labor) 2&3 Year(Parts Only) - Free] => Total Price: $4999.0 | Availability: Stock info unavailable
- [Color: Taupe / Delivery: Curbside Delivery - Free / Warranty: 1 Year Extended(Parts/Labor) - $249.95] => Total Price: $5248.95 | Availability: Stock info unavailable
- [Color: Taupe / Delivery: Curbside Delivery - Free / Warranty: 2 Year Extended(Parts/Labor) - $349.95] => Total Price: $5348.95 | Availability: Stock info unavailable
- [Color: Taupe / Delivery: White Glove Delivery - $275 / Warranty: 1 Year(Parts/Labor) 2&3 Year(Parts Only) - Free] => Total Price: $5274.0 | Availability: Stock info unavailable
- [Color: Taupe / Delivery: White Glove Delivery - $275 / Warranty: 1 Year Extended(Parts/Labor) - $249.95] => Total Price: $5523.95 | Availability: Stock info unavailable
- [Color: Taupe / Delivery: White Glove Delivery - $275 / Warranty: 2 Year Extended(Parts/Labor) - $349.95] => Total Price: $5623.95 | Availability: Stock info unavailable",4999.0,Massage Chair,Titan
titan-3d-quantum,"Product Name: Titan 3D Quantum
Description: 3D Massage Mechanism Computerized Body Scanning SL-Track 24 Air Cell Full Body Compression 3 Stage Zero Gravity Space Saving Technology 15 Auto Programs &amp; 7 Massage Styles Lumbar &amp; Calf Infrared Heating Extendable Footrest Surround Sound Bluetooth Speakers const externalURL = ""https://ota-shawn.github.io/Products/Titan/Titan%203D%20Quantum.html""; $(""#externalURL"").load(externalURL, () => { $(""#externalURL"").contents().unwrap(); });
[Available Options & Prices]
- [Color: Black / Delivery: Curbside Delivery - Free / Warranty: 1 Year(Parts/Labor) 2&3Year(Parts Only) - Free] => Total Price: $1799.0 | Availability: Stock info unavailable
- [Color: Black / Delivery: Curbside Delivery - Free / Warranty: 1 Year Extended(Parts/Labor) - $249.95] => Total Price: $2048.95 | Availability: Stock info unavailable
- [Color: Black / Delivery: Curbside Delivery - Free / Warranty: 2 Year Extended(Parts/Labor) - $349.95] => Total Price: $2148.95 | Availability: Stock info unavailable
- [Color: Black / Delivery: White Globe Delivery - $275 / Warranty: 1 Year(Parts/Labor) 2&3Year(Parts Only) - Free] => Total Price: $2074.0 | Availability: Stock info unavailable
- [Color: Black / Delivery: White Globe Delivery - $275 / Warranty: 1 Year Extended(Parts/Labor) - $249.95] => Total Price: $2323.95 | Availability: Stock info unavailable
- [Color: Black / Delivery: White Globe Delivery - $275 / Warranty: 2 Year Extended(Parts/Labor) - $349.95] => Total Price: $2423.95 | Availability: Stock info unavailable
- [Color: Brown / Delivery: Curbside Delivery - Free / Warranty: 1 Year(Parts/Labor) 2&3Year(Parts Only) - Free] => Total Price: $1799.0 | Availability: Stock info unavailable
- [Color: Brown / Delivery: Curbside Delivery - Free / Warranty: 1 Year Extended(Parts/Labor) - $249.95] => Total Price: $2048.95 | Availability: Stock info unavailable
- [Color: Brown / Delivery: Curbside Delivery - Free / Warranty: 2 Year Extended(Parts/Labor) - $349.95] => Total Price: $2148.95 | Availability: Stock info unavailable
- [Color: Brown / Delivery: White Globe Delivery - $275 / Warranty: 1 Year(Parts/Labor) 2&3Year(Parts Only) - Free] => Total Price: $2074.0 | Availability: Stock info unavailable
- [Color: Brown / Delivery: White Globe Delivery - $275 / Warranty: 1 Year Extended(Parts/Labor) - $249.95] => Total Price: $2323.95 | Availability: Stock info unavailable
- [Color: Brown / Delivery: White Globe Delivery - $275 / Warranty: 2 Year Extended(Parts/Labor) - $349.95] => Total Price: $2423.95 | Availability: Stock info unavailable
- [Color: Taupe / Delivery: Curbside Delivery - Free / Warranty: 1 Year(Parts/Labor) 2&3Year(Parts Only) - Free] => Total Price: $1799.0 | Availability: Stock info unavailable
- [Color: Taupe / Delivery: Curbside Delivery - Free / Warranty: 1 Year Extended(Parts/Labor) - $249.95] => Total Price: $2048.95 | Availability: Stock info unavailable
- [Color: Taupe / Delivery: Curbside Delivery - Free / Warranty: 2 Year Extended(Parts/Labor) - $349.95] => Total Price: $2148.95 | Availability: Stock info unavailable
- [Color: Taupe / Delivery: White Globe Delivery - $275 / Warranty: 1 Year(Parts/Labor) 2&3Year(Parts Only) - Free] => Total Price: $2074.0 | Availability: Stock info unavailable
- [Color: Taupe / Delivery: White Globe Delivery - $275 / Warranty: 1 Year Extended(Parts/Labor) - $249.95] => Total Price: $2323.95 | Availability: Stock info unavailable
- [Color: Taupe / Delivery: White Globe Delivery - $275 / Warranty: 2 Year Extended(Parts/Labor) - $349.95] => Total Price: $2423.95 | Availability: Stock info unavailable",1799.0,Massage Chair,Titan
titan-4d-ion-rt5653,"Product Name: Titan 4D ION (RT5653)
Description: Health Technology Intelligent Voice Control Rocking Massaging Position Deep Calf Kneading Calf Bumpers 4D Massage Mechanism Body Scan Technology 2-Stage Zero Gravity Reclining SL-Track System Space-Saving Technology 24-Cell Air Compression Massage Lumbar Heat Therapy 22 Auto Massage Programs 6 Manual Modes Specialized Foot Rollers Spring-Loaded Extendable Footrest Emergency Stop Button Vertical 7.5"" Touchscreen Quality Bluetooth Speakers Loading Plantaris Product Detail... (function () { // [핵심 변경] 주소를 ION -> Plantaris로 변경 var baseURL = ""https://RobinChoi00.github.io/Product/ION/""; var v = new Date().getTime(); // 1) CSS 연결 $('head').append(` `); $('head').append(` `); // 2) HTML 가져오기 $.ajax({ url: baseURL + ""index.html"", data: { v: v }, dataType: ""html"", success: function (data) { // HTML 파싱 var parser = new DOMParser(); var doc = parser.parseFromString(data, ""text/html""); var $content = $(doc.body).contents(); // 3) 이미지 경로 수리 (GitHub 절대 경로로 변경) $content.find('img').each(function () { var src = $(this).attr('src'); if (src && !src.startsWith('http')) { $(this).attr('src', baseURL + src); } }); // 4) 기존 스크립트 태그 청소 $content.find('script').remove(); // 5) 내용 집어넣기 (ID를 plantaris로 변경) $('#plantaris-content-anchor').empty().append($content); // 6) JS 실행 var script = document.createElement(""script""); script.src = baseURL + ""script.js?v="" + v; script.defer = true; document.body.appendChild(script); }, error: function () { $('#plantaris-content-anchor').html(' Failed to load content. (Check GitHub Path) '); } }); })();
[Available Options & Prices]
- [color: Black / Delivery: Curbside Delivery - Free / Warranty: 1 Year(Parts/Labor) 2&3 Year(Parts Only) - Free] => Total Price: $3499.0 | Availability: Stock info unavailable
- [color: Black / Delivery: Curbside Delivery - Free / Warranty: 1 Year Extended(Parts/Labor) - $249.95] => Total Price: $3748.95 | Availability: Stock info unavailable
- [color: Black / Delivery: Curbside Delivery - Free / Warranty: 2 Year Extended(Parts/Labor) - $349.95] => Total Price: $3848.95 | Availability: Stock info unavailable
- [color: Black / Delivery: White Glove Delivery (Installation)- $275 / Warranty: 1 Year(Parts/Labor) 2&3 Year(Parts Only) - Free] => Total Price: $3774.0 | Availability: Stock info unavailable
- [color: Black / Delivery: White Glove Delivery (Installation)- $275 / Warranty: 1 Year Extended(Parts/Labor) - $249.95] => Total Price: $4023.95 | Availability: Stock info unavailable
- [color: Black / Delivery: White Glove Delivery (Installation)- $275 / Warranty: 2 Year Extended(Parts/Labor) - $349.95] => Total Price: $4123.95 | Availability: Stock info unavailable
- [color: Brown / Delivery: Curbside Delivery - Free / Warranty: 1 Year(Parts/Labor) 2&3 Year(Parts Only) - Free] => Total Price: $3499.0 | Availability: Stock info unavailable
- [color: Brown / Delivery: Curbside Delivery - Free / Warranty: 1 Year Extended(Parts/Labor) - $249.95] => Total Price: $3748.95 | Availability: Stock info unavailable
- [color: Brown / Delivery: Curbside Delivery - Free / Warranty: 2 Year Extended(Parts/Labor) - $349.95] => Total Price: $3848.95 | Availability: Stock info unavailable
- [color: Brown / Delivery: White Glove Delivery (Installation)- $275 / Warranty: 1 Year(Parts/Labor) 2&3 Year(Parts Only) - Free] => Total Price: $3774.0 | Availability: Stock info unavailable
- [color: Brown / Delivery: White Glove Delivery (Installation)- $275 / Warranty: 1 Year Extended(Parts/Labor) - $249.95] => Total Price: $4023.95 | Availability: Stock info unavailable
- [color: Brown / Delivery: White Glove Delivery (Installation)- $275 / Warranty: 2 Year Extended(Parts/Labor) - $349.95] => Total Price: $4123.95 | Availability: Stock info unavailable",3499.0,Massage Chair,Titan Chair
titan-arcadia-3d-le,"Product Name: Arcadia 3D LE
Description: 3D Massage Mechanism Intelligent Health Detection Automatic Body Scan Space Saving Technology Zero Gravity Reclining SL-Track 9 Auto Massage Programs 5 Manual Massage Programs 44-Cell Full Body Air Massage Spring Loaded Extendable Footrest Lumbar and Feet Heating Therapy Quiet Massage const externalURL = ""https://ota-shawn.github.io/Products/Titan/Arcadia.html"" $(""#externalURL"").load(externalURL, () => { $(""#externalURL"").contents().unwrap() })
[Available Options & Prices]
- [Color: Black / Delivery: Curbside Delivery - Free / Warranty: 1 Year(Parts/Labor) 2&3 Year(Parts Only) - Free] => Total Price: $3999.0 | Availability: Stock info unavailable
- [Color: Black / Delivery: Curbside Delivery - Free / Warranty: 1 Year Extended(Parts/Labor) - $249.95] => Total Price: $4248.95 | Availability: Stock info unavailable
- [Color: Black / Delivery: Curbside Delivery - Free / Warranty: 2 Year Extended(Parts/Labor) - $349.95] => Total Price: $4348.95 | Availability: Stock info unavailable
- [Color: Black / Delivery: White Glove Delivery (Installation)- $275 / Warranty: 1 Year(Parts/Labor) 2&3 Year(Parts Only) - Free] => Total Price: $4274.0 | Availability: Stock info unavailable
- [Color: Black / Delivery: White Glove Delivery (Installation)- $275 / Warranty: 1 Year Extended(Parts/Labor) - $249.95] => Total Price: $4523.95 | Availability: Stock info unavailable
- [Color: Black / Delivery: White Glove Delivery (Installation)- $275 / Warranty: 2 Year Extended(Parts/Labor) - $349.95] => Total Price: $4623.95 | Availability: Stock info unavailable
- [Color: Brown / Delivery: Curbside Delivery - Free / Warranty: 1 Year(Parts/Labor) 2&3 Year(Parts Only) - Free] => Total Price: $3999.0 | Availability: Stock info unavailable
- [Color: Brown / Delivery: Curbside Delivery - Free / Warranty: 1 Year Extended(Parts/Labor) - $249.95] => Total Price: $4248.95 | Availability: Stock info unavailable
- [Color: Brown / Delivery: Curbside Delivery - Free / Warranty: 2 Year Extended(Parts/Labor) - $349.95] => Total Price: $4348.95 | Availability: Stock info unavailable
- [Color: Brown / Delivery: White Glove Delivery (Installation)- $275 / Warranty: 1 Year(Parts/Labor) 2&3 Year(Parts Only) - Free] => Total Price: $4274.0 | Availability: Stock info unavailable
- [Color: Brown / Delivery: White Glove Delivery (Installation)- $275 / Warranty: 1 Year Extended(Parts/Labor) - $249.95] => Total Price: $4523.95 | Availability: Stock info unavailable
- [Color: Brown / Delivery: White Glove Delivery (Installation)- $275 / Warranty: 2 Year Extended(Parts/Labor) - $349.95] => Total Price: $4623.95 | Availability: Stock info unavailable
- [Color: Taupe / Delivery: Curbside Delivery - Free / Warranty: 1 Year(Parts/Labor) 2&3 Year(Parts Only) - Free] => Total Price: $3999.0 | Availability: Stock info unavailable
- [Color: Taupe / Delivery: Curbside Delivery - Free / Warranty: 1 Year Extended(Parts/Labor) - $249.95] => Total Price: $4248.95 | Availability: Stock info unavailable
- [Color: Taupe / Delivery: Curbside Delivery - Free / Warranty: 2 Year Extended(Parts/Labor) - $349.95] => Total Price: $4348.95 | Availability: Stock info unavailable
- [Color: Taupe / Delivery: White Glove Delivery (Installation)- $275 / Warranty: 1 Year(Parts/Labor) 2&3 Year(Parts Only) - Free] => Total Price: $4274.0 | Availability: Stock info unavailable
- [Color: Taupe / Delivery: White Glove Delivery (Installation)- $275 / Warranty: 1 Year Extended(Parts/Labor) - $249.95] => Total Price: $4523.95 | Availability: Stock info unavailable
- [Color: Taupe / Delivery: White Glove Delivery (Installation)- $275 / Warranty: 2 Year Extended(Parts/Labor) - $349.95] => Total Price: $4623.95 | Availability: Stock info unavailable",3999.0,Massage Chair,Titan
titan-axiom-le-s50,"Product Name: Titan Axiom LE (S50)
Description: Dual-Massage Mechanism Intelligent Voice Control Automatic Body Scan 2-Stage Zero Gravity Straight Track 12 Auto Programs 4 Manual Programs 24 Cell Full Body Air Massage 2 Specialized Foot Discs Spring-Loaded Extendable Footrest Heating Therapy Touchscreen Control Bluetooth Speakers const externalURL = ""https://RobinChoi00.github.io/Product/Axiom%20LE/AxiomLE.html""; $(""#externalURL"").load(externalURL, () => { $(""#externalURL"").contents().unwrap(); // HTML 로드 후 JS 삽입 const script = document.createElement(""script""); script.src = ""https://RobinChoi00.github.io/Product/Axiom%20LE/AxiomLE_script.js""; script.defer = true; document.body.appendChild(script); });
[Available Options & Prices]
- [Color: Black / Delivery: Curbside Delivery - Free / Warranty: 1 Year (Parts/Labor) 2&3 Year (Parts Only) - Free] => Total Price: $1999.0 | Availability: Stock info unavailable
- [Color: Black / Delivery: Curbside Delivery - Free / Warranty: 1 Year Extended (Parts/Labor) - $249.95] => Total Price: $2248.95 | Availability: Stock info unavailable
- [Color: Black / Delivery: Curbside Delivery - Free / Warranty: 2 Year Extended (Parts/Labor) - $349.95] => Total Price: $2348.95 | Availability: Stock info unavailable
- [Color: Black / Delivery: White Glove Delivery - $275 / Warranty: 1 Year (Parts/Labor) 2&3 Year (Parts Only) - Free] => Total Price: $2274.0 | Availability: Stock info unavailable
- [Color: Black / Delivery: White Glove Delivery - $275 / Warranty: 1 Year Extended (Parts/Labor) - $249.95] => Total Price: $2523.95 | Availability: Stock info unavailable
- [Color: Black / Delivery: White Glove Delivery - $275 / Warranty: 2 Year Extended (Parts/Labor) - $349.95] => Total Price: $2623.95 | Availability: Stock info unavailable
- [Color: Brown / Delivery: Curbside Delivery - Free / Warranty: 1 Year (Parts/Labor) 2&3 Year (Parts Only) - Free] => Total Price: $1999.0 | Availability: Stock info unavailable
- [Color: Brown / Delivery: Curbside Delivery - Free / Warranty: 1 Year Extended (Parts/Labor) - $249.95] => Total Price: $2248.95 | Availability: Stock info unavailable
- [Color: Brown / Delivery: Curbside Delivery - Free / Warranty: 2 Year Extended (Parts/Labor) - $349.95] => Total Price: $2348.95 | Availability: Stock info unavailable
- [Color: Brown / Delivery: White Glove Delivery - $275 / Warranty: 1 Year (Parts/Labor) 2&3 Year (Parts Only) - Free] => Total Price: $2274.0 | Availability: Stock info unavailable
- [Color: Brown / Delivery: White Glove Delivery - $275 / Warranty: 1 Year Extended (Parts/Labor) - $249.95] => Total Price: $2523.95 | Availability: Stock info unavailable
- [Color: Brown / Delivery: White Glove Delivery - $275 / Warranty: 2 Year Extended (Parts/Labor) - $349.95] => Total Price: $2623.95 | Availability: Stock info unavailable
- [Color: Taupe / Delivery: Curbside Delivery - Free / Warranty: 1 Year (Parts/Labor) 2&3 Year (Parts Only) - Free] => Total Price: $1999.0 | Availability: Stock info unavailable
- [Color: Taupe / Delivery: Curbside Delivery - Free / Warranty: 1 Year Extended (Parts/Labor) - $249.95] => Total Price: $2248.95 | Availability: Stock info unavailable
- [Color: Taupe / Delivery: Curbside Delivery - Free / Warranty: 2 Year Extended (Parts/Labor) - $349.95] => Total Price: $2348.95 | Availability: Stock info unavailable
- [Color: Taupe / Delivery: White Glove Delivery - $275 / Warranty: 1 Year (Parts/Labor) 2&3 Year (Parts Only) - Free] => Total Price: $2274.0 | Availability: Stock info unavailable
- [Color: Taupe / Delivery: White Glove Delivery - $275 / Warranty: 1 Year Extended (Parts/Labor) - $249.95] => Total Price: $2523.95 | Availability: Stock info unavailable
- [Color: Taupe / Delivery: White Glove Delivery - $275 / Warranty: 2 Year Extended (Parts/Labor) - $349.95] => Total Price: $2623.95 | Availability: Stock info unavailable",1999.0,Massage Chair,Titan
titan-ecabin-3d-massage-chair,"Product Name: Titan eCabin 3D
Description: Intelligent Voice Control Intelligent Health Detection 3D Massage Mechanism Body Scan Technology 2-Stage Zero Gravity Reclining SL-Track 28-Cell Air Compression Massage Lumbar Heating 20 Auto Programs 6 Manual Programs Hand Shiatsu Specialized Foot Rollers Spring-Loaded Extendable Footrest const externalURL = ""https://ota-shawn.github.io/Products/Titan/eCabin.html""; $(""#externalURL"").load(externalURL, () => { $(""#externalURL"").contents().unwrap(); });
[Available Options & Prices]
- [Color: Black / Delivery: Curbside - Free / Warranty: 1 Year (Parts/Labor) 2&3 Year (Parts Only) - Free] => Total Price: $1799.0 | Availability: Stock info unavailable
- [Color: Black / Delivery: Curbside - Free / Warranty: 1 Year Extended (Parts/Labor) - $249.95] => Total Price: $2048.95 | Availability: Stock info unavailable
- [Color: Black / Delivery: Curbside - Free / Warranty: 2 Year Extended (Parts/Labor) - $349.95] => Total Price: $2148.95 | Availability: Stock info unavailable
- [Color: Black / Delivery: White Glove - $275 / Warranty: 1 Year (Parts/Labor) 2&3 Year (Parts Only) - Free] => Total Price: $2074.0 | Availability: Stock info unavailable
- [Color: Black / Delivery: White Glove - $275 / Warranty: 1 Year Extended (Parts/Labor) - $249.95] => Total Price: $2323.95 | Availability: Stock info unavailable
- [Color: Black / Delivery: White Glove - $275 / Warranty: 2 Year Extended (Parts/Labor) - $349.95] => Total Price: $2423.95 | Availability: Stock info unavailable
- [Color: Taupe / Delivery: Curbside - Free / Warranty: 1 Year (Parts/Labor) 2&3 Year (Parts Only) - Free] => Total Price: $1799.0 | Availability: Stock info unavailable
- [Color: Taupe / Delivery: Curbside - Free / Warranty: 1 Year Extended (Parts/Labor) - $249.95] => Total Price: $2048.95 | Availability: Stock info unavailable
- [Color: Taupe / Delivery: Curbside - Free / Warranty: 2 Year Extended (Parts/Labor) - $349.95] => Total Price: $2148.95 | Availability: Stock info unavailable
- [Color: Taupe / Delivery: White Glove - $275 / Warranty: 1 Year (Parts/Labor) 2&3 Year (Parts Only) - Free] => Total Price: $2074.0 | Availability: Stock info unavailable
- [Color: Taupe / Delivery: White Glove - $275 / Warranty: 1 Year Extended (Parts/Labor) - $249.95] => Total Price: $2323.95 | Availability: Stock info unavailable
- [Color: Taupe / Delivery: White Glove - $275 / Warranty: 2 Year Extended (Parts/Labor) - $349.95] => Total Price: $2423.95 | Availability: Stock info unavailable",1799.0,Massage Chair,Titan
titan-ergo-9606f-mesh,"Product Name: Titan Ergo 9606F (Mesh)
Description: Ergonomic Design Breathable Mesh Fabric Adjustable Height Adjustable Armrest &amp; Headrest Adjustable Back Pressure Built-in Hanger Cushion Support Tilting Lock const externalURL = ""https://ota-shawn.github.io/Products/Titan/Titan%20Ergo%209606F%20(Mesh).html""; $(""#externalURL"").load(externalURL, () => { $(""#externalURL"").contents().unwrap(); });
[Available Options & Prices]
- [Title: Default Title] => Total Price: $199.0 | Availability: Stock info unavailable",199.0,Ergonomic Seating,Titan
titan-ergo-9606p-synthetic-leather,"Product Name: Titan Ergo 9606P (Synthetic Leather)
Description: Ergonomic Design Breathable Mesh Fabric Adjustable Height Adjustable Armrest &amp; Headrest Adjustable Back Pressure Built-in Hanger Cushion Support Tilting Lock const externalURL = ""https://ota-shawn.github.io/Products/Titan/Titan%20Ergo%209606P%20(Synthetic%20Leather).html""; $(""#externalURL"").load(externalURL, () => { $(""#externalURL"").contents().unwrap(); });
[Available Options & Prices]
- [Title: Default Title] => Total Price: $199.0 | Availability: Stock info unavailable",199.0,Ergonomic Seating,Titan
titan-forge,"Product Name: Titan Forge
Description: 3D MASSAGE MECHANISM BODY SCAN TECHNOLOGY 3-Stage Zero Gravity Reclining Sl-Track System Space-Saving Technology 24-Cell Air Compression Massage Lumbar Heating Therapy 21 Auto Programs 11 Manual Modes Specialized Foot Rollers Spring-Loaded Extendable Footrest Convenient Remote Controller Quality Bluetooth Speakers Easy Removable Headrest Quick Side Panels USB Charging Port Loading Plantaris Product Detail... (function () { var baseURL = ""https://RobinChoi00.github.io/Product/Forge/""; var v = new Date().getTime(); // 1) CSS 연결 $('head').append(` `); $('head').append(` `); // 2) HTML 가져오기 $.ajax({ url: baseURL + ""index.html"", data: { v: v }, dataType: ""html"", success: function (data) { // HTML 파싱 var parser = new DOMParser(); var doc = parser.parseFromString(data, ""text/html""); var $content = $(doc.body).contents(); // 3) 이미지 경로 수리 $content.find('img').each(function () { var src = $(this).attr('src'); if (src && !src.startsWith('http')) { $(this).attr('src', baseURL + src); } }); // 4) 기존 스크립트 태그 청소 $content.find('script').remove(); $('#Forge-content-anchor').empty().append($content); // 6) JS 실행 var script = document.createElement(""script""); script.src = baseURL + ""script.js?v="" + v; script.defer = true; document.body.appendChild(script); }, error: function () { // [변경됨] 에러 메시지 타겟 ID 변경 $('#Forge-content-anchor').html(' Failed to load content. '); } }); })();
[Available Options & Prices]
- [Color: Black / Delivery: Curbside Delivery - Free / Warranty: 1 Year(Parts/Labor) 2&3 Year(Parts Only) - Free] => Total Price: $3999.0 | Availability: Stock info unavailable
- [Color: Black / Delivery: Curbside Delivery - Free / Warranty: 1 Year Extended(Parts/Labor) - $249.95] => Total Price: $4248.95 | Availability: Stock info unavailable
- [Color: Black / Delivery: Curbside Delivery - Free / Warranty: 2 Year Extended(Parts/Labor) - $349.95] => Total Price: $4348.95 | Availability: Stock info unavailable
- [Color: Black / Delivery: White Glove Delivery (Installation)- $275 / Warranty: 1 Year(Parts/Labor) 2&3 Year(Parts Only) - Free] => Total Price: $4274.0 | Availability: Stock info unavailable
- [Color: Black / Delivery: White Glove Delivery (Installation)- $275 / Warranty: 1 Year Extended(Parts/Labor) - $249.95] => Total Price: $4523.95 | Availability: Stock info unavailable
- [Color: Black / Delivery: White Glove Delivery (Installation)- $275 / Warranty: 2 Year Extended(Parts/Labor) - $349.95] => Total Price: $4623.95 | Availability: Stock info unavailable
- [Color: Taupe / Delivery: Curbside Delivery - Free / Warranty: 1 Year(Parts/Labor) 2&3 Year(Parts Only) - Free] => Total Price: $3999.0 | Availability: Stock info unavailable
- [Color: Taupe / Delivery: Curbside Delivery - Free / Warranty: 1 Year Extended(Parts/Labor) - $249.95] => Total Price: $4248.95 | Availability: Stock info unavailable
- [Color: Taupe / Delivery: Curbside Delivery - Free / Warranty: 2 Year Extended(Parts/Labor) - $349.95] => Total Price: $4348.95 | Availability: Stock info unavailable
- [Color: Taupe / Delivery: White Glove Delivery (Installation)- $275 / Warranty: 1 Year(Parts/Labor) 2&3 Year(Parts Only) - Free] => Total Price: $4274.0 | Availability: Stock info unavailable
- [Color: Taupe / Delivery: White Glove Delivery (Installation)- $275 / Warranty: 1 Year Extended(Parts/Labor) - $249.95] => Total Price: $4523.95 | Availability: Stock info unavailable
- [Color: Taupe / Delivery: White Glove Delivery (Installation)- $275 / Warranty: 2 Year Extended(Parts/Labor) - $349.95] => Total Price: $4623.95 | Availability: Stock info unavailable",3999.0,Massage Chair,Titan Chair
titan-gemini,"Product Name: Titan Gemini (S50)
Description: Full Body Sync Massage Mechanism Lumbar &amp; Calf Heating Specialized Neck Massage Straight Track &amp; Glutes Kneading Intelligent Voice Control 24 Cell Full Body Air Massage 2 Rotating Foot Massagers Spring-Loaded Extendable Footrest const externalURL = ""https://RobinChoi00.github.io/Product/Gemini/Gemini.html""; $(""#externalURL"").load(externalURL, () => { $(""#externalURL"").contents().unwrap(); // HTML 로드 후 JS 삽입 const script = document.createElement(""script""); script.src = ""https://RobinChoi00.github.io/Product/Gemini/Gemini_script.js""; script.defer = true; document.body.appendChild(script); });
[Available Options & Prices]
- [Color: Black / Delivery: Curbside - Free / Warranty: 1 Year (Parts/Labor) 2&3 Year (Parts Only) - Free] => Total Price: $2999.0 | Availability: Stock info unavailable
- [Color: Black / Delivery: Curbside - Free / Warranty: 1 Year Extended (Parts/Labor) - $249.95] => Total Price: $3248.95 | Availability: Stock info unavailable
- [Color: Black / Delivery: Curbside - Free / Warranty: 2 Year Extended (Parts/Labor) - $349.95] => Total Price: $3348.95 | Availability: Stock info unavailable
- [Color: Black / Delivery: White Glove - $275 / Warranty: 1 Year (Parts/Labor) 2&3 Year (Parts Only) - Free] => Total Price: $3274.0 | Availability: Stock info unavailable
- [Color: Black / Delivery: White Glove - $275 / Warranty: 1 Year Extended (Parts/Labor) - $249.95] => Total Price: $3523.95 | Availability: Stock info unavailable
- [Color: Black / Delivery: White Glove - $275 / Warranty: 2 Year Extended (Parts/Labor) - $349.95] => Total Price: $3623.95 | Availability: Stock info unavailable
- [Color: Brown / Delivery: Curbside - Free / Warranty: 1 Year (Parts/Labor) 2&3 Year (Parts Only) - Free] => Total Price: $2999.0 | Availability: Stock info unavailable
- [Color: Brown / Delivery: Curbside - Free / Warranty: 1 Year Extended (Parts/Labor) - $249.95] => Total Price: $3248.95 | Availability: Stock info unavailable
- [Color: Brown / Delivery: Curbside - Free / Warranty: 2 Year Extended (Parts/Labor) - $349.95] => Total Price: $3348.95 | Availability: Stock info unavailable
- [Color: Brown / Delivery: White Glove - $275 / Warranty: 1 Year (Parts/Labor) 2&3 Year (Parts Only) - Free] => Total Price: $3274.0 | Availability: Stock info unavailable
- [Color: Brown / Delivery: White Glove - $275 / Warranty: 1 Year Extended (Parts/Labor) - $249.95] => Total Price: $3523.95 | Availability: Stock info unavailable
- [Color: Brown / Delivery: White Glove - $275 / Warranty: 2 Year Extended (Parts/Labor) - $349.95] => Total Price: $3623.95 | Availability: Stock info unavailable
- [Color: Taupe / Delivery: Curbside - Free / Warranty: 1 Year (Parts/Labor) 2&3 Year (Parts Only) - Free] => Total Price: $2999.0 | Availability: Stock info unavailable
- [Color: Taupe / Delivery: Curbside - Free / Warranty: 1 Year Extended (Parts/Labor) - $249.95] => Total Price: $3248.95 | Availability: Stock info unavailable
- [Color: Taupe / Delivery: Curbside - Free / Warranty: 2 Year Extended (Parts/Labor) - $349.95] => Total Price: $3348.95 | Availability: Stock info unavailable
- [Color: Taupe / Delivery: White Glove - $275 / Warranty: 1 Year (Parts/Labor) 2&3 Year (Parts Only) - Free] => Total Price: $3274.0 | Availability: Stock info unavailable
- [Color: Taupe / Delivery: White Glove - $275 / Warranty: 1 Year Extended (Parts/Labor) - $249.95] => Total Price: $3523.95 | Availability: Stock info unavailable
- [Color: Taupe / Delivery: White Glove - $275 / Warranty: 2 Year Extended (Parts/Labor) - $349.95] => Total Price: $3623.95 | Availability: Stock info unavailable",2999.0,Massage Chair,Titan
titan-ignite-sync,"Product Name: Titan Ignite Sync 3D+2D
Description: INTELLIGENT HEALTH DETECTION 3D+2D DUAL MASSAGE MECHANISM INTELLIGENT VOICE CONTROL ANKLE STRETCHING MECHANISM BODY SCAN TECHNOLOGY SL-TRACK SYSTEM SPACE-SAVING TECHNOLOGY 20 AUTO PROGRAMS 5 MANUAL MODES 2 SPECIALIZED FOOT ROLLERS AUTOMATIC EXTENDABLE FOOTREST LCD TOUCHSCREEN CONTROLLER SHORTCUT DIAL BLUETOOTH SPEAKERS Loading Ignite Sync Product Detail... (function () { // 💡 [경로 수정] GitHub 레포지토리의 Ignite_sync 폴더로 타겟 변경 var baseURL = ""https://RobinChoi00.github.io/Product/Ignite_sync/""; var v = new Date().getTime(); // Cache Busting // 1) CSS Injection if (!$('link[href*=""Ignite_sync/style.css""]').length) { $('head').append(` `); } // 2) Google Fonts Integration (기존 유지) $('head').append(` `); // 3) HTML Fetching & Image Path Repairing $.ajax({ url: baseURL + ""index.html"", data: { v: v }, dataType: ""html"", success: function (data) { var parser = new DOMParser(); var doc = parser.parseFromString(data, ""text/html""); var $content = $(doc.body).contents(); // 상대 경로 이미지를 절대 경로(GitHub)로 변환 $content.find('img, video source').each(function () { var src = $(this).attr('src'); if (src && !src.startsWith('http')) { $(this).attr('src', baseURL + src); } }); // 비디오 태그는 src 변경 후 다시 로드해야 자동 재생이 정상 작동할 수 있습니다. $content.find('video').each(function() { this.load(); }); // XSS 방어 및 렌더링 $content.find('script').remove(); // 💡 Ignite Sync 앵커에 HTML 주입 $('#IgniteSync-content-anchor').empty().append($content); // 4) External JS Execution var script = document.createElement(""script""); script.src = baseURL + ""script.js?v="" + v; script.defer = true; document.body.appendChild(script); }, error: function () { // 💡 에러 메시지 텍스트 변경 $('#IgniteSync-content-anchor').html(' Failed to load Ignite Sync content. Please refresh the page. '); } }); })();
[Available Options & Prices]
- [Color: Black / Delivery: Curbside - Free / Warranty: 1 Year (Parts/Labor) 2&3 Year (Parts Only) - Free] => Total Price: $2499.0 | Availability: Stock info unavailable
- [Color: Black / Delivery: Curbside - Free / Warranty: 1 Year Extended (Parts/Labor) - $249.95] => Total Price: $2748.95 | Availability: Stock info unavailable
- [Color: Black / Delivery: Curbside - Free / Warranty: 2 Year Extended (Parts/Labor) - $349.95] => Total Price: $2848.95 | Availability: Stock info unavailable
- [Color: Black / Delivery: White Glove - $275 / Warranty: 1 Year (Parts/Labor) 2&3 Year (Parts Only) - Free] => Total Price: $2774.0 | Availability: Stock info unavailable
- [Color: Black / Delivery: White Glove - $275 / Warranty: 1 Year Extended (Parts/Labor) - $249.95] => Total Price: $3023.95 | Availability: Stock info unavailable
- [Color: Black / Delivery: White Glove - $275 / Warranty: 2 Year Extended (Parts/Labor) - $349.95] => Total Price: $3123.95 | Availability: Stock info unavailable
- [Color: Brown / Delivery: Curbside - Free / Warranty: 1 Year (Parts/Labor) 2&3 Year (Parts Only) - Free] => Total Price: $2499.0 | Availability: Stock info unavailable
- [Color: Brown / Delivery: Curbside - Free / Warranty: 1 Year Extended (Parts/Labor) - $249.95] => Total Price: $2748.95 | Availability: Stock info unavailable
- [Color: Brown / Delivery: Curbside - Free / Warranty: 2 Year Extended (Parts/Labor) - $349.95] => Total Price: $2848.95 | Availability: Stock info unavailable
- [Color: Brown / Delivery: White Glove - $275 / Warranty: 1 Year (Parts/Labor) 2&3 Year (Parts Only) - Free] => Total Price: $2774.0 | Availability: Stock info unavailable
- [Color: Brown / Delivery: White Glove - $275 / Warranty: 1 Year Extended (Parts/Labor) - $249.95] => Total Price: $3023.95 | Availability: Stock info unavailable
- [Color: Brown / Delivery: White Glove - $275 / Warranty: 2 Year Extended (Parts/Labor) - $349.95] => Total Price: $3123.95 | Availability: Stock info unavailable
- [Color: Taupe / Delivery: Curbside - Free / Warranty: 1 Year (Parts/Labor) 2&3 Year (Parts Only) - Free] => Total Price: $2499.0 | Availability: Stock info unavailable
- [Color: Taupe / Delivery: Curbside - Free / Warranty: 1 Year Extended (Parts/Labor) - $249.95] => Total Price: $2748.95 | Availability: Stock info unavailable
- [Color: Taupe / Delivery: Curbside - Free / Warranty: 2 Year Extended (Parts/Labor) - $349.95] => Total Price: $2848.95 | Availability: Stock info unavailable
- [Color: Taupe / Delivery: White Glove - $275 / Warranty: 1 Year (Parts/Labor) 2&3 Year (Parts Only) - Free] => Total Price: $2774.0 | Availability: Stock info unavailable
- [Color: Taupe / Delivery: White Glove - $275 / Warranty: 1 Year Extended (Parts/Labor) - $249.95] => Total Price: $3023.95 | Availability: Stock info unavailable
- [Color: Taupe / Delivery: White Glove - $275 / Warranty: 2 Year Extended (Parts/Labor) - $349.95] => Total Price: $3123.95 | Availability: Stock info unavailable",2499.0,Massage Chair,Titan Chair
titan-malibu-sync,"Product Name: Titan Malibu Sync
Description: Intelligent Health Detection 3D+2D Dual Massage Mechanism Intelligent Voice Control Ankle Stretching Mechanism Body Scan Technology SL-Track System Space-Saving Technology 20 Auto Programs 5 Manual Modes 2 Specialized Foot Rollers Automatic Extendable Footrest LCD Touchscreen Controller Shortcut Dial Bluetooth Speakers const externalURL = ""https://ota-shawn.github.io/Products/Titan/Malibu%20Sync.html""; const $j = jQuery.noConflict(true); $j(""#externalURL"").load(externalURL, () => { $j(""#externalURL"").contents().unwrap(); });
[Available Options & Prices]
- [Color: Black / Delivery: Curbside - Free / Warranty: 1 Year (Parts/Labor) 2&3 Year (Parts Only) - Free] => Total Price: $4999.0 | Availability: Stock info unavailable
- [Color: Black / Delivery: Curbside - Free / Warranty: 1 Year Extended (Parts/Labor) - $249.95] => Total Price: $5248.95 | Availability: Stock info unavailable
- [Color: Black / Delivery: Curbside - Free / Warranty: 2 Year Extended (Parts/Labor) - $349.95] => Total Price: $5348.95 | Availability: Stock info unavailable
- [Color: Black / Delivery: White Glove - $275 / Warranty: 1 Year (Parts/Labor) 2&3 Year (Parts Only) - Free] => Total Price: $5274.0 | Availability: Stock info unavailable
- [Color: Black / Delivery: White Glove - $275 / Warranty: 1 Year Extended (Parts/Labor) - $249.95] => Total Price: $5523.95 | Availability: Stock info unavailable
- [Color: Black / Delivery: White Glove - $275 / Warranty: 2 Year Extended (Parts/Labor) - $349.95] => Total Price: $5623.95 | Availability: Stock info unavailable
- [Color: Brown / Delivery: Curbside - Free / Warranty: 1 Year (Parts/Labor) 2&3 Year (Parts Only) - Free] => Total Price: $4999.0 | Availability: Stock info unavailable
- [Color: Brown / Delivery: Curbside - Free / Warranty: 1 Year Extended (Parts/Labor) - $249.95] => Total Price: $5248.95 | Availability: Stock info unavailable
- [Color: Brown / Delivery: Curbside - Free / Warranty: 2 Year Extended (Parts/Labor) - $349.95] => Total Price: $5348.95 | Availability: Stock info unavailable
- [Color: Brown / Delivery: White Glove - $275 / Warranty: 1 Year (Parts/Labor) 2&3 Year (Parts Only) - Free] => Total Price: $5274.0 | Availability: Stock info unavailable
- [Color: Brown / Delivery: White Glove - $275 / Warranty: 1 Year Extended (Parts/Labor) - $249.95] => Total Price: $5523.95 | Availability: Stock info unavailable
- [Color: Brown / Delivery: White Glove - $275 / Warranty: 2 Year Extended (Parts/Labor) - $349.95] => Total Price: $5623.95 | Availability: Stock info unavailable
- [Color: Taupe / Delivery: Curbside - Free / Warranty: 1 Year (Parts/Labor) 2&3 Year (Parts Only) - Free] => Total Price: $4999.0 | Availability: Stock info unavailable
- [Color: Taupe / Delivery: Curbside - Free / Warranty: 1 Year Extended (Parts/Labor) - $249.95] => Total Price: $5248.95 | Availability: Stock info unavailable
- [Color: Taupe / Delivery: Curbside - Free / Warranty: 2 Year Extended (Parts/Labor) - $349.95] => Total Price: $5348.95 | Availability: Stock info unavailable
- [Color: Taupe / Delivery: White Glove - $275 / Warranty: 1 Year (Parts/Labor) 2&3 Year (Parts Only) - Free] => Total Price: $5274.0 | Availability: Stock info unavailable
- [Color: Taupe / Delivery: White Glove - $275 / Warranty: 1 Year Extended (Parts/Labor) - $249.95] => Total Price: $5523.95 | Availability: Stock info unavailable
- [Color: Taupe / Delivery: White Glove - $275 / Warranty: 2 Year Extended (Parts/Labor) - $349.95] => Total Price: $5623.95 | Availability: Stock info unavailable",4999.0,Massage Chair,Titan Chair
titan-nido,"Product Name: Titan Nido 3D (RT5920)
Description: INTELLIGENT VOICE CONTROL AIR 3D MASSAGE MECHANISM BODY SCAN TECHNOLOGY ROCKING MOTION POSITIONS 2-STAGE ZERO GRAVITY RECLINING SL-TRACK SYSTEM SPACE-SAVING TECHNOLOGY 24-CELL AIR COMPRESSION MASSAGE LUMBAR &amp; CALF HEATING THERAPY 22 AUTO PROGRAMS 6 MANUAL MODES SPECIALIZED FOOT ROLLERS SPRING-LOADED EXTENABLE FOOTREST INCLUDED MASSAGE BACK PAD QUALITY BLUETOOTH SPEAKERS 7.5"" TOUCHSCREEN CONTROLLER QUICK SIDE PANELS USB CHARGING PORT Loading Nido Product Detail... (function () { // [변경됨] 경로를 Forge -> Nido로 수정 var baseURL = ""https://RobinChoi00.github.io/Product/Nido/""; var v = new Date().getTime(); // 1) CSS 연결 $('head').append(` `); // 폰트는 그대로 유지 (필요 시 변경 가능) $('head').append(` `); // 2) HTML 가져오기 $.ajax({ url: baseURL + ""index.html"", data: { v: v }, dataType: ""html"", success: function (data) { // HTML 파싱 var parser = new DOMParser(); var doc = parser.parseFromString(data, ""text/html""); var $content = $(doc.body).contents(); // 3) 이미지 경로 수리 $content.find('img').each(function () { var src = $(this).attr('src'); if (src && !src.startsWith('http')) { $(this).attr('src', baseURL + src); } }); // 4) 기존 스크립트 태그 청소 $content.find('script').remove(); // [변경됨] ID를 Nido-content-anchor로 수정 $('#Nido-content-anchor').empty().append($content); // 6) JS 실행 var script = document.createElement(""script""); script.src = baseURL + ""script.js?v="" + v; script.defer = true; document.body.appendChild(script); }, error: function () { // [변경됨] 에러 메시지 타겟 ID 수정 $('#Nido-content-anchor').html(' Failed to load content. '); } }); })();
[Available Options & Prices]
- [Color: Black / Delivery: Curbside Delivery - Free / Warranty: 1 Year(Parts/Labor) 2&3 Year(Parts Only) - Free] => Total Price: $1899.0 | Availability: Stock info unavailable
- [Color: Black / Delivery: Curbside Delivery - Free / Warranty: 1 Year Extended(Parts/Labor) - $249.95] => Total Price: $2148.95 | Availability: Stock info unavailable
- [Color: Black / Delivery: Curbside Delivery - Free / Warranty: 2 Year Extended(Parts/Labor) - $349.95] => Total Price: $2248.95 | Availability: Stock info unavailable
- [Color: Black / Delivery: White Glove Delivery (Installation)- $275 / Warranty: 1 Year(Parts/Labor) 2&3 Year(Parts Only) - Free] => Total Price: $2174.0 | Availability: Stock info unavailable
- [Color: Black / Delivery: White Glove Delivery (Installation)- $275 / Warranty: 1 Year Extended(Parts/Labor) - $249.95] => Total Price: $2423.95 | Availability: Stock info unavailable
- [Color: Black / Delivery: White Glove Delivery (Installation)- $275 / Warranty: 2 Year Extended(Parts/Labor) - $349.95] => Total Price: $2523.95 | Availability: Stock info unavailable
- [Color: Brown / Delivery: Curbside Delivery - Free / Warranty: 1 Year(Parts/Labor) 2&3 Year(Parts Only) - Free] => Total Price: $1899.0 | Availability: Stock info unavailable
- [Color: Brown / Delivery: Curbside Delivery - Free / Warranty: 1 Year Extended(Parts/Labor) - $249.95] => Total Price: $2148.95 | Availability: Stock info unavailable
- [Color: Brown / Delivery: Curbside Delivery - Free / Warranty: 2 Year Extended(Parts/Labor) - $349.95] => Total Price: $2248.95 | Availability: Stock info unavailable
- [Color: Brown / Delivery: White Glove Delivery (Installation)- $275 / Warranty: 1 Year(Parts/Labor) 2&3 Year(Parts Only) - Free] => Total Price: $2174.0 | Availability: Stock info unavailable
- [Color: Brown / Delivery: White Glove Delivery (Installation)- $275 / Warranty: 1 Year Extended(Parts/Labor) - $249.95] => Total Price: $2423.95 | Availability: Stock info unavailable
- [Color: Brown / Delivery: White Glove Delivery (Installation)- $275 / Warranty: 2 Year Extended(Parts/Labor) - $349.95] => Total Price: $2523.95 | Availability: Stock info unavailable
- [Color: Taupe / Delivery: Curbside Delivery - Free / Warranty: 1 Year(Parts/Labor) 2&3 Year(Parts Only) - Free] => Total Price: $1899.0 | Availability: Stock info unavailable
- [Color: Taupe / Delivery: Curbside Delivery - Free / Warranty: 1 Year Extended(Parts/Labor) - $249.95] => Total Price: $2148.95 | Availability: Stock info unavailable
- [Color: Taupe / Delivery: Curbside Delivery - Free / Warranty: 2 Year Extended(Parts/Labor) - $349.95] => Total Price: $2248.95 | Availability: Stock info unavailable
- [Color: Taupe / Delivery: White Glove Delivery (Installation)- $275 / Warranty: 1 Year(Parts/Labor) 2&3 Year(Parts Only) - Free] => Total Price: $2174.0 | Availability: Stock info unavailable
- [Color: Taupe / Delivery: White Glove Delivery (Installation)- $275 / Warranty: 1 Year Extended(Parts/Labor) - $249.95] => Total Price: $2423.95 | Availability: Stock info unavailable
- [Color: Taupe / Delivery: White Glove Delivery (Installation)- $275 / Warranty: 2 Year Extended(Parts/Labor) - $349.95] => Total Price: $2523.95 | Availability: Stock info unavailable",1899.0,Massage Chair,Titan Chair
titan-plantaris,"Product Name: Titan 4D Plantaris (RT5653A)
Description: Intelligent Voice Control Emergency Stop Button Rocking Massage Position Deep Calf Kneading Calf Rollers&amp;Bumpers 4D Massage Mechanism Body Scan Technology 2-Stage Zero Gravity Reclining Sl-Track System Space-Saving Technology 24-Cell Air Compression Massage Lumbar Heating Therapy 22 Auto Programs 6 Manual Modes Spring-Loaded Extendable Footrest Touchscreen Controller Quality Bluetooth Speakers Loading Plantaris Product Detail... (function () { // [변경됨] URL을 ION에서 Plantaris로 변경 var baseURL = ""https://RobinChoi00.github.io/Product/Plantaris/""; var v = new Date().getTime(); // 1) CSS 연결 $('head').append(` `); $('head').append(` `); // 2) HTML 가져오기 $.ajax({ url: baseURL + ""Index.html"", data: { v: v }, dataType: ""html"", success: function (data) { // HTML 파싱 var parser = new DOMParser(); var doc = parser.parseFromString(data, ""text/html""); var $content = $(doc.body).contents(); // 3) 이미지 경로 수리 $content.find('img').each(function () { var src = $(this).attr('src'); if (src && !src.startsWith('http')) { $(this).attr('src', baseURL + src); } }); // 4) 기존 스크립트 태그 청소 $content.find('script').remove(); // 5) [변경됨] Plantaris용 앵커(#plantaris-content-anchor)에 내용 집어넣기 $('#plantaris-content-anchor').empty().append($content); // 6) JS 실행 var script = document.createElement(""script""); script.src = baseURL + ""script.js?v="" + v; script.defer = true; document.body.appendChild(script); }, error: function () { // [변경됨] 에러 메시지 타겟 ID 변경 $('#plantaris-content-anchor').html(' Failed to load content. '); } }); })();
[Available Options & Prices]
- [Color: Black / Delivery: Curbside Delivery - Free / Warranty: 1 Year(Parts/Labor) 2&3 Year(Parts Only) - Free] => Total Price: $6999.0 | Availability: Stock info unavailable
- [Color: Black / Delivery: Curbside Delivery - Free / Warranty: 1 Year Extended(Parts/Labor) - $249.95] => Total Price: $7248.95 | Availability: Stock info unavailable
- [Color: Black / Delivery: Curbside Delivery - Free / Warranty: 2 Year Extended(Parts/Labor) - $349.95] => Total Price: $7348.95 | Availability: Stock info unavailable
- [Color: Black / Delivery: White Glove Delivery (Installation)- $275 / Warranty: 1 Year(Parts/Labor) 2&3 Year(Parts Only) - Free] => Total Price: $7274.0 | Availability: Stock info unavailable
- [Color: Black / Delivery: White Glove Delivery (Installation)- $275 / Warranty: 1 Year Extended(Parts/Labor) - $249.95] => Total Price: $7523.95 | Availability: Stock info unavailable
- [Color: Black / Delivery: White Glove Delivery (Installation)- $275 / Warranty: 2 Year Extended(Parts/Labor) - $349.95] => Total Price: $7623.95 | Availability: Stock info unavailable
- [Color: Brown / Delivery: Curbside Delivery - Free / Warranty: 1 Year(Parts/Labor) 2&3 Year(Parts Only) - Free] => Total Price: $6999.0 | Availability: Stock info unavailable
- [Color: Brown / Delivery: Curbside Delivery - Free / Warranty: 1 Year Extended(Parts/Labor) - $249.95] => Total Price: $7248.95 | Availability: Stock info unavailable
- [Color: Brown / Delivery: Curbside Delivery - Free / Warranty: 2 Year Extended(Parts/Labor) - $349.95] => Total Price: $7348.95 | Availability: Stock info unavailable
- [Color: Brown / Delivery: White Glove Delivery (Installation)- $275 / Warranty: 1 Year(Parts/Labor) 2&3 Year(Parts Only) - Free] => Total Price: $7274.0 | Availability: Stock info unavailable
- [Color: Brown / Delivery: White Glove Delivery (Installation)- $275 / Warranty: 1 Year Extended(Parts/Labor) - $249.95] => Total Price: $7523.95 | Availability: Stock info unavailable
- [Color: Brown / Delivery: White Glove Delivery (Installation)- $275 / Warranty: 2 Year Extended(Parts/Labor) - $349.95] => Total Price: $7623.95 | Availability: Stock info unavailable",6999.0,Massage Chair,Titan Chair
titan-premium-fleetwood-ii,"Product Name: Titan Premium Fleetwood II 4D
Description: 4D Massage Mechanism Touch Screen Controller Computerized Body Scanning SL-Track 70 Air Cell Full Body Compression Zero Gravity Position Space Saving Technology 12 Auto Programs &amp; 6 Massage Styles Shortcut Panel Lumbar and Calf Heating Auto &amp; Manual Extendable Calf Auto / Manual Extendable Footrest Surround Sound Bluetooth Speakers const externalURL = ""https://ota-shawn.github.io/Products/Titan/Titan%20Premium%20Fleetwood%20II.html""; $(""#externalURL"").load(externalURL, () => { $(""#externalURL"").contents().unwrap(); });
[Available Options & Prices]
- [Color: Black / Delivery: Curbside Delivery - Free / Warranty: 5 Year (3 Years Full Service & Additional 2 Years Parts)] => Total Price: $6999.0 | Availability: Stock info unavailable
- [Color: Black / Delivery: White Glove Delivery - $275 / Warranty: 5 Year (3 Years Full Service & Additional 2 Years Parts)] => Total Price: $7274.0 | Availability: Stock info unavailable
- [Color: Brown / Delivery: Curbside Delivery - Free / Warranty: 5 Year (3 Years Full Service & Additional 2 Years Parts)] => Total Price: $6999.0 | Availability: Stock info unavailable
- [Color: Brown / Delivery: White Glove Delivery - $275 / Warranty: 5 Year (3 Years Full Service & Additional 2 Years Parts)] => Total Price: $7274.0 | Availability: Stock info unavailable
- [Color: Taupe / Delivery: Curbside Delivery - Free / Warranty: 5 Year (3 Years Full Service & Additional 2 Years Parts)] => Total Price: $6999.0 | Availability: Stock info unavailable
- [Color: Taupe / Delivery: White Glove Delivery - $275 / Warranty: 5 Year (3 Years Full Service & Additional 2 Years Parts)] => Total Price: $7274.0 | Availability: Stock info unavailable",6999.0,Massage Chair,Titan
titan-pro-3d-liberty,"Product Name: Titan Pro 3D Liberty
Description: Intelligent Voice Control Smart Body Scan 3D Massage Mechanism SL-Track System 22-Cell Full Body Air Massage Lumbar &amp; Foot Heating Therapy Foot Rollers Massage Calf Kneading Massage Automatic Leg Extension Touchscreen Controller const externalURL = ""https://ota-shawn.github.io/Products/Titan/Liberty.html"" $(""#externalURL"").load(externalURL, () => { $(""#externalURL"").contents().unwrap() })
[Available Options & Prices]
- [Color: Black / Delivery: Curbside Delivery - Free / Warranty: 1 Year(Parts/Labor) 2&3 Year(Parts Only) - Free] => Total Price: $2999.0 | Availability: Stock info unavailable
- [Color: Black / Delivery: Curbside Delivery - Free / Warranty: 1 Year Extended(Parts/Labor) - $249.95] => Total Price: $3248.95 | Availability: Stock info unavailable
- [Color: Black / Delivery: Curbside Delivery - Free / Warranty: 2 Year Extended(Parts/Labor) - $349.95] => Total Price: $3348.95 | Availability: Stock info unavailable
- [Color: Black / Delivery: White Glove Delivery (Installation) - $275 / Warranty: 1 Year(Parts/Labor) 2&3 Year(Parts Only) - Free] => Total Price: $3274.0 | Availability: Stock info unavailable
- [Color: Black / Delivery: White Glove Delivery (Installation) - $275 / Warranty: 1 Year Extended(Parts/Labor) - $249.95] => Total Price: $3523.95 | Availability: Stock info unavailable
- [Color: Black / Delivery: White Glove Delivery (Installation) - $275 / Warranty: 2 Year Extended(Parts/Labor) - $349.95] => Total Price: $3623.95 | Availability: Stock info unavailable
- [Color: Brown / Delivery: Curbside Delivery - Free / Warranty: 1 Year(Parts/Labor) 2&3 Year(Parts Only) - Free] => Total Price: $2999.0 | Availability: Stock info unavailable
- [Color: Brown / Delivery: Curbside Delivery - Free / Warranty: 1 Year Extended(Parts/Labor) - $249.95] => Total Price: $3248.95 | Availability: Stock info unavailable
- [Color: Brown / Delivery: Curbside Delivery - Free / Warranty: 2 Year Extended(Parts/Labor) - $349.95] => Total Price: $3348.95 | Availability: Stock info unavailable
- [Color: Brown / Delivery: White Glove Delivery (Installation) - $275 / Warranty: 1 Year(Parts/Labor) 2&3 Year(Parts Only) - Free] => Total Price: $3274.0 | Availability: Stock info unavailable
- [Color: Brown / Delivery: White Glove Delivery (Installation) - $275 / Warranty: 1 Year Extended(Parts/Labor) - $249.95] => Total Price: $3523.95 | Availability: Stock info unavailable
- [Color: Brown / Delivery: White Glove Delivery (Installation) - $275 / Warranty: 2 Year Extended(Parts/Labor) - $349.95] => Total Price: $3623.95 | Availability: Stock info unavailable
- [Color: Taupe / Delivery: Curbside Delivery - Free / Warranty: 1 Year(Parts/Labor) 2&3 Year(Parts Only) - Free] => Total Price: $2999.0 | Availability: Stock info unavailable
- [Color: Taupe / Delivery: Curbside Delivery - Free / Warranty: 1 Year Extended(Parts/Labor) - $249.95] => Total Price: $3248.95 | Availability: Stock info unavailable
- [Color: Taupe / Delivery: Curbside Delivery - Free / Warranty: 2 Year Extended(Parts/Labor) - $349.95] => Total Price: $3348.95 | Availability: Stock info unavailable
- [Color: Taupe / Delivery: White Glove Delivery (Installation) - $275 / Warranty: 1 Year(Parts/Labor) 2&3 Year(Parts Only) - Free] => Total Price: $3274.0 | Availability: Stock info unavailable
- [Color: Taupe / Delivery: White Glove Delivery (Installation) - $275 / Warranty: 1 Year Extended(Parts/Labor) - $249.95] => Total Price: $3523.95 | Availability: Stock info unavailable
- [Color: Taupe / Delivery: White Glove Delivery (Installation) - $275 / Warranty: 2 Year Extended(Parts/Labor) - $349.95] => Total Price: $3623.95 | Availability: Stock info unavailable",2999.0,Massage Chair,Titan
titan-pro-3d-nexa,"Product Name: Titan Pro 3D Nexa
Description: Intelligent Voice Control Smart Body Scan 3D Massage Mechanism SL-Track System 22-Cell Full Body Air Massage Lumbar &amp; Foot Heating Therapy Foot Rollers Massage Calf Kneading Massage Automatic Leg Extension Touchscreen Controller const externalURL = ""https://ota-shawn.github.io/Products/Titan/Nexa.html"" $(""#externalURL"").load(externalURL, () => { $(""#externalURL"").contents().unwrap() })
[Available Options & Prices]
- [Color: Black / Delivery: Curbside Delivery - Free / Warranty: 1 Year(Parts/Labor) 2&3 Year(Parts Only) - Free] => Total Price: $3999.0 | Availability: Stock info unavailable
- [Color: Black / Delivery: Curbside Delivery - Free / Warranty: 1 Year Extended(Parts/Labor) - $249.95] => Total Price: $4248.95 | Availability: Stock info unavailable
- [Color: Black / Delivery: Curbside Delivery - Free / Warranty: 2 Year Extended(Parts/Labor) - $349.95] => Total Price: $4348.95 | Availability: Stock info unavailable
- [Color: Black / Delivery: White Glove Delivery (Installation) - $275 / Warranty: 1 Year(Parts/Labor) 2&3 Year(Parts Only) - Free] => Total Price: $4274.0 | Availability: Stock info unavailable
- [Color: Black / Delivery: White Glove Delivery (Installation) - $275 / Warranty: 1 Year Extended(Parts/Labor) - $249.95] => Total Price: $4523.95 | Availability: Stock info unavailable
- [Color: Black / Delivery: White Glove Delivery (Installation) - $275 / Warranty: 2 Year Extended(Parts/Labor) - $349.95] => Total Price: $4623.95 | Availability: Stock info unavailable
- [Color: Brown / Delivery: Curbside Delivery - Free / Warranty: 1 Year(Parts/Labor) 2&3 Year(Parts Only) - Free] => Total Price: $3999.0 | Availability: Stock info unavailable
- [Color: Brown / Delivery: Curbside Delivery - Free / Warranty: 1 Year Extended(Parts/Labor) - $249.95] => Total Price: $4248.95 | Availability: Stock info unavailable
- [Color: Brown / Delivery: Curbside Delivery - Free / Warranty: 2 Year Extended(Parts/Labor) - $349.95] => Total Price: $4348.95 | Availability: Stock info unavailable
- [Color: Brown / Delivery: White Glove Delivery (Installation) - $275 / Warranty: 1 Year(Parts/Labor) 2&3 Year(Parts Only) - Free] => Total Price: $4274.0 | Availability: Stock info unavailable
- [Color: Brown / Delivery: White Glove Delivery (Installation) - $275 / Warranty: 1 Year Extended(Parts/Labor) - $249.95] => Total Price: $4523.95 | Availability: Stock info unavailable
- [Color: Brown / Delivery: White Glove Delivery (Installation) - $275 / Warranty: 2 Year Extended(Parts/Labor) - $349.95] => Total Price: $4623.95 | Availability: Stock info unavailable
- [Color: Taupe / Delivery: Curbside Delivery - Free / Warranty: 1 Year(Parts/Labor) 2&3 Year(Parts Only) - Free] => Total Price: $3999.0 | Availability: Stock info unavailable
- [Color: Taupe / Delivery: Curbside Delivery - Free / Warranty: 1 Year Extended(Parts/Labor) - $249.95] => Total Price: $4248.95 | Availability: Stock info unavailable
- [Color: Taupe / Delivery: Curbside Delivery - Free / Warranty: 2 Year Extended(Parts/Labor) - $349.95] => Total Price: $4348.95 | Availability: Stock info unavailable
- [Color: Taupe / Delivery: White Glove Delivery (Installation) - $275 / Warranty: 1 Year(Parts/Labor) 2&3 Year(Parts Only) - Free] => Total Price: $4274.0 | Availability: Stock info unavailable
- [Color: Taupe / Delivery: White Glove Delivery (Installation) - $275 / Warranty: 1 Year Extended(Parts/Labor) - $249.95] => Total Price: $4523.95 | Availability: Stock info unavailable
- [Color: Taupe / Delivery: White Glove Delivery (Installation) - $275 / Warranty: 2 Year Extended(Parts/Labor) - $349.95] => Total Price: $4623.95 | Availability: Stock info unavailable",3999.0,Massage Chair,Titan
titan-pro-3d-prestige-le,"Product Name: Titan Pro-3D Prestige LE
Description: 3D Massage Mechanism Computer Body Scan System SL-Track Full Body Compression Massage Lumbar Heat Therapy 6 Auto Programs &amp; 6 Massage Styles Zero Gravity Reclining Space Saving Technology Spring-Loaded Extendable Footrest Bluetooth Speakers const externalURL = ""https://ota-shawn.github.io/Products/Titan/Prestige%20LE.html""; $(""#externalURL"").load(externalURL, () => { $(""#externalURL"").contents().unwrap(); });
[Available Options & Prices]
- [Color: Black / Delivery: Curbside Delivery - Free / Warranty: 1 Year(Parts/Labor) 2&3 Year(Parts Only) - Free] => Total Price: $4999.0 | Availability: Stock info unavailable
- [Color: Black / Delivery: Curbside Delivery - Free / Warranty: 1 Year Extended(Parts/Labor) - $249.95] => Total Price: $5248.95 | Availability: Stock info unavailable
- [Color: Black / Delivery: Curbside Delivery - Free / Warranty: 2 Year Extended(Parts/Labor) - $349.95] => Total Price: $5348.95 | Availability: Stock info unavailable
- [Color: Black / Delivery: White Glove Delivery - $275 / Warranty: 1 Year(Parts/Labor) 2&3 Year(Parts Only) - Free] => Total Price: $5274.0 | Availability: Stock info unavailable
- [Color: Black / Delivery: White Glove Delivery - $275 / Warranty: 1 Year Extended(Parts/Labor) - $249.95] => Total Price: $5523.95 | Availability: Stock info unavailable
- [Color: Black / Delivery: White Glove Delivery - $275 / Warranty: 2 Year Extended(Parts/Labor) - $349.95] => Total Price: $5623.95 | Availability: Stock info unavailable
- [Color: Brown / Delivery: Curbside Delivery - Free / Warranty: 1 Year(Parts/Labor) 2&3 Year(Parts Only) - Free] => Total Price: $4999.0 | Availability: Stock info unavailable
- [Color: Brown / Delivery: Curbside Delivery - Free / Warranty: 1 Year Extended(Parts/Labor) - $249.95] => Total Price: $5248.95 | Availability: Stock info unavailable
- [Color: Brown / Delivery: Curbside Delivery - Free / Warranty: 2 Year Extended(Parts/Labor) - $349.95] => Total Price: $5348.95 | Availability: Stock info unavailable
- [Color: Brown / Delivery: White Glove Delivery - $275 / Warranty: 1 Year(Parts/Labor) 2&3 Year(Parts Only) - Free] => Total Price: $5274.0 | Availability: Stock info unavailable
- [Color: Brown / Delivery: White Glove Delivery - $275 / Warranty: 1 Year Extended(Parts/Labor) - $249.95] => Total Price: $5523.95 | Availability: Stock info unavailable
- [Color: Brown / Delivery: White Glove Delivery - $275 / Warranty: 2 Year Extended(Parts/Labor) - $349.95] => Total Price: $5623.95 | Availability: Stock info unavailable
- [Color: Taupe / Delivery: Curbside Delivery - Free / Warranty: 1 Year(Parts/Labor) 2&3 Year(Parts Only) - Free] => Total Price: $4999.0 | Availability: Stock info unavailable
- [Color: Taupe / Delivery: Curbside Delivery - Free / Warranty: 1 Year Extended(Parts/Labor) - $249.95] => Total Price: $5248.95 | Availability: Stock info unavailable
- [Color: Taupe / Delivery: Curbside Delivery - Free / Warranty: 2 Year Extended(Parts/Labor) - $349.95] => Total Price: $5348.95 | Availability: Stock info unavailable
- [Color: Taupe / Delivery: White Glove Delivery - $275 / Warranty: 1 Year(Parts/Labor) 2&3 Year(Parts Only) - Free] => Total Price: $5274.0 | Availability: Stock info unavailable
- [Color: Taupe / Delivery: White Glove Delivery - $275 / Warranty: 1 Year Extended(Parts/Labor) - $249.95] => Total Price: $5523.95 | Availability: Stock info unavailable
- [Color: Taupe / Delivery: White Glove Delivery - $275 / Warranty: 2 Year Extended(Parts/Labor) - $349.95] => Total Price: $5623.95 | Availability: Stock info unavailable",4999.0,Massage Chair,Titan
titan-pro-4d-aria,"Product Name: Titan Pro 4D Aria
Description: Dual Rail Massage System Intelligent Voice Control 4D Massage Mechanism Smart Body Scan SL-Track System 28-Cell Full Body Air Massage Lumbar &amp; Foot Heating Therapy Triple Foot &amp; Calf Roller Massage Automatic Leg Extension const externalURL = ""https://ota-shawn.github.io/Products/Titan/Aria.html"" $(""#externalURL"").load(externalURL, () => { $(""#externalURL"").contents().unwrap() })
[Available Options & Prices]
- [Color: Black / Delivery: Curbside Delivery - Free / Warranty: 1 Year(Parts/Labor) 2&3 Year(Parts Only) - Free] => Total Price: $8999.0 | Availability: Stock info unavailable
- [Color: Black / Delivery: Curbside Delivery - Free / Warranty: 1 Year Extended(Parts/Labor) - $249.95] => Total Price: $9248.95 | Availability: Stock info unavailable
- [Color: Black / Delivery: Curbside Delivery - Free / Warranty: 2 Year Extended(Parts/Labor) - $349.95] => Total Price: $9348.95 | Availability: Stock info unavailable
- [Color: Black / Delivery: White Glove Delivery (Installation) - $275 / Warranty: 1 Year(Parts/Labor) 2&3 Year(Parts Only) - Free] => Total Price: $9274.0 | Availability: Stock info unavailable
- [Color: Black / Delivery: White Glove Delivery (Installation) - $275 / Warranty: 1 Year Extended(Parts/Labor) - $249.95] => Total Price: $9523.95 | Availability: Stock info unavailable
- [Color: Black / Delivery: White Glove Delivery (Installation) - $275 / Warranty: 2 Year Extended(Parts/Labor) - $349.95] => Total Price: $9623.95 | Availability: Stock info unavailable
- [Color: Brown / Delivery: Curbside Delivery - Free / Warranty: 1 Year(Parts/Labor) 2&3 Year(Parts Only) - Free] => Total Price: $8999.0 | Availability: Stock info unavailable
- [Color: Brown / Delivery: Curbside Delivery - Free / Warranty: 1 Year Extended(Parts/Labor) - $249.95] => Total Price: $9248.95 | Availability: Stock info unavailable
- [Color: Brown / Delivery: Curbside Delivery - Free / Warranty: 2 Year Extended(Parts/Labor) - $349.95] => Total Price: $9348.95 | Availability: Stock info unavailable
- [Color: Brown / Delivery: White Glove Delivery (Installation) - $275 / Warranty: 1 Year(Parts/Labor) 2&3 Year(Parts Only) - Free] => Total Price: $9274.0 | Availability: Stock info unavailable
- [Color: Brown / Delivery: White Glove Delivery (Installation) - $275 / Warranty: 1 Year Extended(Parts/Labor) - $249.95] => Total Price: $9523.95 | Availability: Stock info unavailable
- [Color: Brown / Delivery: White Glove Delivery (Installation) - $275 / Warranty: 2 Year Extended(Parts/Labor) - $349.95] => Total Price: $9623.95 | Availability: Stock info unavailable
- [Color: Taupe / Delivery: Curbside Delivery - Free / Warranty: 1 Year(Parts/Labor) 2&3 Year(Parts Only) - Free] => Total Price: $8999.0 | Availability: Stock info unavailable
- [Color: Taupe / Delivery: Curbside Delivery - Free / Warranty: 1 Year Extended(Parts/Labor) - $249.95] => Total Price: $9248.95 | Availability: Stock info unavailable
- [Color: Taupe / Delivery: Curbside Delivery - Free / Warranty: 2 Year Extended(Parts/Labor) - $349.95] => Total Price: $9348.95 | Availability: Stock info unavailable
- [Color: Taupe / Delivery: White Glove Delivery (Installation) - $275 / Warranty: 1 Year(Parts/Labor) 2&3 Year(Parts Only) - Free] => Total Price: $9274.0 | Availability: Stock info unavailable
- [Color: Taupe / Delivery: White Glove Delivery (Installation) - $275 / Warranty: 1 Year Extended(Parts/Labor) - $249.95] => Total Price: $9523.95 | Availability: Stock info unavailable
- [Color: Taupe / Delivery: White Glove Delivery (Installation) - $275 / Warranty: 2 Year Extended(Parts/Labor) - $349.95] => Total Price: $9623.95 | Availability: Stock info unavailable",8999.0,Massage Chair,Titan
titan-pro-4d-astro,"Product Name: Titan Pro 4D Astro
Description: Intelligent Health Detection 4D Massage Mechanism Body Scan Technology SL-Track 26-Cell Air Compression Massage 20 Auto Programs 5 Manual Programs Spring-Loaded Extendable Footrest Calf Bumper &amp; Foot Rollers Lumbar Heating Touchscreen Remote Voice Recognition const externalURL = ""https://ota-shawn.github.io/Products/Titan/Astro.html""; $(""#externalURL"").load(externalURL, () => { $(""#externalURL"").contents().unwrap(); });
[Available Options & Prices]
- [Color: Black / Delivery: Curbside - Free / Warranty: 1 Year (Parts/Labor) 2&3 Year (Parts Only) - Free] => Total Price: $4499.0 | Availability: Stock info unavailable
- [Color: Black / Delivery: Curbside - Free / Warranty: 1 Year Extended (Parts/Labor) - $249.95] => Total Price: $4748.95 | Availability: Stock info unavailable
- [Color: Black / Delivery: Curbside - Free / Warranty: 2 Year Extended (Parts/Labor) - $349.95] => Total Price: $4848.95 | Availability: Stock info unavailable
- [Color: Black / Delivery: White Glove - $275 / Warranty: 1 Year (Parts/Labor) 2&3 Year (Parts Only) - Free] => Total Price: $4774.0 | Availability: Stock info unavailable
- [Color: Black / Delivery: White Glove - $275 / Warranty: 1 Year Extended (Parts/Labor) - $249.95] => Total Price: $5023.95 | Availability: Stock info unavailable
- [Color: Black / Delivery: White Glove - $275 / Warranty: 2 Year Extended (Parts/Labor) - $349.95] => Total Price: $5123.95 | Availability: Stock info unavailable
- [Color: Brown / Delivery: Curbside - Free / Warranty: 1 Year (Parts/Labor) 2&3 Year (Parts Only) - Free] => Total Price: $4499.0 | Availability: Stock info unavailable
- [Color: Brown / Delivery: Curbside - Free / Warranty: 1 Year Extended (Parts/Labor) - $249.95] => Total Price: $4748.95 | Availability: Stock info unavailable
- [Color: Brown / Delivery: Curbside - Free / Warranty: 2 Year Extended (Parts/Labor) - $349.95] => Total Price: $4848.95 | Availability: Stock info unavailable
- [Color: Brown / Delivery: White Glove - $275 / Warranty: 1 Year (Parts/Labor) 2&3 Year (Parts Only) - Free] => Total Price: $4774.0 | Availability: Stock info unavailable
- [Color: Brown / Delivery: White Glove - $275 / Warranty: 1 Year Extended (Parts/Labor) - $249.95] => Total Price: $5023.95 | Availability: Stock info unavailable
- [Color: Brown / Delivery: White Glove - $275 / Warranty: 2 Year Extended (Parts/Labor) - $349.95] => Total Price: $5123.95 | Availability: Stock info unavailable
- [Color: Taupe / Delivery: Curbside - Free / Warranty: 1 Year (Parts/Labor) 2&3 Year (Parts Only) - Free] => Total Price: $4499.0 | Availability: Stock info unavailable
- [Color: Taupe / Delivery: Curbside - Free / Warranty: 1 Year Extended (Parts/Labor) - $249.95] => Total Price: $4748.95 | Availability: Stock info unavailable
- [Color: Taupe / Delivery: Curbside - Free / Warranty: 2 Year Extended (Parts/Labor) - $349.95] => Total Price: $4848.95 | Availability: Stock info unavailable
- [Color: Taupe / Delivery: White Glove - $275 / Warranty: 1 Year (Parts/Labor) 2&3 Year (Parts Only) - Free] => Total Price: $4774.0 | Availability: Stock info unavailable
- [Color: Taupe / Delivery: White Glove - $275 / Warranty: 1 Year Extended (Parts/Labor) - $249.95] => Total Price: $5023.95 | Availability: Stock info unavailable
- [Color: Taupe / Delivery: White Glove - $275 / Warranty: 2 Year Extended (Parts/Labor) - $349.95] => Total Price: $5123.95 | Availability: Stock info unavailable",4499.0,Massage Chair,Titan
titan-pro-4d-endor,"Product Name: Titan Pro 4D Endor
Description: 4D Massage Mechanism SL-Track 22 Cell Full Body Air Massage Lumbar Heat Therapy 12 Automatic Massage Modes 6 Manual Massage Styles Specialized Foot Rollers Automatic Foot Extension const externalURL = ""https://ota-shawn.github.io/Products/Titan/Endor.html""; $(""#externalURL"").load(externalURL, () => { $(""#externalURL"").contents().unwrap(); });
[Available Options & Prices]
- [Color: Taupe / Delivery: Curbside Delivery - Free / Warranty: 1 Year (Parts/Labor) 2&3 Year (Parts Only) - Free] => Total Price: $3499.0 | Availability: Stock info unavailable
- [Color: Taupe / Delivery: Curbside Delivery - Free / Warranty: 1 Year Extended (Parts/Labor) - $249.95] => Total Price: $3748.95 | Availability: Stock info unavailable
- [Color: Taupe / Delivery: Curbside Delivery - Free / Warranty: 2 Year Extended (Parts/Labor) - $349.95] => Total Price: $3848.95 | Availability: Stock info unavailable
- [Color: Taupe / Delivery: White Glove Delivery (Installation) - $275 / Warranty: 1 Year (Parts/Labor) 2&3 Year (Parts Only) - Free] => Total Price: $3774.0 | Availability: Stock info unavailable
- [Color: Taupe / Delivery: White Glove Delivery (Installation) - $275 / Warranty: 1 Year Extended (Parts/Labor) - $249.95] => Total Price: $4023.95 | Availability: Stock info unavailable
- [Color: Taupe / Delivery: White Glove Delivery (Installation) - $275 / Warranty: 2 Year Extended (Parts/Labor) - $349.95] => Total Price: $4123.95 | Availability: Stock info unavailable
- [Color: Brown / Delivery: Curbside Delivery - Free / Warranty: 1 Year (Parts/Labor) 2&3 Year (Parts Only) - Free] => Total Price: $3499.0 | Availability: Stock info unavailable
- [Color: Brown / Delivery: Curbside Delivery - Free / Warranty: 1 Year Extended (Parts/Labor) - $249.95] => Total Price: $3748.95 | Availability: Stock info unavailable
- [Color: Brown / Delivery: Curbside Delivery - Free / Warranty: 2 Year Extended (Parts/Labor) - $349.95] => Total Price: $3848.95 | Availability: Stock info unavailable
- [Color: Brown / Delivery: White Glove Delivery (Installation) - $275 / Warranty: 1 Year (Parts/Labor) 2&3 Year (Parts Only) - Free] => Total Price: $3774.0 | Availability: Stock info unavailable
- [Color: Brown / Delivery: White Glove Delivery (Installation) - $275 / Warranty: 1 Year Extended (Parts/Labor) - $249.95] => Total Price: $4023.95 | Availability: Stock info unavailable
- [Color: Brown / Delivery: White Glove Delivery (Installation) - $275 / Warranty: 2 Year Extended (Parts/Labor) - $349.95] => Total Price: $4123.95 | Availability: Stock info unavailable
- [Color: Black / Delivery: Curbside Delivery - Free / Warranty: 1 Year (Parts/Labor) 2&3 Year (Parts Only) - Free] => Total Price: $3499.0 | Availability: Stock info unavailable
- [Color: Black / Delivery: Curbside Delivery - Free / Warranty: 1 Year Extended (Parts/Labor) - $249.95] => Total Price: $3748.95 | Availability: Stock info unavailable
- [Color: Black / Delivery: Curbside Delivery - Free / Warranty: 2 Year Extended (Parts/Labor) - $349.95] => Total Price: $3848.95 | Availability: Stock info unavailable
- [Color: Black / Delivery: White Glove Delivery (Installation) - $275 / Warranty: 1 Year (Parts/Labor) 2&3 Year (Parts Only) - Free] => Total Price: $3774.0 | Availability: Stock info unavailable
- [Color: Black / Delivery: White Glove Delivery (Installation) - $275 / Warranty: 1 Year Extended (Parts/Labor) - $249.95] => Total Price: $4023.95 | Availability: Stock info unavailable
- [Color: Black / Delivery: White Glove Delivery (Installation) - $275 / Warranty: 2 Year Extended (Parts/Labor) - $349.95] => Total Price: $4123.95 | Availability: Stock info unavailable",3499.0,Massage Chair,Titan
titan-pro-acro-3d,"Product Name: Titan Pro-Acro 3D
Description: Intelligent Voice Control Heart Rate Monitor 3D Massage Mechanism SL-Track Computerized Body Scanning 24 Air Cell Full Body Compression 2 Stage Zero Gravity Space Saving Technology 21 Auto Programs &amp; 6 Massage Styles Lumbar Heat Therapy Calf Kneading Surround Sound Bluetooth Speakers USB Charger &amp; Remote Holder const externalURL = ""https://ota-shawn.github.io/Products/Titan/Titan%20Pro-Acro%203D.html""; $(""#externalURL"").load(externalURL, () => { $(""#externalURL"").contents().unwrap(); });
[Available Options & Prices]
- [Color: Black / Delivery: Curbside Delivery - Free / Warranty: 1 Year(Parts/Labor) 2&3 Year(Parts Only) - Free] => Total Price: $4999.0 | Availability: Stock info unavailable
- [Color: Black / Delivery: Curbside Delivery - Free / Warranty: 1 Year Extended(Parts/Labor) - $249.95] => Total Price: $5248.95 | Availability: Stock info unavailable
- [Color: Black / Delivery: Curbside Delivery - Free / Warranty: 2 Year Extended(Parts/Labor) - $349.95] => Total Price: $5348.95 | Availability: Stock info unavailable
- [Color: Black / Delivery: White Glove Delivery - $275 / Warranty: 1 Year(Parts/Labor) 2&3 Year(Parts Only) - Free] => Total Price: $5274.0 | Availability: Stock info unavailable
- [Color: Black / Delivery: White Glove Delivery - $275 / Warranty: 1 Year Extended(Parts/Labor) - $249.95] => Total Price: $5523.95 | Availability: Stock info unavailable
- [Color: Black / Delivery: White Glove Delivery - $275 / Warranty: 2 Year Extended(Parts/Labor) - $349.95] => Total Price: $5623.95 | Availability: Stock info unavailable
- [Color: Brown / Delivery: Curbside Delivery - Free / Warranty: 1 Year(Parts/Labor) 2&3 Year(Parts Only) - Free] => Total Price: $4999.0 | Availability: Stock info unavailable
- [Color: Brown / Delivery: Curbside Delivery - Free / Warranty: 1 Year Extended(Parts/Labor) - $249.95] => Total Price: $5248.95 | Availability: Stock info unavailable
- [Color: Brown / Delivery: Curbside Delivery - Free / Warranty: 2 Year Extended(Parts/Labor) - $349.95] => Total Price: $5348.95 | Availability: Stock info unavailable
- [Color: Brown / Delivery: White Glove Delivery - $275 / Warranty: 1 Year(Parts/Labor) 2&3 Year(Parts Only) - Free] => Total Price: $5274.0 | Availability: Stock info unavailable
- [Color: Brown / Delivery: White Glove Delivery - $275 / Warranty: 1 Year Extended(Parts/Labor) - $249.95] => Total Price: $5523.95 | Availability: Stock info unavailable
- [Color: Brown / Delivery: White Glove Delivery - $275 / Warranty: 2 Year Extended(Parts/Labor) - $349.95] => Total Price: $5623.95 | Availability: Stock info unavailable
- [Color: Taupe / Delivery: Curbside Delivery - Free / Warranty: 1 Year(Parts/Labor) 2&3 Year(Parts Only) - Free] => Total Price: $4999.0 | Availability: Stock info unavailable
- [Color: Taupe / Delivery: Curbside Delivery - Free / Warranty: 1 Year Extended(Parts/Labor) - $249.95] => Total Price: $5248.95 | Availability: Stock info unavailable
- [Color: Taupe / Delivery: Curbside Delivery - Free / Warranty: 2 Year Extended(Parts/Labor) - $349.95] => Total Price: $5348.95 | Availability: Stock info unavailable
- [Color: Taupe / Delivery: White Glove Delivery - $275 / Warranty: 1 Year(Parts/Labor) 2&3 Year(Parts Only) - Free] => Total Price: $5274.0 | Availability: Stock info unavailable
- [Color: Taupe / Delivery: White Glove Delivery - $275 / Warranty: 1 Year Extended(Parts/Labor) - $249.95] => Total Price: $5523.95 | Availability: Stock info unavailable
- [Color: Taupe / Delivery: White Glove Delivery - $275 / Warranty: 2 Year Extended(Parts/Labor) - $349.95] => Total Price: $5623.95 | Availability: Stock info unavailable",4999.0,Massage Chair,Titan
titan-pro-cura-4d,"Product Name: Titan Pro Cura 4D
Description: 4D Massage Mechanism Intelligent Voice Control Spinning Calf Massagers Smart Body Scan SL-Track System 32-Cell Full Body Air Massage Lumbar &amp; Foot Heating Therapy Intelligent Health Detection Triple Foot &amp; Calf Roller Massage Automatic Leg Extension Touchscreen Controller const externalURL = ""https://ota-shawn.github.io/Products/Titan/Cura.html"" $(""#externalURL"").load(externalURL, () => { $(""#externalURL"").contents().unwrap() })
[Available Options & Prices]
- [Color: Black / Delivery: Curbside Delivery - Free / Warranty: 1 Year(Parts/Labor) 2&3 Year(Parts Only) - Free] => Total Price: $8999.0 | Availability: Stock info unavailable
- [Color: Black / Delivery: Curbside Delivery - Free / Warranty: 1 Year Extended(Parts/Labor) - $249.95] => Total Price: $9248.95 | Availability: Stock info unavailable
- [Color: Black / Delivery: Curbside Delivery - Free / Warranty: 2 Year Extended(Parts/Labor) - $349.95] => Total Price: $9348.95 | Availability: Stock info unavailable
- [Color: Black / Delivery: White Glove Delivery (Installation) - $275 / Warranty: 1 Year(Parts/Labor) 2&3 Year(Parts Only) - Free] => Total Price: $9274.0 | Availability: Stock info unavailable
- [Color: Black / Delivery: White Glove Delivery (Installation) - $275 / Warranty: 1 Year Extended(Parts/Labor) - $249.95] => Total Price: $9523.95 | Availability: Stock info unavailable
- [Color: Black / Delivery: White Glove Delivery (Installation) - $275 / Warranty: 2 Year Extended(Parts/Labor) - $349.95] => Total Price: $9623.95 | Availability: Stock info unavailable
- [Color: Brown / Delivery: Curbside Delivery - Free / Warranty: 1 Year(Parts/Labor) 2&3 Year(Parts Only) - Free] => Total Price: $8999.0 | Availability: Stock info unavailable
- [Color: Brown / Delivery: Curbside Delivery - Free / Warranty: 1 Year Extended(Parts/Labor) - $249.95] => Total Price: $9248.95 | Availability: Stock info unavailable
- [Color: Brown / Delivery: Curbside Delivery - Free / Warranty: 2 Year Extended(Parts/Labor) - $349.95] => Total Price: $9348.95 | Availability: Stock info unavailable
- [Color: Brown / Delivery: White Glove Delivery (Installation) - $275 / Warranty: 1 Year(Parts/Labor) 2&3 Year(Parts Only) - Free] => Total Price: $9274.0 | Availability: Stock info unavailable
- [Color: Brown / Delivery: White Glove Delivery (Installation) - $275 / Warranty: 1 Year Extended(Parts/Labor) - $249.95] => Total Price: $9523.95 | Availability: Stock info unavailable
- [Color: Brown / Delivery: White Glove Delivery (Installation) - $275 / Warranty: 2 Year Extended(Parts/Labor) - $349.95] => Total Price: $9623.95 | Availability: Stock info unavailable
- [Color: Taupe / Delivery: Curbside Delivery - Free / Warranty: 1 Year(Parts/Labor) 2&3 Year(Parts Only) - Free] => Total Price: $8999.0 | Availability: Stock info unavailable
- [Color: Taupe / Delivery: Curbside Delivery - Free / Warranty: 1 Year Extended(Parts/Labor) - $249.95] => Total Price: $9248.95 | Availability: Stock info unavailable
- [Color: Taupe / Delivery: Curbside Delivery - Free / Warranty: 2 Year Extended(Parts/Labor) - $349.95] => Total Price: $9348.95 | Availability: Stock info unavailable
- [Color: Taupe / Delivery: White Glove Delivery (Installation) - $275 / Warranty: 1 Year(Parts/Labor) 2&3 Year(Parts Only) - Free] => Total Price: $9274.0 | Availability: Stock info unavailable
- [Color: Taupe / Delivery: White Glove Delivery (Installation) - $275 / Warranty: 1 Year Extended(Parts/Labor) - $249.95] => Total Price: $9523.95 | Availability: Stock info unavailable
- [Color: Taupe / Delivery: White Glove Delivery (Installation) - $275 / Warranty: 2 Year Extended(Parts/Labor) - $349.95] => Total Price: $9623.95 | Availability: Stock info unavailable",8999.0,Massage Chair,Titan
titan-pro-m2,"Product Name: Titan Pro M2
Description: Full Body Sync Massage Mechanism Lumbar &amp; Calf Heating Specialized Neck Massage Straight Track &amp; Glutes Kneading Intelligent Voice Control 24 Cell Full Body Air Massage 2 Rotating Foot Massagers Spring-Loaded Extendable Footrest const externalURL = ""https://ota-shawn.github.io/Products/Titan/Pro%20M2.html""; $(""#externalURL"").load(externalURL, () => { $(""#externalURL"").contents().unwrap(); });
[Available Options & Prices]
- [Color: Taupe / Delivery: Curbside - Free / Warranty: 1 Year (Parts/Labor) 2&3 Year (Parts Only) - Free] => Total Price: $2999.0 | Availability: Stock info unavailable
- [Color: Taupe / Delivery: Curbside - Free / Warranty: 1 Year Extended (Parts/Labor) - $249.95] => Total Price: $3248.95 | Availability: Stock info unavailable
- [Color: Taupe / Delivery: Curbside - Free / Warranty: 2 Year Extended (Parts/Labor) - $349.95] => Total Price: $3348.95 | Availability: Stock info unavailable
- [Color: Taupe / Delivery: White Glove - $275 / Warranty: 1 Year (Parts/Labor) 2&3 Year (Parts Only) - Free] => Total Price: $3274.0 | Availability: Stock info unavailable
- [Color: Taupe / Delivery: White Glove - $275 / Warranty: 1 Year Extended (Parts/Labor) - $249.95] => Total Price: $3523.95 | Availability: Stock info unavailable
- [Color: Taupe / Delivery: White Glove - $275 / Warranty: 2 Year Extended (Parts/Labor) - $349.95] => Total Price: $3623.95 | Availability: Stock info unavailable
- [Color: Black / Delivery: Curbside - Free / Warranty: 1 Year (Parts/Labor) 2&3 Year (Parts Only) - Free] => Total Price: $2999.0 | Availability: Stock info unavailable
- [Color: Black / Delivery: Curbside - Free / Warranty: 1 Year Extended (Parts/Labor) - $249.95] => Total Price: $3248.95 | Availability: Stock info unavailable
- [Color: Black / Delivery: Curbside - Free / Warranty: 2 Year Extended (Parts/Labor) - $349.95] => Total Price: $3348.95 | Availability: Stock info unavailable
- [Color: Black / Delivery: White Glove - $275 / Warranty: 1 Year (Parts/Labor) 2&3 Year (Parts Only) - Free] => Total Price: $3274.0 | Availability: Stock info unavailable
- [Color: Black / Delivery: White Glove - $275 / Warranty: 1 Year Extended (Parts/Labor) - $249.95] => Total Price: $3523.95 | Availability: Stock info unavailable
- [Color: Black / Delivery: White Glove - $275 / Warranty: 2 Year Extended (Parts/Labor) - $349.95] => Total Price: $3623.95 | Availability: Stock info unavailable
- [Color: Brown / Delivery: Curbside - Free / Warranty: 1 Year (Parts/Labor) 2&3 Year (Parts Only) - Free] => Total Price: $2999.0 | Availability: Stock info unavailable
- [Color: Brown / Delivery: Curbside - Free / Warranty: 1 Year Extended (Parts/Labor) - $249.95] => Total Price: $3248.95 | Availability: Stock info unavailable
- [Color: Brown / Delivery: Curbside - Free / Warranty: 2 Year Extended (Parts/Labor) - $349.95] => Total Price: $3348.95 | Availability: Stock info unavailable
- [Color: Brown / Delivery: White Glove - $275 / Warranty: 1 Year (Parts/Labor) 2&3 Year (Parts Only) - Free] => Total Price: $3274.0 | Availability: Stock info unavailable
- [Color: Brown / Delivery: White Glove - $275 / Warranty: 1 Year Extended (Parts/Labor) - $249.95] => Total Price: $3523.95 | Availability: Stock info unavailable
- [Color: Brown / Delivery: White Glove - $275 / Warranty: 2 Year Extended (Parts/Labor) - $349.95] => Total Price: $3623.95 | Availability: Stock info unavailable",2999.0,Massage Chair,Titan
titan-pro-vigor-4d,"Product Name: Titan Pro-Vigor 4D
Description: 4D Massage Mechanism Computerized Body Scanning SL-Track Heated Back Roller 2 Stage Zero Gravity Space Saving Technology 24 Air Cell Full Body Compression Deep Calf Kneading Kneading Foot Massage Automatic Extendable Footrest Touchscreen Control Surround Sound Bluetooth Speakers Wireless Phone Charger Convenient Shortcut Panel const externalURL = ""https://ota-shawn.github.io/Products/Titan/Titan%20Pro-Vigor%204D.html""; $(""#externalURL"").load(externalURL, () => { $(""#externalURL"").contents().unwrap(); });
[Available Options & Prices]
- [Color: Black / Delivery: Curbside Delivery - Free / Warranty: 5 Year (3 Years Full Service & Additional 2 Years Parts)] => Total Price: $3299.0 | Availability: Stock info unavailable
- [Color: Black / Delivery: White Glove (Installation) - $275 / Warranty: 5 Year (3 Years Full Service & Additional 2 Years Parts)] => Total Price: $3574.0 | Availability: Stock info unavailable
- [Color: Brown / Delivery: Curbside Delivery - Free / Warranty: 5 Year (3 Years Full Service & Additional 2 Years Parts)] => Total Price: $3299.0 | Availability: Stock info unavailable
- [Color: Brown / Delivery: White Glove (Installation) - $275 / Warranty: 5 Year (3 Years Full Service & Additional 2 Years Parts)] => Total Price: $3574.0 | Availability: Stock info unavailable
- [Color: Taupe / Delivery: Curbside Delivery - Free / Warranty: 5 Year (3 Years Full Service & Additional 2 Years Parts)] => Total Price: $3299.0 | Availability: Stock info unavailable
- [Color: Taupe / Delivery: White Glove (Installation) - $275 / Warranty: 5 Year (3 Years Full Service & Additional 2 Years Parts)] => Total Price: $3574.0 | Availability: Stock info unavailable",3299.0,Massage Chair,Titan
titan-rejuv-4d-chair,"Product Name: Titan Rejūv 4D
Description: Intelligent Health Detection Soothing Heating Therapy SL-Track System Touchscreen Controller Lumbar Heating Therapy 18 Auto Programs &amp; 11 Massage Styles Convenient Remote Control Specialized Foot Rollers const externalURL = ""https://ota-shawn.github.io/Products/Titan/Rejuv.html""; $(""#externalURL"").load(externalURL, () => { $(""#externalURL"").contents().unwrap(); });
[Available Options & Prices]
- [Color: Brown / Delivery: Curbside Delivery - Free / Warranty: 1 Year(Parts/Labor) 2&3 Year(Parts Only) - Free] => Total Price: $2999.0 | Availability: Stock info unavailable
- [Color: Brown / Delivery: Curbside Delivery - Free / Warranty: 1 Year Extended(Parts/Labor) - $249.95] => Total Price: $3248.95 | Availability: Stock info unavailable
- [Color: Brown / Delivery: Curbside Delivery - Free / Warranty: 2 Year Extended(Parts/Labor) - $349.95] => Total Price: $3348.95 | Availability: Stock info unavailable
- [Color: Brown / Delivery: White Glove Delivery (Installation)- $275 / Warranty: 1 Year(Parts/Labor) 2&3 Year(Parts Only) - Free] => Total Price: $3274.0 | Availability: Stock info unavailable
- [Color: Brown / Delivery: White Glove Delivery (Installation)- $275 / Warranty: 1 Year Extended(Parts/Labor) - $249.95] => Total Price: $3523.95 | Availability: Stock info unavailable
- [Color: Brown / Delivery: White Glove Delivery (Installation)- $275 / Warranty: 2 Year Extended(Parts/Labor) - $349.95] => Total Price: $3623.95 | Availability: Stock info unavailable
- [Color: Blue / Delivery: Curbside Delivery - Free / Warranty: 1 Year(Parts/Labor) 2&3 Year(Parts Only) - Free] => Total Price: $2999.0 | Availability: Stock info unavailable
- [Color: Blue / Delivery: Curbside Delivery - Free / Warranty: 1 Year Extended(Parts/Labor) - $249.95] => Total Price: $3248.95 | Availability: Stock info unavailable
- [Color: Blue / Delivery: Curbside Delivery - Free / Warranty: 2 Year Extended(Parts/Labor) - $349.95] => Total Price: $3348.95 | Availability: Stock info unavailable
- [Color: Blue / Delivery: White Glove Delivery (Installation)- $275 / Warranty: 1 Year(Parts/Labor) 2&3 Year(Parts Only) - Free] => Total Price: $3274.0 | Availability: Stock info unavailable
- [Color: Blue / Delivery: White Glove Delivery (Installation)- $275 / Warranty: 1 Year Extended(Parts/Labor) - $249.95] => Total Price: $3523.95 | Availability: Stock info unavailable
- [Color: Blue / Delivery: White Glove Delivery (Installation)- $275 / Warranty: 2 Year Extended(Parts/Labor) - $349.95] => Total Price: $3623.95 | Availability: Stock info unavailable
- [Color: Black / Delivery: Curbside Delivery - Free / Warranty: 1 Year(Parts/Labor) 2&3 Year(Parts Only) - Free] => Total Price: $2999.0 | Availability: Stock info unavailable
- [Color: Black / Delivery: Curbside Delivery - Free / Warranty: 1 Year Extended(Parts/Labor) - $249.95] => Total Price: $3248.95 | Availability: Stock info unavailable
- [Color: Black / Delivery: Curbside Delivery - Free / Warranty: 2 Year Extended(Parts/Labor) - $349.95] => Total Price: $3348.95 | Availability: Stock info unavailable
- [Color: Black / Delivery: White Glove Delivery (Installation)- $275 / Warranty: 1 Year(Parts/Labor) 2&3 Year(Parts Only) - Free] => Total Price: $3274.0 | Availability: Stock info unavailable
- [Color: Black / Delivery: White Glove Delivery (Installation)- $275 / Warranty: 1 Year Extended(Parts/Labor) - $249.95] => Total Price: $3523.95 | Availability: Stock info unavailable
- [Color: Black / Delivery: White Glove Delivery (Installation)- $275 / Warranty: 2 Year Extended(Parts/Labor) - $349.95] => Total Price: $3623.95 | Availability: Stock info unavailable",2999.0,Massage Chair,Titan Chair
titan-remedy-4d,"Product Name: Titan Remedy Pro 4D
Description: 4D MASSAGE MECHANISM BLUETOOTH CONTROLLER BODY SCAN TECHNOLOGY SL-TRACK SYSTEM 3-STAGE ZERO GRAVITY RECLINING SPACE-SAVING TECHNOLOGY 30-CELL AIR COMPRESSION MASSAGE LUMBAR &amp; CALF HEATING THERAPY 15 AUTO PROGRAMS 10 MANUAL MODELS SPECIALIZED FOOT MASSAGE AUTOMATIC EXTENDABLE FOOTREST QUALITY BLUETOOTH SPEAKERS LED LIGHTING DETAIL TOUCHSCREEN REMOTE SHORTCUT PANEL USB CHARGING PORT WIRELESS CHARGING Loading Remedy Product Detail... (function () { var baseURL = ""https://RobinChoi00.github.io/Product/Remedy/""; var v = new Date().getTime(); if (!$('link[href*=""Remedy/style.css""]').length) { $('head').append(` `); } $('head').append(` `); $.ajax({ url: baseURL + ""index.html"", data: { v: v }, dataType: ""html"", success: function (data) { var parser = new DOMParser(); var doc = parser.parseFromString(data, ""text/html""); var $content = $(doc.body).contents(); $content.find('img').each(function () { var src = $(this).attr('src'); if (src && !src.startsWith('http')) { $(this).attr('src', baseURL + src); } }); $content.find('script').remove(); $('#remedy-content-anchor').empty().append($content); var script = document.createElement(""script""); script.src = baseURL + ""script.js?v="" + v; script.defer = true; document.body.appendChild(script); }, error: function () { $('#remedy-content-anchor').html(' Failed to load Remedy content. Please check the repository path. '); } }); })();
[Available Options & Prices]
- [Color: Black / Delivery: Curbside Delivery - Free / Warranty: 1 Year(Parts/Labor) 2&3 Year(Parts Only) - Free] => Total Price: $3999.0 | Availability: Stock info unavailable
- [Color: Black / Delivery: Curbside Delivery - Free / Warranty: 1 Year Extended(Parts/Labor) - $249.95] => Total Price: $4248.95 | Availability: Stock info unavailable
- [Color: Black / Delivery: Curbside Delivery - Free / Warranty: 2 Year Extended(Parts/Labor) - $349.95] => Total Price: $4348.95 | Availability: Stock info unavailable
- [Color: Black / Delivery: White Glove Delivery (Installation) - $275 / Warranty: 1 Year(Parts/Labor) 2&3 Year(Parts Only) - Free] => Total Price: $4274.0 | Availability: Stock info unavailable
- [Color: Black / Delivery: White Glove Delivery (Installation) - $275 / Warranty: 1 Year Extended(Parts/Labor) - $249.95] => Total Price: $4523.95 | Availability: Stock info unavailable
- [Color: Black / Delivery: White Glove Delivery (Installation) - $275 / Warranty: 2 Year Extended(Parts/Labor) - $349.95] => Total Price: $4623.95 | Availability: Stock info unavailable
- [Color: Brown / Delivery: Curbside Delivery - Free / Warranty: 1 Year(Parts/Labor) 2&3 Year(Parts Only) - Free] => Total Price: $3999.0 | Availability: Stock info unavailable
- [Color: Brown / Delivery: Curbside Delivery - Free / Warranty: 1 Year Extended(Parts/Labor) - $249.95] => Total Price: $4248.95 | Availability: Stock info unavailable
- [Color: Brown / Delivery: Curbside Delivery - Free / Warranty: 2 Year Extended(Parts/Labor) - $349.95] => Total Price: $4348.95 | Availability: Stock info unavailable
- [Color: Brown / Delivery: White Glove Delivery (Installation) - $275 / Warranty: 1 Year(Parts/Labor) 2&3 Year(Parts Only) - Free] => Total Price: $4274.0 | Availability: Stock info unavailable
- [Color: Brown / Delivery: White Glove Delivery (Installation) - $275 / Warranty: 1 Year Extended(Parts/Labor) - $249.95] => Total Price: $4523.95 | Availability: Stock info unavailable
- [Color: Brown / Delivery: White Glove Delivery (Installation) - $275 / Warranty: 2 Year Extended(Parts/Labor) - $349.95] => Total Price: $4623.95 | Availability: Stock info unavailable
- [Color: Taupe / Delivery: Curbside Delivery - Free / Warranty: 1 Year(Parts/Labor) 2&3 Year(Parts Only) - Free] => Total Price: $3999.0 | Availability: Stock info unavailable
- [Color: Taupe / Delivery: Curbside Delivery - Free / Warranty: 1 Year Extended(Parts/Labor) - $249.95] => Total Price: $4248.95 | Availability: Stock info unavailable
- [Color: Taupe / Delivery: Curbside Delivery - Free / Warranty: 2 Year Extended(Parts/Labor) - $349.95] => Total Price: $4348.95 | Availability: Stock info unavailable
- [Color: Taupe / Delivery: White Glove Delivery (Installation) - $275 / Warranty: 1 Year(Parts/Labor) 2&3 Year(Parts Only) - Free] => Total Price: $4274.0 | Availability: Stock info unavailable
- [Color: Taupe / Delivery: White Glove Delivery (Installation) - $275 / Warranty: 1 Year Extended(Parts/Labor) - $249.95] => Total Price: $4523.95 | Availability: Stock info unavailable
- [Color: Taupe / Delivery: White Glove Delivery (Installation) - $275 / Warranty: 2 Year Extended(Parts/Labor) - $349.95] => Total Price: $4623.95 | Availability: Stock info unavailable",3999.0,Massage Chair,"Official Titan Massage Chair l Osaki, Titan & AmaMedic Brands"
titan-telos,"Product Name: Titan Telos
Description: 2D Massage Mechanism Touchscreen Controller 12 Auto Massage Modes 5 Manual Massage Modes SL Track Automatic Body Scan 24 Cell Full Body Air Massage Lumbar Heating Zero Gravity Space Saving Spring-loaded Extendable Footrest Foot Rollers Bluetooth Speakers const externalURL = ""https://ota-shawn.github.io/Products/Titan/Titan%20Telos.html"" $(""#externalURL"").load(externalURL, () => { $(""#externalURL"").contents().unwrap() })
[Available Options & Prices]
- [Color: Brown / Delivery: Curbside Delivery - Free / Warranty: 1 Year(Parts/Labor) 2&3 Year(Parts Only) - Free] => Total Price: $1999.0 | Availability: Stock info unavailable
- [Color: Brown / Delivery: Curbside Delivery - Free / Warranty: 1 Year Extended(Parts/Labor) - $249.95] => Total Price: $2248.95 | Availability: Stock info unavailable
- [Color: Brown / Delivery: Curbside Delivery - Free / Warranty: 2 Year Extended(Parts/Labor) - $349.95] => Total Price: $2348.95 | Availability: Stock info unavailable
- [Color: Brown / Delivery: White Glove Delivery (Installation)- $275 / Warranty: 1 Year(Parts/Labor) 2&3 Year(Parts Only) - Free] => Total Price: $2274.0 | Availability: Stock info unavailable
- [Color: Brown / Delivery: White Glove Delivery (Installation)- $275 / Warranty: 1 Year Extended(Parts/Labor) - $249.95] => Total Price: $2523.95 | Availability: Stock info unavailable
- [Color: Brown / Delivery: White Glove Delivery (Installation)- $275 / Warranty: 2 Year Extended(Parts/Labor) - $349.95] => Total Price: $2623.95 | Availability: Stock info unavailable
- [Color: Taupe / Delivery: Curbside Delivery - Free / Warranty: 1 Year(Parts/Labor) 2&3 Year(Parts Only) - Free] => Total Price: $1999.0 | Availability: Stock info unavailable
- [Color: Taupe / Delivery: Curbside Delivery - Free / Warranty: 1 Year Extended(Parts/Labor) - $249.95] => Total Price: $2248.95 | Availability: Stock info unavailable
- [Color: Taupe / Delivery: Curbside Delivery - Free / Warranty: 2 Year Extended(Parts/Labor) - $349.95] => Total Price: $2348.95 | Availability: Stock info unavailable
- [Color: Taupe / Delivery: White Glove Delivery (Installation)- $275 / Warranty: 1 Year(Parts/Labor) 2&3 Year(Parts Only) - Free] => Total Price: $2274.0 | Availability: Stock info unavailable
- [Color: Taupe / Delivery: White Glove Delivery (Installation)- $275 / Warranty: 1 Year Extended(Parts/Labor) - $249.95] => Total Price: $2523.95 | Availability: Stock info unavailable
- [Color: Taupe / Delivery: White Glove Delivery (Installation)- $275 / Warranty: 2 Year Extended(Parts/Labor) - $349.95] => Total Price: $2623.95 | Availability: Stock info unavailable
- [Color: Black / Delivery: Curbside Delivery - Free / Warranty: 1 Year(Parts/Labor) 2&3 Year(Parts Only) - Free] => Total Price: $1999.0 | Availability: Stock info unavailable
- [Color: Black / Delivery: Curbside Delivery - Free / Warranty: 1 Year Extended(Parts/Labor) - $249.95] => Total Price: $2248.95 | Availability: Stock info unavailable
- [Color: Black / Delivery: Curbside Delivery - Free / Warranty: 2 Year Extended(Parts/Labor) - $349.95] => Total Price: $2348.95 | Availability: Stock info unavailable
- [Color: Black / Delivery: White Glove Delivery (Installation)- $275 / Warranty: 1 Year(Parts/Labor) 2&3 Year(Parts Only) - Free] => Total Price: $2274.0 | Availability: Stock info unavailable
- [Color: Black / Delivery: White Glove Delivery (Installation)- $275 / Warranty: 1 Year Extended(Parts/Labor) - $249.95] => Total Price: $2523.95 | Availability: Stock info unavailable
- [Color: Black / Delivery: White Glove Delivery (Installation)- $275 / Warranty: 2 Year Extended(Parts/Labor) - $349.95] => Total Price: $2623.95 | Availability: Stock info unavailable",1999.0,Massage Chair,Titan
titan-ti-reflex-3d,"Product Name: Titan TI Reflex 3D
Description: 44-Cell Full Body Air Massage SL Track 3D Massage Mechanism 1 Stage Zero Gravity Automatic Body Scan Space Saving Technology Automatic Extendable Footrest Lumbar &amp; Feet Heat Therapy 8 Auto Massage Programs 5 Manual Programs Unique Toe &amp; Ankle Stretch Calf Kneading &amp; Foot Rollers Wireless Charging Shortcut Panels Removable Headrest const externalURL = ""https://ota-shawn.github.io/Products/Titan/Reflex.html""; $(""#externalURL"").load(externalURL, () => { $(""#externalURL"").contents().unwrap(); });
[Available Options & Prices]
- [Color: Brown / Delivery: Curbside - Free / Warranty: 1 Year (Parts/Labor) 2&3 Year (Parts Only) - Free] => Total Price: $1999.0 | Availability: Stock info unavailable
- [Color: Brown / Delivery: Curbside - Free / Warranty: 1 Year Extended (Parts/Labor) - $249.95] => Total Price: $2248.95 | Availability: Stock info unavailable
- [Color: Brown / Delivery: Curbside - Free / Warranty: 2 Year Extended (Parts/Labor) - $349.95] => Total Price: $2348.95 | Availability: Stock info unavailable
- [Color: Brown / Delivery: White Glove - $275 / Warranty: 1 Year (Parts/Labor) 2&3 Year (Parts Only) - Free] => Total Price: $2274.0 | Availability: Stock info unavailable
- [Color: Brown / Delivery: White Glove - $275 / Warranty: 1 Year Extended (Parts/Labor) - $249.95] => Total Price: $2523.95 | Availability: Stock info unavailable
- [Color: Brown / Delivery: White Glove - $275 / Warranty: 2 Year Extended (Parts/Labor) - $349.95] => Total Price: $2623.95 | Availability: Stock info unavailable
- [Color: Black / Delivery: Curbside - Free / Warranty: 1 Year (Parts/Labor) 2&3 Year (Parts Only) - Free] => Total Price: $1999.0 | Availability: Stock info unavailable
- [Color: Black / Delivery: Curbside - Free / Warranty: 1 Year Extended (Parts/Labor) - $249.95] => Total Price: $2248.95 | Availability: Stock info unavailable
- [Color: Black / Delivery: Curbside - Free / Warranty: 2 Year Extended (Parts/Labor) - $349.95] => Total Price: $2348.95 | Availability: Stock info unavailable
- [Color: Black / Delivery: White Glove - $275 / Warranty: 1 Year (Parts/Labor) 2&3 Year (Parts Only) - Free] => Total Price: $2274.0 | Availability: Stock info unavailable
- [Color: Black / Delivery: White Glove - $275 / Warranty: 1 Year Extended (Parts/Labor) - $249.95] => Total Price: $2523.95 | Availability: Stock info unavailable
- [Color: Black / Delivery: White Glove - $275 / Warranty: 2 Year Extended (Parts/Labor) - $349.95] => Total Price: $2623.95 | Availability: Stock info unavailable
- [Color: Taupe / Delivery: Curbside - Free / Warranty: 1 Year (Parts/Labor) 2&3 Year (Parts Only) - Free] => Total Price: $1999.0 | Availability: Stock info unavailable
- [Color: Taupe / Delivery: Curbside - Free / Warranty: 1 Year Extended (Parts/Labor) - $249.95] => Total Price: $2248.95 | Availability: Stock info unavailable
- [Color: Taupe / Delivery: Curbside - Free / Warranty: 2 Year Extended (Parts/Labor) - $349.95] => Total Price: $2348.95 | Availability: Stock info unavailable
- [Color: Taupe / Delivery: White Glove - $275 / Warranty: 1 Year (Parts/Labor) 2&3 Year (Parts Only) - Free] => Total Price: $2274.0 | Availability: Stock info unavailable
- [Color: Taupe / Delivery: White Glove - $275 / Warranty: 1 Year Extended (Parts/Labor) - $249.95] => Total Price: $2523.95 | Availability: Stock info unavailable
- [Color: Taupe / Delivery: White Glove - $275 / Warranty: 2 Year Extended (Parts/Labor) - $349.95] => Total Price: $2623.95 | Availability: Stock info unavailable",1999.0,Massage Chair,Titan
titan-tp-cosmo,"Product Name: Titan TP-Cosmo
Description: Intelligent Voice Control 2D Massage Mechanism SL-Track Full Body Compression Massage Lumbar Heat Therapy Convenient Shortcut Panel Surround Sound Bluetooth Speakers 6 Auto Programs &amp; 5 Massage Styles 3 Steps Zero Gravity Space Saving Technology Extendable Footrest const externalURL = ""https://ota-shawn.github.io/Products/Titan/Titan%20TP-Cosmo.html""; $(""#externalURL"").load(externalURL, () => { $(""#externalURL"").contents().unwrap(); });
[Available Options & Prices]
- [Color: Black / Delivery: Curbside Delivery - Free / Warranty: 1 Year(Parts/Labor) 2&3 Year(Parts Only) - Free] => Total Price: $1499.0 | Availability: Stock info unavailable
- [Color: Black / Delivery: Curbside Delivery - Free / Warranty: 1 Year Extended(Parts/Labor) - $249.95] => Total Price: $1748.95 | Availability: Stock info unavailable
- [Color: Black / Delivery: Curbside Delivery - Free / Warranty: 2 Year Extended(Parts/Labor) - $349.95] => Total Price: $1848.95 | Availability: Stock info unavailable
- [Color: Black / Delivery: White Glove Delivery - $275 / Warranty: 1 Year(Parts/Labor) 2&3 Year(Parts Only) - Free] => Total Price: $1774.0 | Availability: Stock info unavailable
- [Color: Black / Delivery: White Glove Delivery - $275 / Warranty: 1 Year Extended(Parts/Labor) - $249.95] => Total Price: $2023.95 | Availability: Stock info unavailable
- [Color: Black / Delivery: White Glove Delivery - $275 / Warranty: 2 Year Extended(Parts/Labor) - $349.95] => Total Price: $2123.95 | Availability: Stock info unavailable
- [Color: Brown / Delivery: Curbside Delivery - Free / Warranty: 1 Year(Parts/Labor) 2&3 Year(Parts Only) - Free] => Total Price: $1499.0 | Availability: Stock info unavailable
- [Color: Brown / Delivery: Curbside Delivery - Free / Warranty: 1 Year Extended(Parts/Labor) - $249.95] => Total Price: $1748.95 | Availability: Stock info unavailable
- [Color: Brown / Delivery: Curbside Delivery - Free / Warranty: 2 Year Extended(Parts/Labor) - $349.95] => Total Price: $1848.95 | Availability: Stock info unavailable
- [Color: Brown / Delivery: White Glove Delivery - $275 / Warranty: 1 Year(Parts/Labor) 2&3 Year(Parts Only) - Free] => Total Price: $1774.0 | Availability: Stock info unavailable
- [Color: Brown / Delivery: White Glove Delivery - $275 / Warranty: 1 Year Extended(Parts/Labor) - $249.95] => Total Price: $2023.95 | Availability: Stock info unavailable
- [Color: Brown / Delivery: White Glove Delivery - $275 / Warranty: 2 Year Extended(Parts/Labor) - $349.95] => Total Price: $2123.95 | Availability: Stock info unavailable
- [Color: Taupe / Delivery: Curbside Delivery - Free / Warranty: 1 Year(Parts/Labor) 2&3 Year(Parts Only) - Free] => Total Price: $1499.0 | Availability: Stock info unavailable
- [Color: Taupe / Delivery: Curbside Delivery - Free / Warranty: 1 Year Extended(Parts/Labor) - $249.95] => Total Price: $1748.95 | Availability: Stock info unavailable
- [Color: Taupe / Delivery: Curbside Delivery - Free / Warranty: 2 Year Extended(Parts/Labor) - $349.95] => Total Price: $1848.95 | Availability: Stock info unavailable
- [Color: Taupe / Delivery: White Glove Delivery - $275 / Warranty: 1 Year(Parts/Labor) 2&3 Year(Parts Only) - Free] => Total Price: $1774.0 | Availability: Stock info unavailable
- [Color: Taupe / Delivery: White Glove Delivery - $275 / Warranty: 1 Year Extended(Parts/Labor) - $249.95] => Total Price: $2023.95 | Availability: Stock info unavailable
- [Color: Taupe / Delivery: White Glove Delivery - $275 / Warranty: 2 Year Extended(Parts/Labor) - $349.95] => Total Price: $2123.95 | Availability: Stock info unavailable",1499.0,Massage Chair,Titan
titan-tp-epic-4d,"Product Name: Titan TP-Epic 4D
Description: 4D Massage Mechanism Attentive Body Scan SL-Track 36 Air Cell Full Body Compression 3 Stage Zero Gravity Space Saving Technology Lumbar Heat Therapy 12 Auto Programs with 6 Massage Styles Two-roller Foot Massage Surround Sound Bluetooth Speakers USB Charger &amp; Remote Holder INTENSITY LEVEL 5 - 8 const externalURL = ""https://RobinChoi00.github.io/Product/ReEpic/ReEpic_productPage.html?v=20260217""; $(""#externalURL"").load(externalURL, () => { $(""#externalURL"").contents().unwrap(); const script = document.createElement(""script""); script.src = ""https://RobinChoi00.github.io/Product/ReEpic/ReEpic_script.js?v=20250501""; script.defer = true; document.body.appendChild(script); });
[Available Options & Prices]
- [Color: Black / Delivery: Curbside Delivery - Free / Warranty: 1 Year (Parts/Labor) 2&3 Year (Parts Only) - Free] => Total Price: $3999.0 | Availability: Stock info unavailable
- [Color: Black / Delivery: Curbside Delivery - Free / Warranty: 1 Year Extended (Parts/Labor) - $249.95] => Total Price: $4248.95 | Availability: Stock info unavailable
- [Color: Black / Delivery: Curbside Delivery - Free / Warranty: 2 Year Extended (Parts/Labor) - $349.95] => Total Price: $4348.95 | Availability: Stock info unavailable
- [Color: Black / Delivery: White Glove Delivery - $275 / Warranty: 1 Year (Parts/Labor) 2&3 Year (Parts Only) - Free] => Total Price: $4274.0 | Availability: Stock info unavailable
- [Color: Black / Delivery: White Glove Delivery - $275 / Warranty: 1 Year Extended (Parts/Labor) - $249.95] => Total Price: $4523.95 | Availability: Stock info unavailable
- [Color: Black / Delivery: White Glove Delivery - $275 / Warranty: 2 Year Extended (Parts/Labor) - $349.95] => Total Price: $4623.95 | Availability: Stock info unavailable
- [Color: Brown / Delivery: Curbside Delivery - Free / Warranty: 1 Year (Parts/Labor) 2&3 Year (Parts Only) - Free] => Total Price: $3999.0 | Availability: Stock info unavailable
- [Color: Brown / Delivery: Curbside Delivery - Free / Warranty: 1 Year Extended (Parts/Labor) - $249.95] => Total Price: $4248.95 | Availability: Stock info unavailable
- [Color: Brown / Delivery: Curbside Delivery - Free / Warranty: 2 Year Extended (Parts/Labor) - $349.95] => Total Price: $4348.95 | Availability: Stock info unavailable
- [Color: Brown / Delivery: White Glove Delivery - $275 / Warranty: 1 Year (Parts/Labor) 2&3 Year (Parts Only) - Free] => Total Price: $4274.0 | Availability: Stock info unavailable
- [Color: Brown / Delivery: White Glove Delivery - $275 / Warranty: 1 Year Extended (Parts/Labor) - $249.95] => Total Price: $4523.95 | Availability: Stock info unavailable
- [Color: Brown / Delivery: White Glove Delivery - $275 / Warranty: 2 Year Extended (Parts/Labor) - $349.95] => Total Price: $4623.95 | Availability: Stock info unavailable
- [Color: Taupe / Delivery: Curbside Delivery - Free / Warranty: 1 Year (Parts/Labor) 2&3 Year (Parts Only) - Free] => Total Price: $3999.0 | Availability: Stock info unavailable
- [Color: Taupe / Delivery: Curbside Delivery - Free / Warranty: 1 Year Extended (Parts/Labor) - $249.95] => Total Price: $4248.95 | Availability: Stock info unavailable
- [Color: Taupe / Delivery: Curbside Delivery - Free / Warranty: 2 Year Extended (Parts/Labor) - $349.95] => Total Price: $4348.95 | Availability: Stock info unavailable
- [Color: Taupe / Delivery: White Glove Delivery - $275 / Warranty: 1 Year (Parts/Labor) 2&3 Year (Parts Only) - Free] => Total Price: $4274.0 | Availability: Stock info unavailable
- [Color: Taupe / Delivery: White Glove Delivery - $275 / Warranty: 1 Year Extended (Parts/Labor) - $249.95] => Total Price: $4523.95 | Availability: Stock info unavailable
- [Color: Taupe / Delivery: White Glove Delivery - $275 / Warranty: 2 Year Extended (Parts/Labor) - $349.95] => Total Price: $4623.95 | Availability: Stock info unavailable",3999.0,Massage Chair,Titan
titan-v03-cabinet,"Product Name: Titan V03 Vending Massage chair
Description: EGG-SHAPED SPACE CAPSULE 10 CELL AIR MASSAGE SPACE-SAVING DESIGN WEAR &amp; DIRT RESISTANT LED LIGHTING WIRELESS CHARGING SEAT OCCUPANCY DETECTION INTUITIVE CONTROL PANEL 1 YEAR WARRANTY const externalURL = ""https://RobinChoi00.github.io/Product/V03/V03.html""; $(""#externalURL"").load(externalURL, () => { $(""#externalURL"").contents().unwrap(); // HTML 로드 후 JS 삽입 const script = document.createElement(""script""); script.src = ""https://RobinChoi00.github.io/Product/V03/V03_script.js""; script.defer = true; document.body.appendChild(script); });
[Available Options & Prices]
- [Color: Black / Delievery: Curbside - Free / Option: Chair] => Total Price: $2999.0 | Availability: Stock info unavailable
- [Color: Black / Delievery: Curbside - Free / Option: Payment box] => Total Price: $2499.0 | Availability: Stock info unavailable
- [Color: Black / Delievery: White Glove - $275 / Option: Chair] => Total Price: $3274.0 | Availability: Stock info unavailable
- [Color: Black / Delievery: White Glove - $275 / Option: Payment box] => Total Price: $2774.0 | Availability: Stock info unavailable
- [Color: Brown / Delievery: Curbside - Free / Option: Chair] => Total Price: $2999.0 | Availability: Stock info unavailable
- [Color: Brown / Delievery: Curbside - Free / Option: Payment box] => Total Price: $2499.0 | Availability: Stock info unavailable
- [Color: Brown / Delievery: White Glove - $275 / Option: Chair] => Total Price: $3274.0 | Availability: Stock info unavailable
- [Color: Brown / Delievery: White Glove - $275 / Option: Payment box] => Total Price: $2774.0 | Availability: Stock info unavailable",2499.0,Vending Chair,Titan
tp-4d-8500-max,"Product Name: TP-4D 8500 MAX
Description: Dual Rail System Computer Body Scan Intelligent Voice Control Deep Calf Kneading 4D Massage Mechanism Lumbar &amp; Feet Heating 24 Auto Programs 6 Manual Programs 32 Cell Full Body Air Massage 4.5 inches Extendable Footrest const externalURL = ""https://ota-shawn.github.io/Products/Titan/TP-4D%208500%20MAX.html"" const $j = jQuery.noConflict(true) $j(""#externalURL"").load(externalURL, () => { $j(""#externalURL"").contents().unwrap() })
[Available Options & Prices]
- [Color: Black / Delivery: Curbside Delivery - Free / Warranty: 1 Year(Parts/Labor) 2&3 Year(Parts Only) - Free] => Total Price: $8999.0 | Availability: Stock info unavailable
- [Color: Black / Delivery: Curbside Delivery - Free / Warranty: 1 Year Extended(Parts/Labor) - $249.95] => Total Price: $9248.95 | Availability: Stock info unavailable
- [Color: Black / Delivery: Curbside Delivery - Free / Warranty: 2 Year Extended(Parts/Labor) - $349.95] => Total Price: $9348.95 | Availability: Stock info unavailable
- [Color: Black / Delivery: White Glove Delivery (Installation)- $275 / Warranty: 1 Year(Parts/Labor) 2&3 Year(Parts Only) - Free] => Total Price: $9274.0 | Availability: Stock info unavailable
- [Color: Black / Delivery: White Glove Delivery (Installation)- $275 / Warranty: 1 Year Extended(Parts/Labor) - $249.95] => Total Price: $9523.95 | Availability: Stock info unavailable
- [Color: Black / Delivery: White Glove Delivery (Installation)- $275 / Warranty: 2 Year Extended(Parts/Labor) - $349.95] => Total Price: $9623.95 | Availability: Stock info unavailable
- [Color: Brown / Delivery: Curbside Delivery - Free / Warranty: 1 Year(Parts/Labor) 2&3 Year(Parts Only) - Free] => Total Price: $8999.0 | Availability: Stock info unavailable
- [Color: Brown / Delivery: Curbside Delivery - Free / Warranty: 1 Year Extended(Parts/Labor) - $249.95] => Total Price: $9248.95 | Availability: Stock info unavailable
- [Color: Brown / Delivery: Curbside Delivery - Free / Warranty: 2 Year Extended(Parts/Labor) - $349.95] => Total Price: $9348.95 | Availability: Stock info unavailable
- [Color: Brown / Delivery: White Glove Delivery (Installation)- $275 / Warranty: 1 Year(Parts/Labor) 2&3 Year(Parts Only) - Free] => Total Price: $9274.0 | Availability: Stock info unavailable
- [Color: Brown / Delivery: White Glove Delivery (Installation)- $275 / Warranty: 1 Year Extended(Parts/Labor) - $249.95] => Total Price: $9523.95 | Availability: Stock info unavailable
- [Color: Brown / Delivery: White Glove Delivery (Installation)- $275 / Warranty: 2 Year Extended(Parts/Labor) - $349.95] => Total Price: $9623.95 | Availability: Stock info unavailable
- [Color: Taupe / Delivery: Curbside Delivery - Free / Warranty: 1 Year(Parts/Labor) 2&3 Year(Parts Only) - Free] => Total Price: $8999.0 | Availability: Stock info unavailable
- [Color: Taupe / Delivery: Curbside Delivery - Free / Warranty: 1 Year Extended(Parts/Labor) - $249.95] => Total Price: $9248.95 | Availability: Stock info unavailable
- [Color: Taupe / Delivery: Curbside Delivery - Free / Warranty: 2 Year Extended(Parts/Labor) - $349.95] => Total Price: $9348.95 | Availability: Stock info unavailable
- [Color: Taupe / Delivery: White Glove Delivery (Installation)- $275 / Warranty: 1 Year(Parts/Labor) 2&3 Year(Parts Only) - Free] => Total Price: $9274.0 | Availability: Stock info unavailable
- [Color: Taupe / Delivery: White Glove Delivery (Installation)- $275 / Warranty: 1 Year Extended(Parts/Labor) - $249.95] => Total Price: $9523.95 | Availability: Stock info unavailable
- [Color: Taupe / Delivery: White Glove Delivery (Installation)- $275 / Warranty: 2 Year Extended(Parts/Labor) - $349.95] => Total Price: $9623.95 | Availability: Stock info unavailable",8999.0,Massage Chair,Titan
tp-ronin-4d,"Product Name: TP-Ronin 4D
Description: Dual Rail System Computer Body Scan Intelligent Voice Control Deep Calf Kneading 4D Massage Mechanism Lumbar &amp; Feet Heating 24 Auto Programs 6 Manual Programs 32 Cell Full Body Air Massage 4.5 inches Extendable Footrest const externalURL = ""https://ota-shawn.github.io/Products/Titan/TP-Ronin%204D.html"" const $j = jQuery.noConflict(true) $j(""#externalURL"").load(externalURL, () => { $j(""#externalURL"").contents().unwrap() })
[Available Options & Prices]
- [Color: Black / Delivery: Curbside Delivery - Free / Warranty: 1 Year(Parts/Labor) 2&3 Year(Parts Only) - Free] => Total Price: $8999.0 | Availability: Stock info unavailable
- [Color: Black / Delivery: Curbside Delivery - Free / Warranty: 1 Year Extended(Parts/Labor) - $249.95] => Total Price: $9248.95 | Availability: Stock info unavailable
- [Color: Black / Delivery: Curbside Delivery - Free / Warranty: 2 Year Extended(Parts/Labor) - $349.95] => Total Price: $9348.95 | Availability: Stock info unavailable
- [Color: Black / Delivery: White Glove Delivery (Installation)- $275 / Warranty: 1 Year(Parts/Labor) 2&3 Year(Parts Only) - Free] => Total Price: $9274.0 | Availability: Stock info unavailable
- [Color: Black / Delivery: White Glove Delivery (Installation)- $275 / Warranty: 1 Year Extended(Parts/Labor) - $249.95] => Total Price: $9523.95 | Availability: Stock info unavailable
- [Color: Black / Delivery: White Glove Delivery (Installation)- $275 / Warranty: 2 Year Extended(Parts/Labor) - $349.95] => Total Price: $9623.95 | Availability: Stock info unavailable
- [Color: Brown / Delivery: Curbside Delivery - Free / Warranty: 1 Year(Parts/Labor) 2&3 Year(Parts Only) - Free] => Total Price: $8999.0 | Availability: Stock info unavailable
- [Color: Brown / Delivery: Curbside Delivery - Free / Warranty: 1 Year Extended(Parts/Labor) - $249.95] => Total Price: $9248.95 | Availability: Stock info unavailable
- [Color: Brown / Delivery: Curbside Delivery - Free / Warranty: 2 Year Extended(Parts/Labor) - $349.95] => Total Price: $9348.95 | Availability: Stock info unavailable
- [Color: Brown / Delivery: White Glove Delivery (Installation)- $275 / Warranty: 1 Year(Parts/Labor) 2&3 Year(Parts Only) - Free] => Total Price: $9274.0 | Availability: Stock info unavailable
- [Color: Brown / Delivery: White Glove Delivery (Installation)- $275 / Warranty: 1 Year Extended(Parts/Labor) - $249.95] => Total Price: $9523.95 | Availability: Stock info unavailable
- [Color: Brown / Delivery: White Glove Delivery (Installation)- $275 / Warranty: 2 Year Extended(Parts/Labor) - $349.95] => Total Price: $9623.95 | Availability: Stock info unavailable
- [Color: Taupe / Delivery: Curbside Delivery - Free / Warranty: 1 Year(Parts/Labor) 2&3 Year(Parts Only) - Free] => Total Price: $8999.0 | Availability: Stock info unavailable
- [Color: Taupe / Delivery: Curbside Delivery - Free / Warranty: 1 Year Extended(Parts/Labor) - $249.95] => Total Price: $9248.95 | Availability: Stock info unavailable
- [Color: Taupe / Delivery: Curbside Delivery - Free / Warranty: 2 Year Extended(Parts/Labor) - $349.95] => Total Price: $9348.95 | Availability: Stock info unavailable
- [Color: Taupe / Delivery: White Glove Delivery (Installation)- $275 / Warranty: 1 Year(Parts/Labor) 2&3 Year(Parts Only) - Free] => Total Price: $9274.0 | Availability: Stock info unavailable
- [Color: Taupe / Delivery: White Glove Delivery (Installation)- $275 / Warranty: 1 Year Extended(Parts/Labor) - $249.95] => Total Price: $9523.95 | Availability: Stock info unavailable
- [Color: Taupe / Delivery: White Glove Delivery (Installation)- $275 / Warranty: 2 Year Extended(Parts/Labor) - $349.95] => Total Price: $9623.95 | Availability: Stock info unavailable",8999.0,Massage Chair,Titan
ultra-2,"Product Name: Ultra 2
Description: 3D Massage Mechanism Brushless Motor Automatic Body Scan Zero Gravity Technology 4” Space-Saving Design SL-Track System 12 Auto Massage Programs 5 Manual Massage Programs Wide Armrest 32-Cell Full Body Air Massage Silent Foot Rollers Spring-Loaded Extendable Footrest Adjustable Lumbar Heating const externalURL = ""https://ota-shawn.github.io/Products/Titan/Ultra%202.html"" $(""#externalURL"").load(externalURL, () => { $(""#externalURL"").contents().unwrap() })
[Available Options & Prices]
- [Color: Taupe / Delivery: Curbside Delivery - Free / Warranty: 1 Year (Parts/Labor) 2&3 Year (Parts Only) - Free] => Total Price: $4999.0 | Availability: Stock info unavailable
- [Color: Taupe / Delivery: Curbside Delivery - Free / Warranty: 1 Year Extended (Parts/Labor) - $249.95] => Total Price: $5248.95 | Availability: Stock info unavailable
- [Color: Taupe / Delivery: Curbside Delivery - Free / Warranty: 2 Year Extended (Parts/Labor) - $349.95] => Total Price: $5348.95 | Availability: Stock info unavailable
- [Color: Taupe / Delivery: White Glove Delivery - $275 / Warranty: 1 Year (Parts/Labor) 2&3 Year (Parts Only) - Free] => Total Price: $5274.0 | Availability: Stock info unavailable
- [Color: Taupe / Delivery: White Glove Delivery - $275 / Warranty: 1 Year Extended (Parts/Labor) - $249.95] => Total Price: $5523.95 | Availability: Stock info unavailable
- [Color: Taupe / Delivery: White Glove Delivery - $275 / Warranty: 2 Year Extended (Parts/Labor) - $349.95] => Total Price: $5623.95 | Availability: Stock info unavailable
- [Color: Dark Brown / Delivery: Curbside Delivery - Free / Warranty: 1 Year (Parts/Labor) 2&3 Year (Parts Only) - Free] => Total Price: $4999.0 | Availability: Stock info unavailable
- [Color: Dark Brown / Delivery: Curbside Delivery - Free / Warranty: 1 Year Extended (Parts/Labor) - $249.95] => Total Price: $5248.95 | Availability: Stock info unavailable
- [Color: Dark Brown / Delivery: Curbside Delivery - Free / Warranty: 2 Year Extended (Parts/Labor) - $349.95] => Total Price: $5348.95 | Availability: Stock info unavailable
- [Color: Dark Brown / Delivery: White Glove Delivery - $275 / Warranty: 1 Year (Parts/Labor) 2&3 Year (Parts Only) - Free] => Total Price: $5274.0 | Availability: Stock info unavailable
- [Color: Dark Brown / Delivery: White Glove Delivery - $275 / Warranty: 1 Year Extended (Parts/Labor) - $249.95] => Total Price: $5523.95 | Availability: Stock info unavailable
- [Color: Dark Brown / Delivery: White Glove Delivery - $275 / Warranty: 2 Year Extended (Parts/Labor) - $349.95] => Total Price: $5623.95 | Availability: Stock info unavailable
- [Color: Black / Delivery: Curbside Delivery - Free / Warranty: 1 Year (Parts/Labor) 2&3 Year (Parts Only) - Free] => Total Price: $4999.0 | Availability: Stock info unavailable
- [Color: Black / Delivery: Curbside Delivery - Free / Warranty: 1 Year Extended (Parts/Labor) - $249.95] => Total Price: $5248.95 | Availability: Stock info unavailable
- [Color: Black / Delivery: Curbside Delivery - Free / Warranty: 2 Year Extended (Parts/Labor) - $349.95] => Total Price: $5348.95 | Availability: Stock info unavailable
- [Color: Black / Delivery: White Glove Delivery - $275 / Warranty: 1 Year (Parts/Labor) 2&3 Year (Parts Only) - Free] => Total Price: $5274.0 | Availability: Stock info unavailable
- [Color: Black / Delivery: White Glove Delivery - $275 / Warranty: 1 Year Extended (Parts/Labor) - $249.95] => Total Price: $5523.95 | Availability: Stock info unavailable
- [Color: Black / Delivery: White Glove Delivery - $275 / Warranty: 2 Year Extended (Parts/Labor) - $349.95] => Total Price: $5623.95 | Availability: Stock info unavailable",4999.0,Massage Chair,Titan
v03-chairstwo-and-nayax-boxone-and-cash-readerone-bundle,"Product Name: V03 Chairs(Two) and Nayax Card Reader(One) Bundle🔥
Description: EGG-SHAPED SPACE CAPSULE 10 CELL AIR MASSAGE SPACE-SAVING DESIGN WEAR &amp; DIRT RESISTANT LED LIGHTING WIRELESS CHARGING SEAT OCCUPANCY DETECTION INTUITIVE CONTROL PANEL const externalURL = ""https://RobinChoi00.github.io/Product/V03/V03.html""; $(""#externalURL"").load(externalURL, () => { $(""#externalURL"").contents().unwrap(); // HTML 로드 후 JS 삽입 const script = document.createElement(""script""); script.src = ""https://RobinChoi00.github.io/Product/V03/V03_script.js""; script.defer = true; document.body.appendChild(script); });
[Available Options & Prices]
- [Color: Two Black + Nayax Box / Delivery: Curbside Delivery - Free / Warranty: 3 Year (Parts Only) - Free] => Total Price: $7999.0 | Availability: Stock info unavailable
- [Color: Two Brown + Nayax Box / Delivery: Curbside Delivery - Free / Warranty: 3 Year (Parts Only) - Free] => Total Price: $7999.0 | Availability: Stock info unavailable
- [Color: One Black + One Brown + Nayax Box / Delivery: Curbside Delivery - Free / Warranty: 3 Year (Parts Only) - Free] => Total Price: $7999.0 | Availability: Stock info unavailable",7999.0,Massage Chair,Osaki USA
ventura-3d,"Product Name: Ventura 3D+
Description: 3D+ Massage Mechanism Automatic Body Scan SL Track 32-Cell Full Body Air Massage Back &amp; Calf Heat Therapy Foot Roller Scraping Spring Loaded Extendable Footrest Space Saving Technology 15 Auto Massage Programs 9 Massage Modes const externalURL = ""https://ota-shawn.github.io/Products/Osaki/Ventura.html""; $(""#externalURL"").load(externalURL, () => { $(""#externalURL"").contents().unwrap(); });
[Available Options & Prices]
- [Color: Taupe / Delivery: Curbside - Free / Warranty: 1 Year (Parts/Labor) 2&3 Year (Parts Only) - Free] => Total Price: $5999.0 | Availability: Stock info unavailable
- [Color: Taupe / Delivery: Curbside - Free / Warranty: 1 Year Extended (Parts/Labor) - $249.95] => Total Price: $6248.95 | Availability: Stock info unavailable
- [Color: Taupe / Delivery: Curbside - Free / Warranty: 2 Year Extended (Parts/Labor) - $349.95] => Total Price: $6348.95 | Availability: Stock info unavailable
- [Color: Taupe / Delivery: White Glove - $275 / Warranty: 1 Year (Parts/Labor) 2&3 Year (Parts Only) - Free] => Total Price: $6274.0 | Availability: Stock info unavailable
- [Color: Taupe / Delivery: White Glove - $275 / Warranty: 1 Year Extended (Parts/Labor) - $249.95] => Total Price: $6523.95 | Availability: Stock info unavailable
- [Color: Taupe / Delivery: White Glove - $275 / Warranty: 2 Year Extended (Parts/Labor) - $349.95] => Total Price: $6623.95 | Availability: Stock info unavailable
- [Color: Black / Delivery: Curbside - Free / Warranty: 1 Year (Parts/Labor) 2&3 Year (Parts Only) - Free] => Total Price: $5999.0 | Availability: Stock info unavailable
- [Color: Black / Delivery: Curbside - Free / Warranty: 1 Year Extended (Parts/Labor) - $249.95] => Total Price: $6248.95 | Availability: Stock info unavailable
- [Color: Black / Delivery: Curbside - Free / Warranty: 2 Year Extended (Parts/Labor) - $349.95] => Total Price: $6348.95 | Availability: Stock info unavailable
- [Color: Black / Delivery: White Glove - $275 / Warranty: 1 Year (Parts/Labor) 2&3 Year (Parts Only) - Free] => Total Price: $6274.0 | Availability: Stock info unavailable
- [Color: Black / Delivery: White Glove - $275 / Warranty: 1 Year Extended (Parts/Labor) - $249.95] => Total Price: $6523.95 | Availability: Stock info unavailable
- [Color: Black / Delivery: White Glove - $275 / Warranty: 2 Year Extended (Parts/Labor) - $349.95] => Total Price: $6623.95 | Availability: Stock info unavailable
- [Color: Brown / Delivery: Curbside - Free / Warranty: 1 Year (Parts/Labor) 2&3 Year (Parts Only) - Free] => Total Price: $5999.0 | Availability: Stock info unavailable
- [Color: Brown / Delivery: Curbside - Free / Warranty: 1 Year Extended (Parts/Labor) - $249.95] => Total Price: $6248.95 | Availability: Stock info unavailable
- [Color: Brown / Delivery: Curbside - Free / Warranty: 2 Year Extended (Parts/Labor) - $349.95] => Total Price: $6348.95 | Availability: Stock info unavailable
- [Color: Brown / Delivery: White Glove - $275 / Warranty: 1 Year (Parts/Labor) 2&3 Year (Parts Only) - Free] => Total Price: $6274.0 | Availability: Stock info unavailable
- [Color: Brown / Delivery: White Glove - $275 / Warranty: 1 Year Extended (Parts/Labor) - $249.95] => Total Price: $6523.95 | Availability: Stock info unavailable
- [Color: Brown / Delivery: White Glove - $275 / Warranty: 2 Year Extended (Parts/Labor) - $349.95] => Total Price: $6623.95 | Availability: Stock info unavailable",5999.0,Massage Chair,Osaki
virtus,"Product Name: Osaki Virtus Duo 4D
Description: INTELLIGENT HEALTH DETECTION 4D+3D DUAL MECHANISM MASSAGE SYSTEM INTELLIGENT VOICE CONTROL CALF-KNEADING MASSAGE BODY SCAN TECHNOLOGY 3-STAGE ZERO GRAVITY RECLINING SL-TRACK SYSTEM SPACE-SAVING TECHNOLOGY 30-CELL AIR COMRESSION MASSAGE LUMBAR &amp; CALF HEATING THERAPY 20 AUTO PROGRAMS 9 MANUAL MODES 3 SPECIALIZED FOOT ROLLERS AUTOMATIC EXTENDABLE FOOTREST TOUCHSCREEN REMOTE WIRELESS CHARGING PORT SHORTCUT PANELS USB-A CHARGING PORT LED LIGHTING DETAILS BLUETOOTH SPEAKERS Loading Virtus Product Detail... (function () { // [Engineering Setup] 경로 및 캐시 방지(Cache Busting) 변수 설정 var baseURL = ""https://RobinChoi00.github.io/Product/Virtus/""; var v = new Date().getTime(); // 항상 최신 버전을 불러오기 위한 타임스탬프 // 1) CSS Injection (스타일 시트 동적 로드) if (!$('link[href*=""Virtus/style.css""]').length) { $('head').append(` `); } // 2) 💡 [핵심 수정] Google Fonts Integration (Virtus 디자인 시스템에 맞춘 Poppins 폰트 적용) $('head').append(` `); // 3) HTML Fetching & Image Path Repairing $.ajax({ url: baseURL + ""index.html"", data: { v: v }, dataType: ""html"", success: function (data) { var parser = new DOMParser(); var doc = parser.parseFromString(data, ""text/html""); var $content = $(doc.body).contents(); // [Path Repair] 상대 경로 이미지를 절대 경로(GitHub)로 변환하여 엑스박스(Broken image) 방어 $content.find('img').each(function () { var src = $(this).attr('src'); if (src && !src.startsWith('http')) { $(this).attr('src', baseURL + src); } }); // [Security] XSS 방어를 위해 인라인 스크립트 제거 후 DOM에 안전하게 삽입 $content.find('script').remove(); $('#Virtus-content-anchor').empty().append($content); // 4) External JS Execution (슬라이더, 팝업 등 동적 스크립트 실행) var script = document.createElement(""script""); script.src = baseURL + ""script.js?v="" + v; script.defer = true; document.body.appendChild(script); }, error: function () { // 에러 발생 시 Fallback UI 제공 $('#Virtus-content-anchor').html(' Failed to load Virtus content. Please refresh the page. '); } }); })();
[Available Options & Prices]
- [Color: Black / Delivery: Curbside - Free / Warranty: 5 Year(3 Years Full Service & Additional 2 Years Parts)] => Total Price: $9999.0 | Availability: Stock info unavailable
- [Color: Black / Delivery: White Glove - $275 / Warranty: 5 Year(3 Years Full Service & Additional 2 Years Parts)] => Total Price: $10274.0 | Availability: Stock info unavailable
- [Color: Brown / Delivery: Curbside - Free / Warranty: 5 Year(3 Years Full Service & Additional 2 Years Parts)] => Total Price: $9999.0 | Availability: Stock info unavailable
- [Color: Brown / Delivery: White Glove - $275 / Warranty: 5 Year(3 Years Full Service & Additional 2 Years Parts)] => Total Price: $10274.0 | Availability: Stock info unavailable
- [Color: Taupe / Delivery: Curbside - Free / Warranty: 5 Year(3 Years Full Service & Additional 2 Years Parts)] => Total Price: $9999.0 | Availability: Stock info unavailable
- [Color: Taupe / Delivery: White Glove - $275 / Warranty: 5 Year(3 Years Full Service & Additional 2 Years Parts)] => Total Price: $10274.0 | Availability: Stock info unavailable",9999.0,Massage Chair,Osaki
wcdr001,"Product Name: LED Dermal Toning Wand
Description: A targeted LED therapy applicator designed to support skin tone, recovery, and overall treatment enhancement across multiple service types. Key Highlights LED light therapy for targeted skin support Enhances recovery and post-treatment results Ideal for pairing with facials and RF treatments Non-invasive and relaxing for clients Supports consistent, repeat treatments Adds value to both standalone and bundled services Treatments LED Skin Toning Post-Facial Recovery Glow Enhancement Therapy const externalURL = ""https://ota-shawn.github.io/Products/Others/Kavvia/RF%20Eye%20Rejuvenating%20Wand.html"" $(""#externalURL"").load(externalURL, () => { $(""#externalURL"").contents().unwrap() })
[Available Options & Prices]
- [Title: Default Title] => Total Price: $149.0 | Availability: Stock info unavailable",149.0,Massage Chair,KAVVIA
wcer001,"Product Name: RF Eye Rejuvenating Wand
Description: A delicate, precision RF device designed for the eye area—helping improve the appearance of fine lines and overall skin quality. Key Highlights Designed specifically for sensitive eye-area treatments Helps improve appearance of fine lines and skin texture Popular add-on to facial treatments Quick, non-invasive procedure Enhances overall facial rejuvenation results High client demand for eye-focused treatment Treatments Eye Rejuvenation Fine Line Reduction (Eye Area) Under-Eye Tightening const externalURL = ""https://ota-shawn.github.io/Products/Others/Kavvia/RF%20Eye%20Rejuvenating%20Wand.html"" $(""#externalURL"").load(externalURL, () => { $(""#externalURL"").contents().unwrap() })
[Available Options & Prices]
- [Title: Default Title] => Total Price: $179.0 | Availability: Stock info unavailable",179.0,Massage Chair,KAVVIA
wcfs001,"Product Name: RF Facial Sculpting Wand
Description: A precision RF treatment applicator designed to contour, tighten, and enhance facial features—ideal for targeted treatments and premium add-on services. Key Highlights Focused RF energy for facial tightening and contouring Enhances jawline definition and skin firmness Ideal as an add-on to facial and skin treatments Non-invasive with no downtime Increases treatment customization and personalization Supports higher ticket pricing through targeted results Treatments Facial Contouring Jawline Sculpting Skin Tightening Add-On const externalURL = ""https://ota-shawn.github.io/Products/Others/Kavvia/RF%20Eye%20Rejuvenating%20Wand.html"" $(""#externalURL"").load(externalURL, () => { $(""#externalURL"").contents().unwrap() })
[Available Options & Prices]
- [Title: Default Title] => Total Price: $179.0 | Availability: Stock info unavailable",179.0,Massage Chair,KAVVIA
wcnc001,"Product Name: RF Neck Contouring Wand
Description: RF Neck Contouring Wand A specialized RF applicator designed to address one of the most in-demand treatment areas—neck tightening and skin rejuvenation. Key Highlights Targets loose skin and texture in the neck area High-demand anti-aging treatment zone Ideal for combination with HIFU or RF treatments Quick treatment time with strong visual improvement Great upsell during consultations Enhances full-face rejuvenation packages Treatments Neck Tightening Anti-Aging Neck Therapy const externalURL = ""https://ota-shawn.github.io/Products/Others/Kavvia/LED%20Dermal%20Toning%20Wand.html"" $(""#externalURL"").load(externalURL, () => { $(""#externalURL"").contents().unwrap() })
[Available Options & Prices]
- [Title: Default Title] => Total Price: $149.0 | Availability: Stock info unavailable",149.0,Massage Chair,KAVVIA
zena-vending-chair,"Product Name: Zena Vending Chair
Description: SL-Track Reclining &amp; Space Saving Modular Chair Fence Led Lighting Side Panel Wireless Charging &amp; Usb 12-Cell Air Massage const externalURL = ""https://ota-shawn.github.io/Products/Titan/Zena%20Vending%20Chair.html"" $(""#externalURL"").load(externalURL, () => { $(""#externalURL"").contents().unwrap() })
[Available Options & Prices]
- [Color: Black / Delivery: Curbside Delivery - Free / Warranty: 3 Year (Parts Only) - Free] => Total Price: $2999.0 | Availability: Stock info unavailable
- [Color: Brown / Delivery: Curbside Delivery - Free / Warranty: 3 Year (Parts Only) - Free] => Total Price: $2999.0 | Availability: Stock info unavailable",2999.0,Vending Chair,Titan
zena-vending-chair-fence,"Product Name: Zena Vending Chair Fence
Description: Note: Massage chair and Nayax box are not included with this product. This product includes one fence unit. With One Fence With Two Fences
[Available Options & Prices]
- [Delivery: Curbside Delivery - Free] => Total Price: $599.0 | Availability: Stock info unavailable",599.0,Vending Chair,Titan
zena-vending-chair-nayax-box,"Product Name: Zena Vending Chair Nayax Box
Description: SL-Track Reclining &amp; Space Saving Modular Chair Fence Led Lighting Side Panel Wireless Charging &amp; Usb 12-Cell Air Massage const externalURL = ""https://ota-shawn.github.io/Products/Titan/Zena%20Vending%20Chair.html"" $(""#externalURL"").load(externalURL, () => { $(""#externalURL"").contents().unwrap() })
[Available Options & Prices]
- [Delivery: Curbside Delivery - Free] => Total Price: $2499.0 | Availability: Stock info unavailable",2499.0,Vending Chair,Titan
zena-vending-chair-two-nayax-box-one-bundle,"Product Name: Zena Vending Chair (Two) and Nayax Card Reader (One) Bundle🔥
Description: SL-Track Reclining &amp; Space Saving Modular Chair Fence Led Lighting Side Panel Wireless Charging &amp; Usb 12-Cell Air Massage const externalURL = ""https://ota-shawn.github.io/Products/Titan/Zena%20Vending%20Chair.html"" $(""#externalURL"").load(externalURL, () => { $(""#externalURL"").contents().unwrap() })
[Available Options & Prices]
- [Color: Two Black + Nayax Box / Delivery: Curbside Delivery - Free / Warranty: 3 Year (Parts Only) - Free] => Total Price: $6999.0 | Availability: Stock info unavailable
- [Color: Two Brown + Nayax Box / Delivery: Curbside Delivery - Free / Warranty: 3 Year (Parts Only) - Free] => Total Price: $6999.0 | Availability: Stock info unavailable
- [Color: One Black + One Brown + Nayax Box / Delivery: Curbside Delivery - Free / Warranty: 3 Year (Parts Only) - Free] => Total Price: $6999.0 | Availability: Stock info unavailable",6999.0,Vending Chair,Titan
